{"type":"FeatureCollection","features":[{"type":"Feature","geometry":{"type":"Point","coordinates":[106.15,11.32]},"properties":{"name":"T\u00e2y Ninh","iso":"VN","pop":126370,"cap":0,"rank":10}},{"type":"Feature","geometry":{"type":"Point","coordinates":[106.76,21.85]},"properties":{"name":"L\u1ea1ng S\u01a1n","iso":"VN","pop":148000,"cap":0,"rank":10}},{"type":"Feature","geometry":{"type":"Point","coordinates":[106.33,20.45]},"properties":{"name":"Th\u00e1i B\u00ecnh","iso":"VN","pop":210000,"cap":0,"rank":10}},{"type":"Feature","geometry":{"type":"Point","coordinates":[106.65,10.97]},"properties":{"name":"Thu Dau Mot","iso":"VN","pop":244277,"cap":0,"rank":10}},{"type":"Feature","geometry":{"type":"Point","coordinates":[105.64,10.47]},"properties":{"name":"Cao L\u00e3nh","iso":"VN","pop":149837,"cap":0,"rank":10}},{"type":"Feature","geometry":{"type":"Point","coordinates":[106.33,9.93]},"properties":{"name":"Tra Vinh","iso":"VN","pop":131360,"cap":0,"rank":10}},{"type":"Feature","geometry":{"type":"Point","coordinates":[105.96,10.26]},"properties":{"name":"V\u0129nh Long","iso":"VN","pop":103314,"cap":0,"rank":10}},{"type":"Feature","geometry":{"type":"Point","coordinates":[30.4,40.77]},"properties":{"name":"Sakarya","iso":"TR","pop":286787,"cap":0,"rank":10}},{"type":"Feature","geometry":{"type":"Point","coordinates":[36.12,36.23]},"properties":{"name":"Antakya","iso":"TR","pop":154803,"cap":0,"rank":10}},{"type":"Feature","geometry":{"type":"Point","coordinates":[36.56,40.31]},"properties":{"name":"Tokat","iso":"TR","pop":129702,"cap":0,"rank":10}},{"type":"Feature","geometry":{"type":"Point","coordinates":[41.93,37.94]},"properties":{"name":"Siirt","iso":"TR","pop":114034,"cap":0,"rank":10}},{"type":"Feature","geometry":{"type":"Point","coordinates":[36.11,32.62]},"properties":{"name":"Dar'a","iso":"SY","pop":146481,"cap":0,"rank":10}},{"type":"Feature","geometry":{"type":"Point","coordinates":[22.89,47.79]},"properties":{"name":"Satu Mare","iso":"RO","pop":112490,"cap":0,"rank":10}},{"type":"Feature","geometry":{"type":"Point","coordinates":[24.38,45.11]},"properties":{"name":"Rimnicu Vilcea","iso":"RO","pop":107558,"cap":0,"rank":10}},{"type":"Feature","geometry":{"type":"Point","coordinates":[26.38,46.94]},"properties":{"name":"Piatra-Neamt","iso":"RO","pop":102688,"cap":0,"rank":10}},{"type":"Feature","geometry":{"type":"Point","coordinates":[27.97,45.29]},"properties":{"name":"Br\u0103ila","iso":"RO","pop":213569,"cap":0,"rank":10}},{"type":"Feature","geometry":{"type":"Point","coordinates":[100.06,13.82]},"properties":{"name":"Nakhon Pathom","iso":"TH","pop":117927,"cap":0,"rank":10}},{"type":"Feature","geometry":{"type":"Point","coordinates":[101.25,6.86]},"properties":{"name":"Pattani","iso":"TH","pop":150000,"cap":0,"rank":10}},{"type":"Feature","geometry":{"type":"Point","coordinates":[31.39,-26.5]},"properties":{"name":"Manzini","iso":"SZ","pop":110537,"cap":0,"rank":10}},{"type":"Feature","geometry":{"type":"Point","coordinates":[5.92,51.99]},"properties":{"name":"Arnhem","iso":"NL","pop":141674,"cap":0,"rank":10}},{"type":"Feature","geometry":{"type":"Point","coordinates":[5.68,50.85]},"properties":{"name":"Maastricht","iso":"NL","pop":122378,"cap":0,"rank":10}},{"type":"Feature","geometry":{"type":"Point","coordinates":[6.1,52.52]},"properties":{"name":"Zwolle","iso":"NL","pop":111805,"cap":0,"rank":10}},{"type":"Feature","geometry":{"type":"Point","coordinates":[5.32,51.68]},"properties":{"name":"'s-Hertogenbosch","iso":"NL","pop":134520,"cap":0,"rank":10}},{"type":"Feature","geometry":{"type":"Point","coordinates":[11.35,59.91]},"properties":{"name":"B\u00e6rum","iso":"NO","pop":113659,"cap":0,"rank":10}},{"type":"Feature","geometry":{"type":"Point","coordinates":[81.23,8.57]},"properties":{"name":"Trincomalee","iso":"LK","pop":108420,"cap":0,"rank":10}},{"type":"Feature","geometry":{"type":"Point","coordinates":[7.49,5.53]},"properties":{"name":"Umuahia","iso":"NG","pop":264662,"cap":0,"rank":10}},{"type":"Feature","geometry":{"type":"Point","coordinates":[7.92,5.04]},"properties":{"name":"Uyo","iso":"NG","pop":554906,"cap":0,"rank":10}},{"type":"Feature","geometry":{"type":"Point","coordinates":[7.03,5.49]},"properties":{"name":"Owerri","iso":"NG","pop":215038,"cap":0,"rank":10}},{"type":"Feature","geometry":{"type":"Point","coordinates":[125.76,38.51]},"properties":{"name":"Sariwon","iso":"KP","pop":154942,"cap":0,"rank":10}},{"type":"Feature","geometry":{"type":"Point","coordinates":[101.55,3.07]},"properties":{"name":"Shah Alam","iso":"MY","pop":481654,"cap":0,"rank":10}},{"type":"Feature","geometry":{"type":"Point","coordinates":[-89.29,13.67]},"properties":{"name":"Nueva San Salvador","iso":"SV","pop":124694,"cap":0,"rank":10}},{"type":"Feature","geometry":{"type":"Point","coordinates":[31.01,30.55]},"properties":{"name":"Shibin el Kom","iso":"EG","pop":182900,"cap":0,"rank":10}},{"type":"Feature","geometry":{"type":"Point","coordinates":[31.18,30.47]},"properties":{"name":"Benha","iso":"EG","pop":167029,"cap":0,"rank":10}},{"type":"Feature","geometry":{"type":"Point","coordinates":[31.52,30.58]},"properties":{"name":"Zagazig","iso":"EG","pop":285097,"cap":0,"rank":10}},{"type":"Feature","geometry":{"type":"Point","coordinates":[30.94,31.11]},"properties":{"name":"Kafr el Sheikh","iso":"EG","pop":143970,"cap":0,"rank":10}},{"type":"Feature","geometry":{"type":"Point","coordinates":[48.0,29.33]},"properties":{"name":"Hawalli","iso":"KW","pop":164212,"cap":0,"rank":10}},{"type":"Feature","geometry":{"type":"Point","coordinates":[-90.02,14.92]},"properties":{"name":"El Progreso","iso":"GT","pop":147197,"cap":0,"rank":10}},{"type":"Feature","geometry":{"type":"Point","coordinates":[-70.69,19.79]},"properties":{"name":"Puerto Plata","iso":"DO","pop":119897,"cap":0,"rank":10}},{"type":"Feature","geometry":{"type":"Point","coordinates":[-70.11,18.42]},"properties":{"name":"San Crist\u00f3bal","iso":"DO","pop":154040,"cap":0,"rank":10}},{"type":"Feature","geometry":{"type":"Point","coordinates":[-68.71,18.62]},"properties":{"name":"Higuey","iso":"DO","pop":123787,"cap":0,"rank":10}},{"type":"Feature","geometry":{"type":"Point","coordinates":[-10.15,8.55]},"properties":{"name":"Gueckedou","iso":"GN","pop":221715,"cap":0,"rank":10}},{"type":"Feature","geometry":{"type":"Point","coordinates":[-5.36,5.84]},"properties":{"name":"Divo","iso":"CI","pop":127867,"cap":0,"rank":10}},{"type":"Feature","geometry":{"type":"Point","coordinates":[64.36,31.58]},"properties":{"name":"Lashkar Gah","iso":"AF","pop":201546,"cap":0,"rank":10}},{"type":"Feature","geometry":{"type":"Point","coordinates":[5.77,36.82]},"properties":{"name":"Jijel","iso":"DZ","pop":148000,"cap":0,"rank":10}},{"type":"Feature","geometry":{"type":"Point","coordinates":[4.05,36.71]},"properties":{"name":"Tizi-Ouzou","iso":"DZ","pop":144000,"cap":0,"rank":10}},{"type":"Feature","geometry":{"type":"Point","coordinates":[4.76,36.08]},"properties":{"name":"Bordj Bou Arr\u00e9ridj","iso":"DZ","pop":140000,"cap":0,"rank":10}},{"type":"Feature","geometry":{"type":"Point","coordinates":[4.55,35.7]},"properties":{"name":"M'sila","iso":"DZ","pop":150000,"cap":0,"rank":10}},{"type":"Feature","geometry":{"type":"Point","coordinates":[7.43,36.47]},"properties":{"name":"Guelma","iso":"DZ","pop":123590,"cap":0,"rank":10}},{"type":"Feature","geometry":{"type":"Point","coordinates":[7.15,35.85]},"properties":{"name":"Oum el Bouaghi","iso":"DZ","pop":100821,"cap":0,"rank":10}},{"type":"Feature","geometry":{"type":"Point","coordinates":[97.04,20.78]},"properties":{"name":"Taunggyi","iso":"MM","pop":160115,"cap":0,"rank":10}},{"type":"Feature","geometry":{"type":"Point","coordinates":[47.33,10.58]},"properties":{"name":"Ceerigaabo","iso":"-99","pop":180000,"cap":0,"rank":10}},{"type":"Feature","geometry":{"type":"Point","coordinates":[-86.09,11.97]},"properties":{"name":"Masaya","iso":"NI","pop":130113,"cap":0,"rank":9}},{"type":"Feature","geometry":{"type":"Point","coordinates":[40.13,30.0]},"properties":{"name":"Sakakah","iso":"SA","pop":128332,"cap":0,"rank":9}},{"type":"Feature","geometry":{"type":"Point","coordinates":[11.97,11.75]},"properties":{"name":"Damaturu","iso":"NG","pop":255895,"cap":0,"rank":9}},{"type":"Feature","geometry":{"type":"Point","coordinates":[8.27,49.98]},"properties":{"name":"Mainz","iso":"DE","pop":184997,"cap":0,"rank":9}},{"type":"Feature","geometry":{"type":"Point","coordinates":[43.0,36.87]},"properties":{"name":"Duhok","iso":"IQ","pop":986000,"cap":0,"rank":9}},{"type":"Feature","geometry":{"type":"Point","coordinates":[43.88,34.19]},"properties":{"name":"Samarra","iso":"IQ","pop":158508,"cap":0,"rank":9}},{"type":"Feature","geometry":{"type":"Point","coordinates":[38.48,7.06]},"properties":{"name":"Awasa","iso":"ET","pop":133097,"cap":0,"rank":9}},{"type":"Feature","geometry":{"type":"Point","coordinates":[50.85,32.32]},"properties":{"name":"Shahrekord","iso":"IR","pop":129153,"cap":0,"rank":9}},{"type":"Feature","geometry":{"type":"Point","coordinates":[51.14,43.69]},"properties":{"name":"Mangyshlak","iso":"KZ","pop":147443,"cap":0,"rank":9}},{"type":"Feature","geometry":{"type":"Point","coordinates":[121.3,24.96]},"properties":{"name":"Bade","iso":"TW","pop":172065,"cap":0,"rank":9}},{"type":"Feature","geometry":{"type":"Point","coordinates":[121.22,24.94]},"properties":{"name":"Pingzhen","iso":"TW","pop":201632,"cap":0,"rank":9}},{"type":"Feature","geometry":{"type":"Point","coordinates":[121.31,24.99]},"properties":{"name":"Taoyuan","iso":"TW","pop":500000,"cap":0,"rank":8}},{"type":"Feature","geometry":{"type":"Point","coordinates":[121.15,24.92]},"properties":{"name":"Yangmei","iso":"TW","pop":175000,"cap":0,"rank":9}},{"type":"Feature","geometry":{"type":"Point","coordinates":[121.75,24.75]},"properties":{"name":"Yilan","iso":"TW","pop":150000,"cap":0,"rank":8}},{"type":"Feature","geometry":{"type":"Point","coordinates":[121.01,24.83]},"properties":{"name":"Zhubei","iso":"TW","pop":200000,"cap":0,"rank":9}},{"type":"Feature","geometry":{"type":"Point","coordinates":[-54.95,-34.97]},"properties":{"name":"Punta del Este","iso":"UY","pop":159000,"cap":0,"rank":8}},{"type":"Feature","geometry":{"type":"Point","coordinates":[-119.14,46.21]},"properties":{"name":"Kennewick","iso":"US","pop":102504,"cap":0,"rank":8}},{"type":"Feature","geometry":{"type":"Point","coordinates":[-112.17,33.54]},"properties":{"name":"Glendale","iso":"US","pop":500000,"cap":0,"rank":8}},{"type":"Feature","geometry":{"type":"Point","coordinates":[-111.82,33.41]},"properties":{"name":"Mesa","iso":"US","pop":1085394,"cap":0,"rank":8}},{"type":"Feature","geometry":{"type":"Point","coordinates":[-122.27,37.87]},"properties":{"name":"Berkeley","iso":"US","pop":496356,"cap":0,"rank":8}},{"type":"Feature","geometry":{"type":"Point","coordinates":[-117.1,32.67]},"properties":{"name":"National City","iso":"US","pop":150000,"cap":0,"rank":8}},{"type":"Feature","geometry":{"type":"Point","coordinates":[-117.4,33.94]},"properties":{"name":"Riverside","iso":"US","pop":297554,"cap":0,"rank":8}},{"type":"Feature","geometry":{"type":"Point","coordinates":[-122.3,37.54]},"properties":{"name":"San Mateo","iso":"US","pop":626406,"cap":0,"rank":8}},{"type":"Feature","geometry":{"type":"Point","coordinates":[-122.26,38.11]},"properties":{"name":"Vallejo","iso":"US","pop":146289,"cap":0,"rank":8}},{"type":"Feature","geometry":{"type":"Point","coordinates":[-104.81,39.7]},"properties":{"name":"Aurora","iso":"US","pop":587540,"cap":0,"rank":8}},{"type":"Feature","geometry":{"type":"Point","coordinates":[-104.74,40.42]},"properties":{"name":"Greeley","iso":"US","pop":125410,"cap":0,"rank":8}},{"type":"Feature","geometry":{"type":"Point","coordinates":[-94.63,39.11]},"properties":{"name":"Kansas City","iso":"US","pop":501577,"cap":0,"rank":8}},{"type":"Feature","geometry":{"type":"Point","coordinates":[-94.42,39.09]},"properties":{"name":"Independence","iso":"US","pop":148102,"cap":0,"rank":8}},{"type":"Feature","geometry":{"type":"Point","coordinates":[-90.15,29.98]},"properties":{"name":"Metairie","iso":"US","pop":394206,"cap":0,"rank":8}},{"type":"Feature","geometry":{"type":"Point","coordinates":[-96.37,30.67]},"properties":{"name":"Bryan","iso":"US","pop":146692,"cap":0,"rank":8}},{"type":"Feature","geometry":{"type":"Point","coordinates":[-98.23,26.2]},"properties":{"name":"McAllen","iso":"US","pop":364004,"cap":0,"rank":8}},{"type":"Feature","geometry":{"type":"Point","coordinates":[-97.69,26.2]},"properties":{"name":"Harlingen","iso":"US","pop":110339,"cap":0,"rank":8}},{"type":"Feature","geometry":{"type":"Point","coordinates":[-95.15,29.66]},"properties":{"name":"Pasadena","iso":"US","pop":628492,"cap":0,"rank":8}},{"type":"Feature","geometry":{"type":"Point","coordinates":[-97.02,32.68]},"properties":{"name":"Arlington","iso":"US","pop":724777,"cap":0,"rank":8}},{"type":"Feature","geometry":{"type":"Point","coordinates":[-70.25,8.6]},"properties":{"name":"Barinas","iso":"VE","pop":284289,"cap":0,"rank":8}},{"type":"Feature","geometry":{"type":"Point","coordinates":[-70.62,9.32]},"properties":{"name":"Valera","iso":"VE","pop":191167,"cap":0,"rank":8}},{"type":"Feature","geometry":{"type":"Point","coordinates":[-71.45,10.43]},"properties":{"name":"Cabimas","iso":"VE","pop":441094,"cap":0,"rank":8}},{"type":"Feature","geometry":{"type":"Point","coordinates":[-70.08,10.19]},"properties":{"name":"Carora","iso":"VE","pop":149711,"cap":0,"rank":8}},{"type":"Feature","geometry":{"type":"Point","coordinates":[-69.75,9.05]},"properties":{"name":"Guanare","iso":"VE","pop":151642,"cap":0,"rank":8}},{"type":"Feature","geometry":{"type":"Point","coordinates":[-73.54,41.05]},"properties":{"name":"Stamford","iso":"US","pop":746920,"cap":0,"rank":8}},{"type":"Feature","geometry":{"type":"Point","coordinates":[-73.05,41.55]},"properties":{"name":"Waterbury","iso":"US","pop":174236,"cap":0,"rank":8}},{"type":"Feature","geometry":{"type":"Point","coordinates":[-70.94,41.66]},"properties":{"name":"New Bedford","iso":"US","pop":136082,"cap":0,"rank":8}},{"type":"Feature","geometry":{"type":"Point","coordinates":[-72.58,42.12]},"properties":{"name":"Springfield","iso":"US","pop":421780,"cap":0,"rank":8}},{"type":"Feature","geometry":{"type":"Point","coordinates":[-70.88,42.52]},"properties":{"name":"Salem","iso":"US","pop":335509,"cap":0,"rank":8}},{"type":"Feature","geometry":{"type":"Point","coordinates":[-81.73,28.02]},"properties":{"name":"Winter Haven","iso":"US","pop":108932,"cap":0,"rank":8}},{"type":"Feature","geometry":{"type":"Point","coordinates":[-80.61,28.08]},"properties":{"name":"Melbourne","iso":"US","pop":265414,"cap":0,"rank":8}},{"type":"Feature","geometry":{"type":"Point","coordinates":[-81.28,28.79]},"properties":{"name":"Sanford","iso":"US","pop":333460,"cap":0,"rank":8}},{"type":"Feature","geometry":{"type":"Point","coordinates":[-80.13,25.81]},"properties":{"name":"Miami Beach","iso":"US","pop":407750,"cap":0,"rank":8}},{"type":"Feature","geometry":{"type":"Point","coordinates":[-80.27,26.27]},"properties":{"name":"Coral Springs","iso":"US","pop":250000,"cap":0,"rank":8}},{"type":"Feature","geometry":{"type":"Point","coordinates":[-82.55,28.48]},"properties":{"name":"Spring Hill","iso":"US","pop":114697,"cap":0,"rank":8}},{"type":"Feature","geometry":{"type":"Point","coordinates":[-85.66,30.16]},"properties":{"name":"Panama City","iso":"US","pop":100072,"cap":0,"rank":8}},{"type":"Feature","geometry":{"type":"Point","coordinates":[-90.0,34.97]},"properties":{"name":"Southaven","iso":"US","pop":121268,"cap":0,"rank":8}},{"type":"Feature","geometry":{"type":"Point","coordinates":[-81.93,34.95]},"properties":{"name":"Spartanburg","iso":"US","pop":124126,"cap":0,"rank":8}},{"type":"Feature","geometry":{"type":"Point","coordinates":[-88.11,41.53]},"properties":{"name":"Joliet","iso":"US","pop":578460,"cap":0,"rank":8}},{"type":"Feature","geometry":{"type":"Point","coordinates":[-89.07,42.27]},"properties":{"name":"Rockford","iso":"US","pop":255978,"cap":0,"rank":8}},{"type":"Feature","geometry":{"type":"Point","coordinates":[-87.7,42.05]},"properties":{"name":"Evanston","iso":"US","pop":350000,"cap":0,"rank":8}},{"type":"Feature","geometry":{"type":"Point","coordinates":[-90.53,41.49]},"properties":{"name":"Rock Island","iso":"US","pop":165728,"cap":0,"rank":8}},{"type":"Feature","geometry":{"type":"Point","coordinates":[-88.29,42.04]},"properties":{"name":"Elgin","iso":"US","pop":389514,"cap":0,"rank":8}},{"type":"Feature","geometry":{"type":"Point","coordinates":[-86.88,40.42]},"properties":{"name":"Lafayette","iso":"US","pop":133977,"cap":0,"rank":8}},{"type":"Feature","geometry":{"type":"Point","coordinates":[-86.25,41.68]},"properties":{"name":"South Bend","iso":"US","pop":239822,"cap":0,"rank":8}},{"type":"Feature","geometry":{"type":"Point","coordinates":[-85.82,38.31]},"properties":{"name":"New Albany","iso":"US","pop":120625,"cap":0,"rank":8}},{"type":"Feature","geometry":{"type":"Point","coordinates":[-85.97,41.68]},"properties":{"name":"Elkhart","iso":"US","pop":149190,"cap":0,"rank":8}},{"type":"Feature","geometry":{"type":"Point","coordinates":[-78.92,36.0]},"properties":{"name":"Durham","iso":"US","pop":309495,"cap":0,"rank":8}},{"type":"Feature","geometry":{"type":"Point","coordinates":[-87.04,35.61]},"properties":{"name":"Columbia","iso":"US","pop":116091,"cap":0,"rank":8}},{"type":"Feature","geometry":{"type":"Point","coordinates":[-89.84,35.22]},"properties":{"name":"Barlett","iso":"US","pop":286423,"cap":0,"rank":8}},{"type":"Feature","geometry":{"type":"Point","coordinates":[-77.4,37.23]},"properties":{"name":"Petersburg","iso":"US","pop":118577,"cap":0,"rank":8}},{"type":"Feature","geometry":{"type":"Point","coordinates":[-76.35,37.03]},"properties":{"name":"Hampton","iso":"US","pop":366766,"cap":0,"rank":8}},{"type":"Feature","geometry":{"type":"Point","coordinates":[-88.23,43.01]},"properties":{"name":"Waukesha","iso":"US","pop":249912,"cap":0,"rank":8}},{"type":"Feature","geometry":{"type":"Point","coordinates":[-88.4,44.27]},"properties":{"name":"Appleton","iso":"US","pop":203665,"cap":0,"rank":8}},{"type":"Feature","geometry":{"type":"Point","coordinates":[-74.17,40.92]},"properties":{"name":"Paterson","iso":"US","pop":151205,"cap":0,"rank":8}},{"type":"Feature","geometry":{"type":"Point","coordinates":[-73.92,41.7]},"properties":{"name":"Poughkeepsie","iso":"US","pop":170996,"cap":0,"rank":8}},{"type":"Feature","geometry":{"type":"Point","coordinates":[-80.32,40.75]},"properties":{"name":"Beaver Falls","iso":"US","pop":120125,"cap":0,"rank":8}},{"type":"Feature","geometry":{"type":"Point","coordinates":[-76.31,40.04]},"properties":{"name":"Lancaster","iso":"US","pop":209489,"cap":0,"rank":8}},{"type":"Feature","geometry":{"type":"Point","coordinates":[-75.5,40.6]},"properties":{"name":"Allentown","iso":"US","pop":496442,"cap":0,"rank":8}},{"type":"Feature","geometry":{"type":"Point","coordinates":[-64.68,10.17]},"properties":{"name":"Puerto la Cruz","iso":"VE","pop":546616,"cap":0,"rank":8}},{"type":"Feature","geometry":{"type":"Point","coordinates":[-64.46,9.44]},"properties":{"name":"Anaco","iso":"VE","pop":117596,"cap":0,"rank":8}},{"type":"Feature","geometry":{"type":"Point","coordinates":[-67.02,10.42]},"properties":{"name":"Los Teques","iso":"VE","pop":303470,"cap":0,"rank":8}},{"type":"Feature","geometry":{"type":"Point","coordinates":[-66.78,10.12]},"properties":{"name":"Ocumare del Tuy","iso":"VE","pop":166072,"cap":0,"rank":8}},{"type":"Feature","geometry":{"type":"Point","coordinates":[-63.23,10.67]},"properties":{"name":"Car\u00fapano","iso":"VE","pop":126293,"cap":0,"rank":8}},{"type":"Feature","geometry":{"type":"Point","coordinates":[-61.46,10.28]},"properties":{"name":"San Fernando","iso":"TT","pop":166039,"cap":0,"rank":8}},{"type":"Feature","geometry":{"type":"Point","coordinates":[-4.88,36.52]},"properties":{"name":"Marbella","iso":"ES","pop":186131,"cap":0,"rank":8}},{"type":"Feature","geometry":{"type":"Point","coordinates":[-5.45,36.13]},"properties":{"name":"Algeciras","iso":"ES","pop":111027,"cap":0,"rank":8}},{"type":"Feature","geometry":{"type":"Point","coordinates":[-5.57,42.58]},"properties":{"name":"Le\u00f3n","iso":"ES","pop":136227,"cap":0,"rank":8}},{"type":"Feature","geometry":{"type":"Point","coordinates":[2.45,41.54]},"properties":{"name":"Matar\u00f3","iso":"ES","pop":183293,"cap":0,"rank":8}},{"type":"Feature","geometry":{"type":"Point","coordinates":[35.78,35.54]},"properties":{"name":"Latakia","iso":"SY","pop":539147,"cap":0,"rank":8}},{"type":"Feature","geometry":{"type":"Point","coordinates":[37.96,36.53]},"properties":{"name":"Manbij","iso":"SY","pop":120169,"cap":0,"rank":8}},{"type":"Feature","geometry":{"type":"Point","coordinates":[36.63,35.93]},"properties":{"name":"Idlib","iso":"SY","pop":128840,"cap":0,"rank":8}},{"type":"Feature","geometry":{"type":"Point","coordinates":[41.23,37.03]},"properties":{"name":"Al Qamishli","iso":"SY","pop":104107,"cap":0,"rank":8}},{"type":"Feature","geometry":{"type":"Point","coordinates":[40.75,36.48]},"properties":{"name":"Al Hasakah","iso":"SY","pop":128100,"cap":0,"rank":8}},{"type":"Feature","geometry":{"type":"Point","coordinates":[36.4,33.58]},"properties":{"name":"Douma","iso":"SY","pop":496145,"cap":0,"rank":8}},{"type":"Feature","geometry":{"type":"Point","coordinates":[44.39,14.56]},"properties":{"name":"Dhamar","iso":"YE","pop":191259,"cap":0,"rank":8}},{"type":"Feature","geometry":{"type":"Point","coordinates":[44.17,13.98]},"properties":{"name":"Ibb","iso":"YE","pop":234837,"cap":0,"rank":8}},{"type":"Feature","geometry":{"type":"Point","coordinates":[16.56,59.61]},"properties":{"name":"V\u00e4ster\u00e5s","iso":"SE","pop":107194,"cap":0,"rank":8}},{"type":"Feature","geometry":{"type":"Point","coordinates":[31.98,46.97]},"properties":{"name":"Mykolayiv","iso":"UA","pop":510840,"cap":0,"rank":8}},{"type":"Feature","geometry":{"type":"Point","coordinates":[31.3,51.5]},"properties":{"name":"Chernihiv","iso":"UA","pop":307684,"cap":0,"rank":8}},{"type":"Feature","geometry":{"type":"Point","coordinates":[27.0,49.42]},"properties":{"name":"Khmelnytskyy","iso":"UA","pop":398346,"cap":0,"rank":8}},{"type":"Feature","geometry":{"type":"Point","coordinates":[26.58,48.68]},"properties":{"name":"Kamyanets-Podilskyy","iso":"UA","pop":114658,"cap":0,"rank":8}},{"type":"Feature","geometry":{"type":"Point","coordinates":[23.5,49.34]},"properties":{"name":"Drohobych","iso":"UA","pop":124269,"cap":0,"rank":8}},{"type":"Feature","geometry":{"type":"Point","coordinates":[22.25,48.63]},"properties":{"name":"Uzhgorod","iso":"UA","pop":150832,"cap":0,"rank":8}},{"type":"Feature","geometry":{"type":"Point","coordinates":[30.13,49.77]},"properties":{"name":"Bila Tserkva","iso":"UA","pop":199163,"cap":0,"rank":8}},{"type":"Feature","geometry":{"type":"Point","coordinates":[33.21,51.24]},"properties":{"name":"Konotop","iso":"UA","pop":103547,"cap":0,"rank":8}},{"type":"Feature","geometry":{"type":"Point","coordinates":[33.34,47.93]},"properties":{"name":"Kryvyy Rih","iso":"UA","pop":652380,"cap":0,"rank":8}},{"type":"Feature","geometry":{"type":"Point","coordinates":[37.97,48.03]},"properties":{"name":"Makiyivka","iso":"UA","pop":376610,"cap":0,"rank":8}},{"type":"Feature","geometry":{"type":"Point","coordinates":[38.05,48.3]},"properties":{"name":"Horlivka","iso":"UA","pop":396885,"cap":0,"rank":8}},{"type":"Feature","geometry":{"type":"Point","coordinates":[37.53,48.72]},"properties":{"name":"Kramatorsk","iso":"UA","pop":184105,"cap":0,"rank":8}},{"type":"Feature","geometry":{"type":"Point","coordinates":[36.79,46.76]},"properties":{"name":"Berdyansk","iso":"UA","pop":118284,"cap":0,"rank":8}},{"type":"Feature","geometry":{"type":"Point","coordinates":[55.41,25.37]},"properties":{"name":"Sharjah","iso":"AE","pop":1103027,"cap":0,"rank":8}},{"type":"Feature","geometry":{"type":"Point","coordinates":[66.26,39.9]},"properties":{"name":"Kattaqorgon","iso":"UZ","pop":247113,"cap":0,"rank":8}},{"type":"Feature","geometry":{"type":"Point","coordinates":[67.89,38.28]},"properties":{"name":"Denow","iso":"UZ","pop":217274,"cap":0,"rank":8}},{"type":"Feature","geometry":{"type":"Point","coordinates":[68.77,37.84]},"properties":{"name":"Qurghonteppa","iso":"TJ","pop":311574,"cap":0,"rank":8}},{"type":"Feature","geometry":{"type":"Point","coordinates":[70.43,40.29]},"properties":{"name":"Konibodom","iso":"TJ","pop":259876,"cap":0,"rank":8}},{"type":"Feature","geometry":{"type":"Point","coordinates":[69.68,41.55]},"properties":{"name":"Iskandar","iso":"UZ","pop":195633,"cap":0,"rank":8}},{"type":"Feature","geometry":{"type":"Point","coordinates":[69.56,41.45]},"properties":{"name":"Chirchiq","iso":"UZ","pop":167842,"cap":0,"rank":8}},{"type":"Feature","geometry":{"type":"Point","coordinates":[-5.67,43.53]},"properties":{"name":"Gij\u00f3n","iso":"ES","pop":335972,"cap":0,"rank":8}},{"type":"Feature","geometry":{"type":"Point","coordinates":[-2.67,42.85]},"properties":{"name":"Vitoria","iso":"ES","pop":224578,"cap":0,"rank":8}},{"type":"Feature","geometry":{"type":"Point","coordinates":[12.45,41.9]},"properties":{"name":"Vatican City","iso":"VA","pop":832,"cap":1,"rank":8}},{"type":"Feature","geometry":{"type":"Point","coordinates":[-1.38,54.9]},"properties":{"name":"Sunderland","iso":"GB","pop":452934,"cap":0,"rank":8}},{"type":"Feature","geometry":{"type":"Point","coordinates":[-1.4,50.9]},"properties":{"name":"Southampton","iso":"GB","pop":384417,"cap":0,"rank":8}},{"type":"Feature","geometry":{"type":"Point","coordinates":[-2.58,51.45]},"properties":{"name":"Bristol","iso":"GB","pop":553528,"cap":0,"rank":8}},{"type":"Feature","geometry":{"type":"Point","coordinates":[-1.9,50.73]},"properties":{"name":"Bournemouth","iso":"GB","pop":426945,"cap":0,"rank":8}},{"type":"Feature","geometry":{"type":"Point","coordinates":[-3.95,51.63]},"properties":{"name":"Swansea","iso":"GB","pop":294339,"cap":0,"rank":8}},{"type":"Feature","geometry":{"type":"Point","coordinates":[27.85,37.85]},"properties":{"name":"Ayd\u0131n","iso":"TR","pop":198857,"cap":0,"rank":8}},{"type":"Feature","geometry":{"type":"Point","coordinates":[30.53,37.77]},"properties":{"name":"Isparta","iso":"TR","pop":172334,"cap":0,"rank":8}},{"type":"Feature","geometry":{"type":"Point","coordinates":[29.93,39.42]},"properties":{"name":"K\u00fctahya","iso":"TR","pop":185008,"cap":0,"rank":8}},{"type":"Feature","geometry":{"type":"Point","coordinates":[39.23,38.68]},"properties":{"name":"El\u00e2z\u0131\u011f","iso":"TR","pop":271492,"cap":0,"rank":8}},{"type":"Feature","geometry":{"type":"Point","coordinates":[36.95,37.61]},"properties":{"name":"Kahramanmara\u015f","iso":"TR","pop":376045,"cap":0,"rank":8}},{"type":"Feature","geometry":{"type":"Point","coordinates":[34.62,36.8]},"properties":{"name":"Icel","iso":"TR","pop":616990,"cap":0,"rank":8}},{"type":"Feature","geometry":{"type":"Point","coordinates":[34.95,40.52]},"properties":{"name":"Corum","iso":"TR","pop":183418,"cap":0,"rank":8}},{"type":"Feature","geometry":{"type":"Point","coordinates":[40.52,41.02]},"properties":{"name":"Rize","iso":"TR","pop":279450,"cap":0,"rank":8}},{"type":"Feature","geometry":{"type":"Point","coordinates":[127.5,36.64]},"properties":{"name":"Cheongju","iso":"KR","pop":775096,"cap":0,"rank":8}},{"type":"Feature","geometry":{"type":"Point","coordinates":[127.94,37.36]},"properties":{"name":"Wonju","iso":"KR","pop":243387,"cap":0,"rank":8}},{"type":"Feature","geometry":{"type":"Point","coordinates":[127.73,37.87]},"properties":{"name":"Chuncheon","iso":"KR","pop":226509,"cap":0,"rank":8}},{"type":"Feature","geometry":{"type":"Point","coordinates":[126.86,37.35]},"properties":{"name":"Ansan","iso":"KR","pop":739493,"cap":0,"rank":8}},{"type":"Feature","geometry":{"type":"Point","coordinates":[126.95,35.94]},"properties":{"name":"Iksan","iso":"KR","pop":283501,"cap":0,"rank":8}},{"type":"Feature","geometry":{"type":"Point","coordinates":[129.21,35.84]},"properties":{"name":"Gyeongju","iso":"KR","pop":155237,"cap":0,"rank":8}},{"type":"Feature","geometry":{"type":"Point","coordinates":[128.58,35.22]},"properties":{"name":"Changwon","iso":"KR","pop":1081499,"cap":0,"rank":8}},{"type":"Feature","geometry":{"type":"Point","coordinates":[0.72,51.55]},"properties":{"name":"Southend-on-Sea","iso":"GB","pop":618386,"cap":0,"rank":8}},{"type":"Feature","geometry":{"type":"Point","coordinates":[-0.98,51.47]},"properties":{"name":"Reading","iso":"GB","pop":369804,"cap":0,"rank":8}},{"type":"Feature","geometry":{"type":"Point","coordinates":[-1.13,52.63]},"properties":{"name":"Leicester","iso":"GB","pop":457983,"cap":0,"rank":8}},{"type":"Feature","geometry":{"type":"Point","coordinates":[-1.75,53.79]},"properties":{"name":"Bradford","iso":"GB","pop":501700,"cap":0,"rank":8}},{"type":"Feature","geometry":{"type":"Point","coordinates":[-1.5,53.37]},"properties":{"name":"Sheffield","iso":"GB","pop":1292900,"cap":0,"rank":8}},{"type":"Feature","geometry":{"type":"Point","coordinates":[32.6,41.2]},"properties":{"name":"Karab\u00fck","iso":"TR","pop":128564,"cap":0,"rank":8}},{"type":"Feature","geometry":{"type":"Point","coordinates":[41.22,37.07]},"properties":{"name":"Nusaybin","iso":"TR","pop":152668,"cap":0,"rank":8}},{"type":"Feature","geometry":{"type":"Point","coordinates":[16.63,47.23]},"properties":{"name":"Szombathely","iso":"HU","pop":109518,"cap":0,"rank":8}},{"type":"Feature","geometry":{"type":"Point","coordinates":[19.7,46.9]},"properties":{"name":"Kecskem\u00e9t","iso":"HU","pop":113895,"cap":0,"rank":8}},{"type":"Feature","geometry":{"type":"Point","coordinates":[18.41,47.19]},"properties":{"name":"Sz\u00e9kesfeh\u00e9rv\u00e1r","iso":"HU","pop":144319,"cap":0,"rank":8}},{"type":"Feature","geometry":{"type":"Point","coordinates":[21.72,47.97]},"properties":{"name":"Ny\u00edregyh\u00e1za","iso":"HU","pop":176880,"cap":0,"rank":8}},{"type":"Feature","geometry":{"type":"Point","coordinates":[22.67,44.65]},"properties":{"name":"Drobeta-Turnu Severin","iso":"RO","pop":106578,"cap":0,"rank":8}},{"type":"Feature","geometry":{"type":"Point","coordinates":[21.32,46.17]},"properties":{"name":"Arad","iso":"RO","pop":169065,"cap":0,"rank":8}},{"type":"Feature","geometry":{"type":"Point","coordinates":[21.92,47.05]},"properties":{"name":"Oradea","iso":"RO","pop":213830,"cap":0,"rank":8}},{"type":"Feature","geometry":{"type":"Point","coordinates":[24.14,45.8]},"properties":{"name":"Sibiu","iso":"RO","pop":155565,"cap":0,"rank":8}},{"type":"Feature","geometry":{"type":"Point","coordinates":[26.26,47.64]},"properties":{"name":"Suceava","iso":"RO","pop":105796,"cap":0,"rank":8}},{"type":"Feature","geometry":{"type":"Point","coordinates":[26.81,45.16]},"properties":{"name":"Buz\u0103u","iso":"RO","pop":130954,"cap":0,"rank":8}},{"type":"Feature","geometry":{"type":"Point","coordinates":[28.05,45.46]},"properties":{"name":"Gala\u021bi","iso":"RO","pop":311156,"cap":0,"rank":8}},{"type":"Feature","geometry":{"type":"Point","coordinates":[27.19,45.7]},"properties":{"name":"Foc\u0219ani","iso":"RO","pop":105112,"cap":0,"rank":8}},{"type":"Feature","geometry":{"type":"Point","coordinates":[-57.52,-25.34]},"properties":{"name":"San Lorenzo","iso":"PY","pop":500000,"cap":0,"rank":8}},{"type":"Feature","geometry":{"type":"Point","coordinates":[-55.87,-27.35]},"properties":{"name":"Encarnaci\u00f3n","iso":"PY","pop":357119,"cap":0,"rank":8}},{"type":"Feature","geometry":{"type":"Point","coordinates":[-86.36,13.09]},"properties":{"name":"Estel\u00ed","iso":"NI","pop":107839,"cap":0,"rank":8}},{"type":"Feature","geometry":{"type":"Point","coordinates":[-8.42,41.55]},"properties":{"name":"Braga","iso":"PT","pop":826833,"cap":0,"rank":8}},{"type":"Feature","geometry":{"type":"Point","coordinates":[38.05,24.09]},"properties":{"name":"Yanbu al Bahr","iso":"SA","pop":267590,"cap":0,"rank":8}},{"type":"Feature","geometry":{"type":"Point","coordinates":[40.38,21.26]},"properties":{"name":"At Taif","iso":"SA","pop":657282,"cap":0,"rank":8}},{"type":"Feature","geometry":{"type":"Point","coordinates":[5.5,51.43]},"properties":{"name":"Eindhoven","iso":"NL","pop":398053,"cap":0,"rank":8}},{"type":"Feature","geometry":{"type":"Point","coordinates":[24.37,55.74]},"properties":{"name":"Paneve\u017eys","iso":"LT","pop":127405,"cap":0,"rank":8}},{"type":"Feature","geometry":{"type":"Point","coordinates":[23.33,55.94]},"properties":{"name":"\u0160iauliai","iso":"LT","pop":133528,"cap":0,"rank":8}},{"type":"Feature","geometry":{"type":"Point","coordinates":[44.13,17.51]},"properties":{"name":"Najran","iso":"SA","pop":369609,"cap":0,"rank":8}},{"type":"Feature","geometry":{"type":"Point","coordinates":[46.76,23.49]},"properties":{"name":"Al Hillah","iso":"SA","pop":594605,"cap":0,"rank":8}},{"type":"Feature","geometry":{"type":"Point","coordinates":[49.57,25.43]},"properties":{"name":"Al Mubarraz","iso":"SA","pop":298562,"cap":0,"rank":8}},{"type":"Feature","geometry":{"type":"Point","coordinates":[50.01,26.52]},"properties":{"name":"Al-Qatif","iso":"SA","pop":368892,"cap":0,"rank":8}},{"type":"Feature","geometry":{"type":"Point","coordinates":[74.56,32.52]},"properties":{"name":"Sialkote","iso":"PK","pop":477396,"cap":0,"rank":8}},{"type":"Feature","geometry":{"type":"Point","coordinates":[73.99,31.72]},"properties":{"name":"Sheikhu Pura","iso":"PK","pop":361303,"cap":0,"rank":8}},{"type":"Feature","geometry":{"type":"Point","coordinates":[74.08,32.58]},"properties":{"name":"Gujrat","iso":"PK","pop":301506,"cap":0,"rank":8}},{"type":"Feature","geometry":{"type":"Point","coordinates":[73.11,30.67]},"properties":{"name":"Sahiwal","iso":"PK","pop":235695,"cap":0,"rank":8}},{"type":"Feature","geometry":{"type":"Point","coordinates":[72.98,31.72]},"properties":{"name":"Chiniot","iso":"PK","pop":201781,"cap":0,"rank":8}},{"type":"Feature","geometry":{"type":"Point","coordinates":[70.3,28.42]},"properties":{"name":"Rahim Yar Khan","iso":"PK","pop":353203,"cap":0,"rank":8}},{"type":"Feature","geometry":{"type":"Point","coordinates":[75.28,42.83]},"properties":{"name":"Tokmak","iso":"KG","pop":112860,"cap":0,"rank":8}},{"type":"Feature","geometry":{"type":"Point","coordinates":[71.43,33.6]},"properties":{"name":"Kohat","iso":"PK","pop":343027,"cap":0,"rank":8}},{"type":"Feature","geometry":{"type":"Point","coordinates":[73.2,34.15]},"properties":{"name":"Abbottabad","iso":"PK","pop":1183647,"cap":0,"rank":8}},{"type":"Feature","geometry":{"type":"Point","coordinates":[72.04,34.2]},"properties":{"name":"Mardan","iso":"PK","pop":300424,"cap":0,"rank":8}},{"type":"Feature","geometry":{"type":"Point","coordinates":[85.33,27.67]},"properties":{"name":"Lalitpur","iso":"NP","pop":337785,"cap":0,"rank":8}},{"type":"Feature","geometry":{"type":"Point","coordinates":[85.03,27.42]},"properties":{"name":"Hetauda","iso":"NP","pop":232334,"cap":0,"rank":8}},{"type":"Feature","geometry":{"type":"Point","coordinates":[20.75,42.23]},"properties":{"name":"Prizren","iso":"-99","pop":171464,"cap":0,"rank":8}},{"type":"Feature","geometry":{"type":"Point","coordinates":[47.66,29.34]},"properties":{"name":"Al Jahra","iso":"KW","pop":194193,"cap":0,"rank":8}},{"type":"Feature","geometry":{"type":"Point","coordinates":[40.12,44.61]},"properties":{"name":"Maykop","iso":"RU","pop":158451,"cap":0,"rank":8}},{"type":"Feature","geometry":{"type":"Point","coordinates":[43.09,44.08]},"properties":{"name":"Pyatigorsk","iso":"RU","pop":142865,"cap":0,"rank":8}},{"type":"Feature","geometry":{"type":"Point","coordinates":[42.72,43.91]},"properties":{"name":"Kislovodsk","iso":"RU","pop":132771,"cap":0,"rank":8}},{"type":"Feature","geometry":{"type":"Point","coordinates":[41.95,44.62]},"properties":{"name":"Nevinnomyssk","iso":"RU","pop":134380,"cap":0,"rank":8}},{"type":"Feature","geometry":{"type":"Point","coordinates":[30.65,59.73]},"properties":{"name":"Kolpino","iso":"RU","pop":225801,"cap":0,"rank":8}},{"type":"Feature","geometry":{"type":"Point","coordinates":[43.8,55.4]},"properties":{"name":"Arzamas","iso":"RU","pop":142597,"cap":0,"rank":8}},{"type":"Feature","geometry":{"type":"Point","coordinates":[38.5,52.58]},"properties":{"name":"Yelets","iso":"RU","pop":115919,"cap":0,"rank":8}},{"type":"Feature","geometry":{"type":"Point","coordinates":[38.98,55.82]},"properties":{"name":"Orekhovo-Zuevo","iso":"RU","pop":140247,"cap":0,"rank":8}},{"type":"Feature","geometry":{"type":"Point","coordinates":[38.17,56.33]},"properties":{"name":"Sergiyev Posad","iso":"RU","pop":109252,"cap":0,"rank":8}},{"type":"Feature","geometry":{"type":"Point","coordinates":[38.78,55.08]},"properties":{"name":"Kolomna","iso":"RU","pop":147690,"cap":0,"rank":8}},{"type":"Feature","geometry":{"type":"Point","coordinates":[39.74,47.14]},"properties":{"name":"Bataysk","iso":"RU","pop":109962,"cap":0,"rank":8}},{"type":"Feature","geometry":{"type":"Point","coordinates":[38.92,47.23]},"properties":{"name":"Taganrog","iso":"RU","pop":279056,"cap":0,"rank":8}},{"type":"Feature","geometry":{"type":"Point","coordinates":[40.08,47.42]},"properties":{"name":"Novocherkassk","iso":"RU","pop":166974,"cap":0,"rank":8}},{"type":"Feature","geometry":{"type":"Point","coordinates":[38.29,54.01]},"properties":{"name":"Novomoskovsk","iso":"RU","pop":130982,"cap":0,"rank":8}},{"type":"Feature","geometry":{"type":"Point","coordinates":[53.46,54.46]},"properties":{"name":"Oktyabrskiy","iso":"RU","pop":108200,"cap":0,"rank":8}},{"type":"Feature","geometry":{"type":"Point","coordinates":[58.33,51.2]},"properties":{"name":"Novotroitsk","iso":"RU","pop":106186,"cap":0,"rank":8}},{"type":"Feature","geometry":{"type":"Point","coordinates":[49.72,52.97]},"properties":{"name":"Chapayevsk","iso":"RU","pop":107164,"cap":0,"rank":8}},{"type":"Feature","geometry":{"type":"Point","coordinates":[48.48,53.17]},"properties":{"name":"Syzran","iso":"RU","pop":189338,"cap":0,"rank":8}},{"type":"Feature","geometry":{"type":"Point","coordinates":[49.92,53.12]},"properties":{"name":"Novokuybishevsk","iso":"RU","pop":152334,"cap":0,"rank":8}},{"type":"Feature","geometry":{"type":"Point","coordinates":[52.39,55.73]},"properties":{"name":"Naberezhnyye Chelny","iso":"RU","pop":461086,"cap":0,"rank":8}},{"type":"Feature","geometry":{"type":"Point","coordinates":[72.61,61.09]},"properties":{"name":"Nefteyugansk","iso":"RU","pop":112632,"cap":0,"rank":8}},{"type":"Feature","geometry":{"type":"Point","coordinates":[86.17,54.66]},"properties":{"name":"Leninsk Kuznetsky","iso":"RU","pop":109023,"cap":0,"rank":8}},{"type":"Feature","geometry":{"type":"Point","coordinates":[86.64,54.0]},"properties":{"name":"Kiselevsk","iso":"RU","pop":104000,"cap":0,"rank":8}},{"type":"Feature","geometry":{"type":"Point","coordinates":[-105.67,26.93]},"properties":{"name":"Hidalgo del Parral","iso":"MX","pop":103378,"cap":0,"rank":8}},{"type":"Feature","geometry":{"type":"Point","coordinates":[-103.5,25.57]},"properties":{"name":"G\u00f3mez Palacio","iso":"MX","pop":399328,"cap":0,"rank":8}},{"type":"Feature","geometry":{"type":"Point","coordinates":[-99.02,21.98]},"properties":{"name":"Ciudad Valles","iso":"MX","pop":114964,"cap":0,"rank":8}},{"type":"Feature","geometry":{"type":"Point","coordinates":[-98.3,26.08]},"properties":{"name":"Reynosa","iso":"MX","pop":498654,"cap":0,"rank":8}},{"type":"Feature","geometry":{"type":"Point","coordinates":[-97.84,22.32]},"properties":{"name":"Ciudad Madero","iso":"MX","pop":192736,"cap":0,"rank":8}},{"type":"Feature","geometry":{"type":"Point","coordinates":[-98.23,19.32]},"properties":{"name":"Tlaxcala","iso":"MX","pop":503878,"cap":0,"rank":8}},{"type":"Feature","geometry":{"type":"Point","coordinates":[-101.35,20.68]},"properties":{"name":"Irapuato","iso":"MX","pop":339554,"cap":0,"rank":8}},{"type":"Feature","geometry":{"type":"Point","coordinates":[-100.8,20.53]},"properties":{"name":"Celaya","iso":"MX","pop":383697,"cap":0,"rank":8}},{"type":"Feature","geometry":{"type":"Point","coordinates":[-99.5,17.55]},"properties":{"name":"Chilpancingo","iso":"MX","pop":182387,"cap":0,"rank":8}},{"type":"Feature","geometry":{"type":"Point","coordinates":[-99.54,18.37]},"properties":{"name":"Iguala","iso":"MX","pop":112106,"cap":0,"rank":8}},{"type":"Feature","geometry":{"type":"Point","coordinates":[-99.03,19.41]},"properties":{"name":"Nezahualcoyotl","iso":"MX","pop":1109363,"cap":0,"rank":8}},{"type":"Feature","geometry":{"type":"Point","coordinates":[-100.0,20.38]},"properties":{"name":"San Juan del R\u00edo","iso":"MX","pop":147559,"cap":0,"rank":8}},{"type":"Feature","geometry":{"type":"Point","coordinates":[-97.13,18.85]},"properties":{"name":"Orizaba","iso":"MX","pop":355333,"cap":0,"rank":8}},{"type":"Feature","geometry":{"type":"Point","coordinates":[-96.92,19.53]},"properties":{"name":"Xalapa","iso":"MX","pop":452186,"cap":0,"rank":8}},{"type":"Feature","geometry":{"type":"Point","coordinates":[-92.63,16.75]},"properties":{"name":"San Cristobal de Las Casas","iso":"MX","pop":186661,"cap":0,"rank":8}},{"type":"Feature","geometry":{"type":"Point","coordinates":[-92.63,15.33]},"properties":{"name":"Escuintla","iso":"MX","pop":107638,"cap":0,"rank":8}},{"type":"Feature","geometry":{"type":"Point","coordinates":[4.18,7.63]},"properties":{"name":"Iwo","iso":"NG","pop":250443,"cap":0,"rank":8}},{"type":"Feature","geometry":{"type":"Point","coordinates":[20.97,42.01]},"properties":{"name":"Tetovo","iso":"MK","pop":119132,"cap":0,"rank":8}},{"type":"Feature","geometry":{"type":"Point","coordinates":[35.37,33.56]},"properties":{"name":"Saida","iso":"LB","pop":173894,"cap":0,"rank":8}},{"type":"Feature","geometry":{"type":"Point","coordinates":[20.49,53.77]},"properties":{"name":"Olsztyn","iso":"PL","pop":186670,"cap":0,"rank":8}},{"type":"Feature","geometry":{"type":"Point","coordinates":[19.4,54.15]},"properties":{"name":"Elbl\u0105g","iso":"PL","pop":127558,"cap":0,"rank":8}},{"type":"Feature","geometry":{"type":"Point","coordinates":[18.91,50.35]},"properties":{"name":"Bytom","iso":"PL","pop":662247,"cap":0,"rank":8}},{"type":"Feature","geometry":{"type":"Point","coordinates":[17.93,50.68]},"properties":{"name":"Opole","iso":"PL","pop":131412,"cap":0,"rank":8}},{"type":"Feature","geometry":{"type":"Point","coordinates":[56.75,59.67]},"properties":{"name":"Solikamsk","iso":"RU","pop":100812,"cap":0,"rank":8}},{"type":"Feature","geometry":{"type":"Point","coordinates":[126.56,37.96]},"properties":{"name":"Kaesong","iso":"KP","pop":338155,"cap":0,"rank":8}},{"type":"Feature","geometry":{"type":"Point","coordinates":[126.3,41.15]},"properties":{"name":"Manpo","iso":"KP","pop":186827,"cap":0,"rank":8}},{"type":"Feature","geometry":{"type":"Point","coordinates":[125.94,39.42]},"properties":{"name":"Sunchon","iso":"KP","pop":400629,"cap":0,"rank":8}},{"type":"Feature","geometry":{"type":"Point","coordinates":[10.92,44.65]},"properties":{"name":"Modena","iso":"IT","pop":175502,"cap":0,"rank":8}},{"type":"Feature","geometry":{"type":"Point","coordinates":[15.64,38.11]},"properties":{"name":"Reggio di Calabria","iso":"IT","pop":180353,"cap":0,"rank":8}},{"type":"Feature","geometry":{"type":"Point","coordinates":[14.34,41.06]},"properties":{"name":"Caserta","iso":"IT","pop":250000,"cap":0,"rank":8}},{"type":"Feature","geometry":{"type":"Point","coordinates":[16.27,41.32]},"properties":{"name":"Barletta","iso":"IT","pop":107830,"cap":0,"rank":8}},{"type":"Feature","geometry":{"type":"Point","coordinates":[35.85,32.55]},"properties":{"name":"Irbid","iso":"JO","pop":650000,"cap":0,"rank":8}},{"type":"Feature","geometry":{"type":"Point","coordinates":[35.73,32.04]},"properties":{"name":"As Salt","iso":"JO","pop":140689,"cap":0,"rank":8}},{"type":"Feature","geometry":{"type":"Point","coordinates":[36.1,32.07]},"properties":{"name":"Az Zarqa","iso":"JO","pop":894691,"cap":0,"rank":8}},{"type":"Feature","geometry":{"type":"Point","coordinates":[8.62,45.45]},"properties":{"name":"Novara","iso":"IT","pop":100910,"cap":0,"rank":8}},{"type":"Feature","geometry":{"type":"Point","coordinates":[9.08,45.81]},"properties":{"name":"Como","iso":"IT","pop":250000,"cap":0,"rank":8}},{"type":"Feature","geometry":{"type":"Point","coordinates":[13.24,46.07]},"properties":{"name":"Udine","iso":"IT","pop":119009,"cap":0,"rank":8}},{"type":"Feature","geometry":{"type":"Point","coordinates":[12.24,45.67]},"properties":{"name":"Treviso","iso":"IT","pop":177309,"cap":0,"rank":8}},{"type":"Feature","geometry":{"type":"Point","coordinates":[97.73,39.83]},"properties":{"name":"Yumen","iso":"CN","pop":350000,"cap":0,"rank":8}},{"type":"Feature","geometry":{"type":"Point","coordinates":[103.2,35.6]},"properties":{"name":"Linxia","iso":"CN","pop":534555,"cap":0,"rank":8}},{"type":"Feature","geometry":{"type":"Point","coordinates":[115.79,39.54]},"properties":{"name":"Zhuozhou","iso":"CN","pop":628000,"cap":0,"rank":8}},{"type":"Feature","geometry":{"type":"Point","coordinates":[117.58,26.23]},"properties":{"name":"Sanming","iso":"CN","pop":209444,"cap":0,"rank":8}},{"type":"Feature","geometry":{"type":"Point","coordinates":[114.4,23.08]},"properties":{"name":"Huizhou","iso":"CN","pop":289201,"cap":0,"rank":8}},{"type":"Feature","geometry":{"type":"Point","coordinates":[116.63,23.68]},"properties":{"name":"Chaozhou","iso":"CN","pop":424787,"cap":0,"rank":8}},{"type":"Feature","geometry":{"type":"Point","coordinates":[6.12,45.9]},"properties":{"name":"Annecy","iso":"FR","pop":105749,"cap":0,"rank":8}},{"type":"Feature","geometry":{"type":"Point","coordinates":[-78.46,-0.31]},"properties":{"name":"Sangolqu\u00ed","iso":"EC","pop":178582,"cap":0,"rank":8}},{"type":"Feature","geometry":{"type":"Point","coordinates":[-72.94,5.72]},"properties":{"name":"Sogamoso","iso":"CO","pop":126551,"cap":0,"rank":8}},{"type":"Feature","geometry":{"type":"Point","coordinates":[-73.85,7.09]},"properties":{"name":"Barrancabermeja","iso":"CO","pop":191403,"cap":0,"rank":8}},{"type":"Feature","geometry":{"type":"Point","coordinates":[-83.93,9.87]},"properties":{"name":"Cartago","iso":"CR","pop":196946,"cap":0,"rank":8}},{"type":"Feature","geometry":{"type":"Point","coordinates":[-84.23,10.02]},"properties":{"name":"Alajuela","iso":"CR","pop":387743,"cap":0,"rank":8}},{"type":"Feature","geometry":{"type":"Point","coordinates":[-89.73,13.72]},"properties":{"name":"Sonsonate","iso":"SV","pop":168947,"cap":0,"rank":8}},{"type":"Feature","geometry":{"type":"Point","coordinates":[-88.18,13.48]},"properties":{"name":"San Miguel","iso":"SV","pop":201563,"cap":0,"rank":8}},{"type":"Feature","geometry":{"type":"Point","coordinates":[-78.76,21.84]},"properties":{"name":"Ciego de \u00c1vila","iso":"CU","pop":142027,"cap":0,"rank":8}},{"type":"Feature","geometry":{"type":"Point","coordinates":[-76.0,20.22]},"properties":{"name":"Palma Soriano","iso":"CU","pop":102826,"cap":0,"rank":8}},{"type":"Feature","geometry":{"type":"Point","coordinates":[-77.23,17.97]},"properties":{"name":"May Pen","iso":"JM","pop":135142,"cap":0,"rank":8}},{"type":"Feature","geometry":{"type":"Point","coordinates":[-76.95,17.98]},"properties":{"name":"Spanish Town","iso":"JM","pop":432704,"cap":0,"rank":8}},{"type":"Feature","geometry":{"type":"Point","coordinates":[-74.81,4.31]},"properties":{"name":"Girardot","iso":"CO","pop":130289,"cap":0,"rank":8}},{"type":"Feature","geometry":{"type":"Point","coordinates":[-75.91,4.75]},"properties":{"name":"Cartago","iso":"CO","pop":134827,"cap":0,"rank":8}},{"type":"Feature","geometry":{"type":"Point","coordinates":[-74.77,10.92]},"properties":{"name":"Soledad","iso":"CO","pop":698852,"cap":0,"rank":8}},{"type":"Feature","geometry":{"type":"Point","coordinates":[-74.74,9.23]},"properties":{"name":"Magangu\u00e9","iso":"CO","pop":100313,"cap":0,"rank":8}},{"type":"Feature","geometry":{"type":"Point","coordinates":[-73.25,10.48]},"properties":{"name":"Valledupar","iso":"CO","pop":308237,"cap":0,"rank":8}},{"type":"Feature","geometry":{"type":"Point","coordinates":[8.53,52.03]},"properties":{"name":"Bielefeld","iso":"DE","pop":331906,"cap":0,"rank":8}},{"type":"Feature","geometry":{"type":"Point","coordinates":[7.45,51.53]},"properties":{"name":"Dortmund","iso":"DE","pop":588462,"cap":0,"rank":8}},{"type":"Feature","geometry":{"type":"Point","coordinates":[6.75,51.43]},"properties":{"name":"Duisburg","iso":"DE","pop":1276757,"cap":0,"rank":8}},{"type":"Feature","geometry":{"type":"Point","coordinates":[7.17,51.25]},"properties":{"name":"Wuppertal","iso":"DE","pop":776525,"cap":0,"rank":8}},{"type":"Feature","geometry":{"type":"Point","coordinates":[7.02,51.45]},"properties":{"name":"Essen","iso":"DE","pop":1742135,"cap":0,"rank":8}},{"type":"Feature","geometry":{"type":"Point","coordinates":[8.4,49.0]},"properties":{"name":"Karlsruhe","iso":"DE","pop":377487,"cap":0,"rank":8}},{"type":"Feature","geometry":{"type":"Point","coordinates":[8.7,49.42]},"properties":{"name":"Heidelberg","iso":"DE","pop":426590,"cap":0,"rank":8}},{"type":"Feature","geometry":{"type":"Point","coordinates":[9.5,51.3]},"properties":{"name":"Kassel","iso":"DE","pop":289924,"cap":0,"rank":8}},{"type":"Feature","geometry":{"type":"Point","coordinates":[8.22,53.13]},"properties":{"name":"Oldenburg","iso":"DE","pop":167458,"cap":0,"rank":8}},{"type":"Feature","geometry":{"type":"Point","coordinates":[10.5,52.25]},"properties":{"name":"Braunschweig","iso":"DE","pop":244715,"cap":0,"rank":8}},{"type":"Feature","geometry":{"type":"Point","coordinates":[11.03,50.97]},"properties":{"name":"Erfurt","iso":"DE","pop":203254,"cap":0,"rank":8}},{"type":"Feature","geometry":{"type":"Point","coordinates":[14.45,45.33]},"properties":{"name":"Rijeka","iso":"HR","pop":170992,"cap":0,"rank":8}},{"type":"Feature","geometry":{"type":"Point","coordinates":[10.9,48.35]},"properties":{"name":"Augsburg","iso":"DE","pop":358989,"cap":0,"rank":8}},{"type":"Feature","geometry":{"type":"Point","coordinates":[11.0,49.47]},"properties":{"name":"F\u00fcrth","iso":"DE","pop":237844,"cap":0,"rank":8}},{"type":"Feature","geometry":{"type":"Point","coordinates":[15.08,50.8]},"properties":{"name":"Liberec","iso":"CZ","pop":102175,"cap":0,"rank":8}},{"type":"Feature","geometry":{"type":"Point","coordinates":[12.92,50.83]},"properties":{"name":"Chemnitz","iso":"DE","pop":302643,"cap":0,"rank":8}},{"type":"Feature","geometry":{"type":"Point","coordinates":[17.26,49.59]},"properties":{"name":"Olomouc","iso":"CZ","pop":101268,"cap":0,"rank":8}},{"type":"Feature","geometry":{"type":"Point","coordinates":[109.94,34.8]},"properties":{"name":"Dali","iso":"CN","pop":109696,"cap":0,"rank":8}},{"type":"Feature","geometry":{"type":"Point","coordinates":[113.57,37.87]},"properties":{"name":"Yangquan","iso":"CN","pop":981448,"cap":0,"rank":8}},{"type":"Feature","geometry":{"type":"Point","coordinates":[110.78,32.57]},"properties":{"name":"Shiyan","iso":"CN","pop":770000,"cap":0,"rank":8}},{"type":"Feature","geometry":{"type":"Point","coordinates":[112.23,30.32]},"properties":{"name":"Jingzhou","iso":"CN","pop":520000,"cap":0,"rank":8}},{"type":"Feature","geometry":{"type":"Point","coordinates":[104.4,31.13]},"properties":{"name":"Deyang","iso":"CN","pop":152194,"cap":0,"rank":8}},{"type":"Feature","geometry":{"type":"Point","coordinates":[98.47,25.03]},"properties":{"name":"Tengchong","iso":"CN","pop":126058,"cap":0,"rank":8}},{"type":"Feature","geometry":{"type":"Point","coordinates":[103.41,23.36]},"properties":{"name":"Mengzi","iso":"CN","pop":303341,"cap":0,"rank":8}},{"type":"Feature","geometry":{"type":"Point","coordinates":[101.55,25.04]},"properties":{"name":"Chuxiong","iso":"CN","pop":254370,"cap":0,"rank":8}},{"type":"Feature","geometry":{"type":"Point","coordinates":[115.7,37.72]},"properties":{"name":"Hengshui","iso":"CN","pop":456356,"cap":0,"rank":8}},{"type":"Feature","geometry":{"type":"Point","coordinates":[115.02,40.59]},"properties":{"name":"Xuanhua","iso":"CN","pop":409745,"cap":0,"rank":8}},{"type":"Feature","geometry":{"type":"Point","coordinates":[114.03,33.57]},"properties":{"name":"Luohe","iso":"CN","pop":417356,"cap":0,"rank":8}},{"type":"Feature","geometry":{"type":"Point","coordinates":[120.76,41.81]},"properties":{"name":"Beipiao","iso":"CN","pop":228515,"cap":0,"rank":8}},{"type":"Feature","geometry":{"type":"Point","coordinates":[122.0,39.63]},"properties":{"name":"Wafangdian","iso":"CN","pop":355844,"cap":0,"rank":8}},{"type":"Feature","geometry":{"type":"Point","coordinates":[119.38,35.99]},"properties":{"name":"Zhucheng","iso":"CN","pop":1060000,"cap":0,"rank":8}},{"type":"Feature","geometry":{"type":"Point","coordinates":[117.78,39.23]},"properties":{"name":"Hangu","iso":"CN","pop":332793,"cap":0,"rank":8}},{"type":"Feature","geometry":{"type":"Point","coordinates":[118.35,34.38]},"properties":{"name":"Xinyi","iso":"CN","pop":962656,"cap":0,"rank":8}},{"type":"Feature","geometry":{"type":"Point","coordinates":[119.43,32.4]},"properties":{"name":"Yangzhou","iso":"CN","pop":539715,"cap":0,"rank":8}},{"type":"Feature","geometry":{"type":"Point","coordinates":[121.12,28.85]},"properties":{"name":"Linhai","iso":"CN","pop":251759,"cap":0,"rank":8}},{"type":"Feature","geometry":{"type":"Point","coordinates":[121.25,28.65]},"properties":{"name":"Huangyan","iso":"CN","pop":198713,"cap":0,"rank":8}},{"type":"Feature","geometry":{"type":"Point","coordinates":[133.92,34.67]},"properties":{"name":"Okayama","iso":"JP","pop":866092,"cap":0,"rank":8}},{"type":"Feature","geometry":{"type":"Point","coordinates":[130.95,33.97]},"properties":{"name":"Shimonoseki","iso":"JP","pop":245786,"cap":0,"rank":8}},{"type":"Feature","geometry":{"type":"Point","coordinates":[126.43,41.9]},"properties":{"name":"Baishan","iso":"CN","pop":330000,"cap":0,"rank":8}},{"type":"Feature","geometry":{"type":"Point","coordinates":[129.51,42.88]},"properties":{"name":"Yanji","iso":"CN","pop":488740,"cap":0,"rank":8}},{"type":"Feature","geometry":{"type":"Point","coordinates":[134.04,34.34]},"properties":{"name":"Takamatsu","iso":"JP","pop":334223,"cap":0,"rank":8}},{"type":"Feature","geometry":{"type":"Point","coordinates":[134.55,34.07]},"properties":{"name":"Tokushima","iso":"JP","pop":443760,"cap":0,"rank":8}},{"type":"Feature","geometry":{"type":"Point","coordinates":[122.72,48.0]},"properties":{"name":"Zalantun","iso":"CN","pop":138032,"cap":0,"rank":8}},{"type":"Feature","geometry":{"type":"Point","coordinates":[125.32,46.4]},"properties":{"name":"Anda","iso":"CN","pop":181533,"cap":0,"rank":8}},{"type":"Feature","geometry":{"type":"Point","coordinates":[123.61,47.21]},"properties":{"name":"Hulan Ergi","iso":"CN","pop":289999,"cap":0,"rank":8}},{"type":"Feature","geometry":{"type":"Point","coordinates":[137.23,36.7]},"properties":{"name":"Toyama","iso":"JP","pop":332812,"cap":0,"rank":8}},{"type":"Feature","geometry":{"type":"Point","coordinates":[137.0,36.67]},"properties":{"name":"Takaoka","iso":"JP","pop":170077,"cap":0,"rank":8}},{"type":"Feature","geometry":{"type":"Point","coordinates":[135.87,35.01]},"properties":{"name":"\u014ctsu","iso":"JP","pop":536976,"cap":0,"rank":8}},{"type":"Feature","geometry":{"type":"Point","coordinates":[139.07,36.39]},"properties":{"name":"Maebashi","iso":"JP","pop":344871,"cap":0,"rank":8}},{"type":"Feature","geometry":{"type":"Point","coordinates":[139.71,35.53]},"properties":{"name":"Kawasaki","iso":"JP","pop":1437266,"cap":0,"rank":8}},{"type":"Feature","geometry":{"type":"Point","coordinates":[139.49,35.92]},"properties":{"name":"Kawagoe","iso":"JP","pop":337931,"cap":0,"rank":8}},{"type":"Feature","geometry":{"type":"Point","coordinates":[139.87,36.55]},"properties":{"name":"Utsunomiya","iso":"JP","pop":667752,"cap":0,"rank":8}},{"type":"Feature","geometry":{"type":"Point","coordinates":[139.33,35.66]},"properties":{"name":"Hachi\u014dji","iso":"JP","pop":579399,"cap":0,"rank":8}},{"type":"Feature","geometry":{"type":"Point","coordinates":[140.38,37.41]},"properties":{"name":"K\u014driyama","iso":"JP","pop":340560,"cap":0,"rank":8}},{"type":"Feature","geometry":{"type":"Point","coordinates":[-89.44,16.2]},"properties":{"name":"San Luis","iso":"GT","pop":132470,"cap":0,"rank":8}},{"type":"Feature","geometry":{"type":"Point","coordinates":[-70.52,19.22]},"properties":{"name":"La Vega","iso":"DO","pop":163197,"cap":0,"rank":8}},{"type":"Feature","geometry":{"type":"Point","coordinates":[-70.25,19.3]},"properties":{"name":"San Francisco de Macor\u00eds","iso":"DO","pop":152538,"cap":0,"rank":8}},{"type":"Feature","geometry":{"type":"Point","coordinates":[77.17,31.1]},"properties":{"name":"Simla","iso":"IN","pop":173503,"cap":0,"rank":8}},{"type":"Feature","geometry":{"type":"Point","coordinates":[77.02,28.45]},"properties":{"name":"Gurgaon","iso":"IN","pop":197340,"cap":0,"rank":8}},{"type":"Feature","geometry":{"type":"Point","coordinates":[77.02,29.0]},"properties":{"name":"Sonipat","iso":"IN","pop":250521,"cap":0,"rank":8}},{"type":"Feature","geometry":{"type":"Point","coordinates":[76.58,28.9]},"properties":{"name":"Rohtak","iso":"IN","pop":317245,"cap":0,"rank":8}},{"type":"Feature","geometry":{"type":"Point","coordinates":[75.73,29.17]},"properties":{"name":"Hisar","iso":"IN","pop":544829,"cap":0,"rank":8}},{"type":"Feature","geometry":{"type":"Point","coordinates":[76.13,28.81]},"properties":{"name":"Bhiwani","iso":"IN","pop":190855,"cap":0,"rank":8}},{"type":"Feature","geometry":{"type":"Point","coordinates":[76.79,30.38]},"properties":{"name":"Ambala","iso":"IN","pop":146787,"cap":0,"rank":8}},{"type":"Feature","geometry":{"type":"Point","coordinates":[73.16,19.25]},"properties":{"name":"Kalyan","iso":"IN","pop":1576614,"cap":0,"rank":8}},{"type":"Feature","geometry":{"type":"Point","coordinates":[75.83,21.02]},"properties":{"name":"Bhusawal","iso":"IN","pop":183001,"cap":0,"rank":8}},{"type":"Feature","geometry":{"type":"Point","coordinates":[-0.53,47.48]},"properties":{"name":"Angers","iso":"FR","pop":188380,"cap":0,"rank":8}},{"type":"Feature","geometry":{"type":"Point","coordinates":[-1.56,43.47]},"properties":{"name":"Biarritz","iso":"FR","pop":145348,"cap":0,"rank":8}},{"type":"Feature","geometry":{"type":"Point","coordinates":[5.45,43.52]},"properties":{"name":"Aix-en-Provence","iso":"FR","pop":146821,"cap":0,"rank":8}},{"type":"Feature","geometry":{"type":"Point","coordinates":[2.9,42.7]},"properties":{"name":"Perpignan","iso":"FR","pop":146620,"cap":0,"rank":8}},{"type":"Feature","geometry":{"type":"Point","coordinates":[3.08,45.78]},"properties":{"name":"Clermont-Ferrand","iso":"FR","pop":233050,"cap":0,"rank":8}},{"type":"Feature","geometry":{"type":"Point","coordinates":[2.67,48.53]},"properties":{"name":"Melun","iso":"FR","pop":249432,"cap":0,"rank":8}},{"type":"Feature","geometry":{"type":"Point","coordinates":[6.03,47.23]},"properties":{"name":"Besan\u00e7on","iso":"FR","pop":128426,"cap":0,"rank":8}},{"type":"Feature","geometry":{"type":"Point","coordinates":[-70.7,-33.6]},"properties":{"name":"San Bernardo","iso":"CL","pop":246762,"cap":0,"rank":8}},{"type":"Feature","geometry":{"type":"Point","coordinates":[-71.56,-33.02]},"properties":{"name":"Vi\u00f1a del Mar","iso":"CL","pop":503534,"cap":0,"rank":8}},{"type":"Feature","geometry":{"type":"Point","coordinates":[-73.12,-36.72]},"properties":{"name":"Talcahuano","iso":"CL","pop":288074,"cap":0,"rank":8}},{"type":"Feature","geometry":{"type":"Point","coordinates":[23.7,37.95]},"properties":{"name":"Piraeus","iso":"GR","pop":466065,"cap":0,"rank":8}},{"type":"Feature","geometry":{"type":"Point","coordinates":[22.95,39.37]},"properties":{"name":"Volos","iso":"GR","pop":110632,"cap":0,"rank":8}},{"type":"Feature","geometry":{"type":"Point","coordinates":[42.73,42.25]},"properties":{"name":"Kutaisi","iso":"GE","pop":183945,"cap":0,"rank":8}},{"type":"Feature","geometry":{"type":"Point","coordinates":[34.83,31.25]},"properties":{"name":"Beer Sheva","iso":"IL","pop":206408,"cap":0,"rank":8}},{"type":"Feature","geometry":{"type":"Point","coordinates":[52.82,29.8]},"properties":{"name":"Marv Dasht","iso":"IR","pop":125000,"cap":0,"rank":8}},{"type":"Feature","geometry":{"type":"Point","coordinates":[54.96,36.42]},"properties":{"name":"Shahrud","iso":"IR","pop":131889,"cap":0,"rank":8}},{"type":"Feature","geometry":{"type":"Point","coordinates":[51.65,35.32]},"properties":{"name":"Varamin","iso":"IR","pop":179603,"cap":0,"rank":8}},{"type":"Feature","geometry":{"type":"Point","coordinates":[49.3,31.98]},"properties":{"name":"Masjed Soleyman","iso":"IR","pop":153663,"cap":0,"rank":8}},{"type":"Feature","geometry":{"type":"Point","coordinates":[48.8,33.92]},"properties":{"name":"Borujerd","iso":"IR","pop":251958,"cap":0,"rank":8}},{"type":"Feature","geometry":{"type":"Point","coordinates":[47.71,30.39]},"properties":{"name":"Az Aubayr","iso":"IQ","pop":262219,"cap":0,"rank":8}},{"type":"Feature","geometry":{"type":"Point","coordinates":[44.92,31.99]},"properties":{"name":"Ad Diwaniyah","iso":"IQ","pop":358408,"cap":0,"rank":8}},{"type":"Feature","geometry":{"type":"Point","coordinates":[46.18,31.42]},"properties":{"name":"Ash Shatrah","iso":"IQ","pop":161949,"cap":0,"rank":8}},{"type":"Feature","geometry":{"type":"Point","coordinates":[48.85,34.32]},"properties":{"name":"Malayer","iso":"IR","pop":176573,"cap":0,"rank":8}},{"type":"Feature","geometry":{"type":"Point","coordinates":[48.5,36.67]},"properties":{"name":"Zanjan","iso":"IR","pop":357471,"cap":0,"rank":8}},{"type":"Feature","geometry":{"type":"Point","coordinates":[45.0,37.53]},"properties":{"name":"Urmia","iso":"IR","pop":577307,"cap":0,"rank":8}},{"type":"Feature","geometry":{"type":"Point","coordinates":[47.06,38.48]},"properties":{"name":"Ahar","iso":"IR","pop":103639,"cap":0,"rank":8}},{"type":"Feature","geometry":{"type":"Point","coordinates":[47.02,35.3]},"properties":{"name":"Sanandaj","iso":"IR","pop":349176,"cap":0,"rank":8}},{"type":"Feature","geometry":{"type":"Point","coordinates":[58.82,36.22]},"properties":{"name":"Neyshabur","iso":"IR","pop":221700,"cap":0,"rank":8}},{"type":"Feature","geometry":{"type":"Point","coordinates":[57.32,37.47]},"properties":{"name":"Bojnurd","iso":"IR","pop":208582,"cap":0,"rank":8}},{"type":"Feature","geometry":{"type":"Point","coordinates":[55.73,29.47]},"properties":{"name":"Sirjan","iso":"IR","pop":175000,"cap":0,"rank":8}},{"type":"Feature","geometry":{"type":"Point","coordinates":[75.98,31.52]},"properties":{"name":"Hoshiarpur","iso":"IN","pop":158142,"cap":0,"rank":8}},{"type":"Feature","geometry":{"type":"Point","coordinates":[74.64,26.45]},"properties":{"name":"Ajmer","iso":"IN","pop":589985,"cap":0,"rank":8}},{"type":"Feature","geometry":{"type":"Point","coordinates":[78.05,27.6]},"properties":{"name":"Hathras","iso":"IN","pop":126882,"cap":0,"rank":8}},{"type":"Feature","geometry":{"type":"Point","coordinates":[80.68,27.55]},"properties":{"name":"Sitapur","iso":"IN","pop":164435,"cap":0,"rank":8}},{"type":"Feature","geometry":{"type":"Point","coordinates":[79.81,28.64]},"properties":{"name":"Pilibhit","iso":"IN","pop":131008,"cap":0,"rank":8}},{"type":"Feature","geometry":{"type":"Point","coordinates":[79.09,28.03]},"properties":{"name":"Budaun","iso":"IN","pop":161555,"cap":0,"rank":8}},{"type":"Feature","geometry":{"type":"Point","coordinates":[78.39,27.15]},"properties":{"name":"Firozabad","iso":"IN","pop":306409,"cap":0,"rank":8}},{"type":"Feature","geometry":{"type":"Point","coordinates":[77.67,27.5]},"properties":{"name":"Mathura","iso":"IN","pop":330511,"cap":0,"rank":8}},{"type":"Feature","geometry":{"type":"Point","coordinates":[77.85,28.41]},"properties":{"name":"Bulandshahr","iso":"IN","pop":198612,"cap":0,"rank":8}},{"type":"Feature","geometry":{"type":"Point","coordinates":[77.76,28.74]},"properties":{"name":"Hapur","iso":"IN","pop":242920,"cap":0,"rank":8}},{"type":"Feature","geometry":{"type":"Point","coordinates":[77.7,29.49]},"properties":{"name":"Muzaffarnagar","iso":"IN","pop":349706,"cap":0,"rank":8}},{"type":"Feature","geometry":{"type":"Point","coordinates":[43.3,33.42]},"properties":{"name":"Ar Ramadi","iso":"IQ","pop":295121,"cap":0,"rank":8}},{"type":"Feature","geometry":{"type":"Point","coordinates":[19.68,46.07]},"properties":{"name":"Subotica","iso":"RS","pop":100000,"cap":0,"rank":8}},{"type":"Feature","geometry":{"type":"Point","coordinates":[-42.84,-5.11]},"properties":{"name":"Timon","iso":"BR","pop":203157,"cap":0,"rank":8}},{"type":"Feature","geometry":{"type":"Point","coordinates":[-45.94,-22.22]},"properties":{"name":"Pouso Alegre","iso":"BR","pop":115201,"cap":0,"rank":8}},{"type":"Feature","geometry":{"type":"Point","coordinates":[-43.77,-21.22]},"properties":{"name":"Barbacena","iso":"BR","pop":122211,"cap":0,"rank":8}},{"type":"Feature","geometry":{"type":"Point","coordinates":[-46.57,-21.78]},"properties":{"name":"Po\u00e7os de Caldas","iso":"BR","pop":146588,"cap":0,"rank":8}},{"type":"Feature","geometry":{"type":"Point","coordinates":[-43.79,-20.67]},"properties":{"name":"Conselheiro Lafaiete","iso":"BR","pop":111596,"cap":0,"rank":8}},{"type":"Feature","geometry":{"type":"Point","coordinates":[-56.14,-15.65]},"properties":{"name":"V\u00e1rzea Grande","iso":"BR","pop":249752,"cap":0,"rank":8}},{"type":"Feature","geometry":{"type":"Point","coordinates":[-51.18,-29.92]},"properties":{"name":"Canoas","iso":"BR","pop":600000,"cap":0,"rank":8}},{"type":"Feature","geometry":{"type":"Point","coordinates":[-52.44,-29.71]},"properties":{"name":"Santa Cruz do Sul","iso":"BR","pop":113625,"cap":0,"rank":8}},{"type":"Feature","geometry":{"type":"Point","coordinates":[-48.53,-25.53]},"properties":{"name":"Paranagu\u00e1","iso":"BR","pop":141013,"cap":0,"rank":8}},{"type":"Feature","geometry":{"type":"Point","coordinates":[-49.18,-25.57]},"properties":{"name":"S\u00e3o Jos\u00e9 dos Pinhais","iso":"BR","pop":665063,"cap":0,"rank":8}},{"type":"Feature","geometry":{"type":"Point","coordinates":[-51.48,-25.38]},"properties":{"name":"Guarapuava","iso":"BR","pop":150850,"cap":0,"rank":8}},{"type":"Feature","geometry":{"type":"Point","coordinates":[-51.47,-23.55]},"properties":{"name":"Apucarana","iso":"BR","pop":107085,"cap":0,"rank":8}},{"type":"Feature","geometry":{"type":"Point","coordinates":[-49.09,-26.92]},"properties":{"name":"Blumenau","iso":"BR","pop":293949,"cap":0,"rank":8}},{"type":"Feature","geometry":{"type":"Point","coordinates":[-49.1,-26.48]},"properties":{"name":"Jaragu\u00e1 do Sul","iso":"BR","pop":130130,"cap":0,"rank":8}},{"type":"Feature","geometry":{"type":"Point","coordinates":[-40.35,-3.69]},"properties":{"name":"Sobral","iso":"BR","pop":157996,"cap":0,"rank":8}},{"type":"Feature","geometry":{"type":"Point","coordinates":[-35.84,-9.48]},"properties":{"name":"Rio Largo","iso":"BR","pop":158545,"cap":0,"rank":8}},{"type":"Feature","geometry":{"type":"Point","coordinates":[-41.13,-20.85]},"properties":{"name":"Cachoeiro de Itapemirim","iso":"BR","pop":187019,"cap":0,"rank":8}},{"type":"Feature","geometry":{"type":"Point","coordinates":[-44.17,-22.56]},"properties":{"name":"Barra Mansa","iso":"BR","pop":169386,"cap":0,"rank":8}},{"type":"Feature","geometry":{"type":"Point","coordinates":[-43.45,-22.76]},"properties":{"name":"Nova Igua\u00e7u","iso":"BR","pop":844583,"cap":0,"rank":8}},{"type":"Feature","geometry":{"type":"Point","coordinates":[-43.31,-22.8]},"properties":{"name":"Duque de Caxias","iso":"BR","pop":842890,"cap":0,"rank":8}},{"type":"Feature","geometry":{"type":"Point","coordinates":[-43.11,-22.88]},"properties":{"name":"Niter\u00f3i","iso":"BR","pop":1500513,"cap":0,"rank":8}},{"type":"Feature","geometry":{"type":"Point","coordinates":[-42.04,-22.89]},"properties":{"name":"Cabo Frio","iso":"BR","pop":261721,"cap":0,"rank":8}},{"type":"Feature","geometry":{"type":"Point","coordinates":[-41.79,-22.38]},"properties":{"name":"Maca\u00e9","iso":"BR","pop":143029,"cap":0,"rank":8}},{"type":"Feature","geometry":{"type":"Point","coordinates":[-82.4,42.97]},"properties":{"name":"Sarnia","iso":"CA","pop":144172,"cap":0,"rank":8}},{"type":"Feature","geometry":{"type":"Point","coordinates":[-78.85,43.88]},"properties":{"name":"Oshawa","iso":"CA","pop":450963,"cap":0,"rank":8}},{"type":"Feature","geometry":{"type":"Point","coordinates":[-81.25,42.97]},"properties":{"name":"London","iso":"CA","pop":346765,"cap":0,"rank":8}},{"type":"Feature","geometry":{"type":"Point","coordinates":[-80.5,43.45]},"properties":{"name":"Kitchener","iso":"CA","pop":417001,"cap":0,"rank":8}},{"type":"Feature","geometry":{"type":"Point","coordinates":[-71.9,45.4]},"properties":{"name":"Sherbrooke","iso":"CA","pop":139652,"cap":0,"rank":8}},{"type":"Feature","geometry":{"type":"Point","coordinates":[20.92,44.02]},"properties":{"name":"Kragujevac","iso":"RS","pop":171197,"cap":0,"rank":8}},{"type":"Feature","geometry":{"type":"Point","coordinates":[-68.49,-33.07]},"properties":{"name":"San Mart\u00edn","iso":"AR","pop":117399,"cap":0,"rank":8}},{"type":"Feature","geometry":{"type":"Point","coordinates":[-66.28,-17.4]},"properties":{"name":"Quillacollo","iso":"BO","pop":227052,"cap":0,"rank":8}},{"type":"Feature","geometry":{"type":"Point","coordinates":[-65.58,-13.76]},"properties":{"name":"Santa Ana","iso":"BO","pop":234478,"cap":0,"rank":8}},{"type":"Feature","geometry":{"type":"Point","coordinates":[-60.24,-33.33]},"properties":{"name":"San Nicolas","iso":"AR","pop":127742,"cap":0,"rank":8}},{"type":"Feature","geometry":{"type":"Point","coordinates":[-58.81,-27.49]},"properties":{"name":"Corrientes","iso":"AR","pop":340823,"cap":0,"rank":8}},{"type":"Feature","geometry":{"type":"Point","coordinates":[-60.53,-31.73]},"properties":{"name":"Paran\u00e1","iso":"AR","pop":262295,"cap":0,"rank":8}},{"type":"Feature","geometry":{"type":"Point","coordinates":[-46.53,-23.65]},"properties":{"name":"Santo Andr\u00e9","iso":"BR","pop":662373,"cap":0,"rank":8}},{"type":"Feature","geometry":{"type":"Point","coordinates":[-45.47,-22.92]},"properties":{"name":"Pindamonhangaba","iso":"BR","pop":132218,"cap":0,"rank":8}},{"type":"Feature","geometry":{"type":"Point","coordinates":[-47.56,-22.41]},"properties":{"name":"Rio Claro","iso":"BR","pop":180147,"cap":0,"rank":8}},{"type":"Feature","geometry":{"type":"Point","coordinates":[-46.53,-22.95]},"properties":{"name":"Bragan\u00e7a Paulista","iso":"BR","pop":127676,"cap":0,"rank":8}},{"type":"Feature","geometry":{"type":"Point","coordinates":[-46.88,-23.2]},"properties":{"name":"Jundia\u00ed","iso":"BR","pop":505548,"cap":0,"rank":8}},{"type":"Feature","geometry":{"type":"Point","coordinates":[-45.88,-23.2]},"properties":{"name":"S\u00e3o Jos\u00e9 dos Campos","iso":"BR","pop":753769,"cap":0,"rank":8}},{"type":"Feature","geometry":{"type":"Point","coordinates":[-45.19,-22.82]},"properties":{"name":"Guaratinguet\u00e1","iso":"BR","pop":203580,"cap":0,"rank":8}},{"type":"Feature","geometry":{"type":"Point","coordinates":[-47.33,-22.75]},"properties":{"name":"Americana","iso":"BR","pop":479472,"cap":0,"rank":8}},{"type":"Feature","geometry":{"type":"Point","coordinates":[-47.64,-22.73]},"properties":{"name":"Piracicaba","iso":"BR","pop":342209,"cap":0,"rank":8}},{"type":"Feature","geometry":{"type":"Point","coordinates":[-47.89,-22.02]},"properties":{"name":"S\u00e3o Carlos","iso":"BR","pop":205035,"cap":0,"rank":8}},{"type":"Feature","geometry":{"type":"Point","coordinates":[-51.39,-22.12]},"properties":{"name":"Presidente Prudente","iso":"BR","pop":209502,"cap":0,"rank":8}},{"type":"Feature","geometry":{"type":"Point","coordinates":[-48.98,-21.14]},"properties":{"name":"Catanduva","iso":"BR","pop":109612,"cap":0,"rank":8}},{"type":"Feature","geometry":{"type":"Point","coordinates":[-48.58,-20.55]},"properties":{"name":"Barretos","iso":"BR","pop":101220,"cap":0,"rank":8}},{"type":"Feature","geometry":{"type":"Point","coordinates":[-49.95,-22.21]},"properties":{"name":"Mar\u00edlia","iso":"BR","pop":212218,"cap":0,"rank":8}},{"type":"Feature","geometry":{"type":"Point","coordinates":[-47.3,-23.26]},"properties":{"name":"Itu","iso":"BR","pop":320170,"cap":0,"rank":8}},{"type":"Feature","geometry":{"type":"Point","coordinates":[-48.04,-23.59]},"properties":{"name":"Itapetininga","iso":"BR","pop":126243,"cap":0,"rank":8}},{"type":"Feature","geometry":{"type":"Point","coordinates":[-35.02,-8.11]},"properties":{"name":"Jaboatao","iso":"BR","pop":702621,"cap":0,"rank":8}},{"type":"Feature","geometry":{"type":"Point","coordinates":[-34.85,-8.0]},"properties":{"name":"Olinda","iso":"BR","pop":921840,"cap":0,"rank":8}},{"type":"Feature","geometry":{"type":"Point","coordinates":[-35.03,-8.29]},"properties":{"name":"Cabo de Santo Agostinho","iso":"BR","pop":146219,"cap":0,"rank":8}},{"type":"Feature","geometry":{"type":"Point","coordinates":[-35.25,-7.85]},"properties":{"name":"Carpina","iso":"BR","pop":165579,"cap":0,"rank":8}},{"type":"Feature","geometry":{"type":"Point","coordinates":[20.08,41.12]},"properties":{"name":"Elbasan","iso":"AL","pop":165010,"cap":0,"rank":8}},{"type":"Feature","geometry":{"type":"Point","coordinates":[43.85,40.79]},"properties":{"name":"Gyumri","iso":"AM","pop":148381,"cap":0,"rank":8}},{"type":"Feature","geometry":{"type":"Point","coordinates":[3.7,51.03]},"properties":{"name":"Gent","iso":"BE","pop":444336,"cap":0,"rank":8}},{"type":"Feature","geometry":{"type":"Point","coordinates":[44.49,40.81]},"properties":{"name":"Vanadzor","iso":"AM","pop":101098,"cap":0,"rank":8}},{"type":"Feature","geometry":{"type":"Point","coordinates":[46.35,40.68]},"properties":{"name":"Ganca","iso":"AZ","pop":303268,"cap":0,"rank":8}},{"type":"Feature","geometry":{"type":"Point","coordinates":[49.63,40.58]},"properties":{"name":"Sumqayt","iso":"AZ","pop":279159,"cap":0,"rank":8}},{"type":"Feature","geometry":{"type":"Point","coordinates":[89.92,24.25]},"properties":{"name":"Tangail","iso":"BD","pop":180144,"cap":0,"rank":8}},{"type":"Feature","geometry":{"type":"Point","coordinates":[24.75,42.15]},"properties":{"name":"Plovdiv","iso":"BG","pop":340494,"cap":0,"rank":8}},{"type":"Feature","geometry":{"type":"Point","coordinates":[26.01,53.14]},"properties":{"name":"Baranavichy","iso":"BY","pop":168772,"cap":0,"rank":8}},{"type":"Feature","geometry":{"type":"Point","coordinates":[26.87,54.32]},"properties":{"name":"Maladzyechna","iso":"BY","pop":101300,"cap":0,"rank":8}},{"type":"Feature","geometry":{"type":"Point","coordinates":[91.87,24.9]},"properties":{"name":"Sylhet","iso":"BD","pop":237000,"cap":0,"rank":8}},{"type":"Feature","geometry":{"type":"Point","coordinates":[17.92,44.22]},"properties":{"name":"Zenica","iso":"BA","pop":164423,"cap":0,"rank":8}},{"type":"Feature","geometry":{"type":"Point","coordinates":[5.58,50.63]},"properties":{"name":"Li\u00e8ge","iso":"BE","pop":749110,"cap":0,"rank":8}},{"type":"Feature","geometry":{"type":"Point","coordinates":[35.1,31.54]},"properties":{"name":"Al Khalil","iso":"PS","pop":280321,"cap":0,"rank":8}},{"type":"Feature","geometry":{"type":"Point","coordinates":[16.18,54.2]},"properties":{"name":"Koszalin","iso":"PL","pop":107450,"cap":0,"rank":8}},{"type":"Feature","geometry":{"type":"Point","coordinates":[120.54,23.71]},"properties":{"name":"Douliou","iso":"TW","pop":106653,"cap":0,"rank":8}},{"type":"Feature","geometry":{"type":"Point","coordinates":[121.22,24.97]},"properties":{"name":"Zhongli","iso":"TW","pop":1632616,"cap":0,"rank":7}},{"type":"Feature","geometry":{"type":"Point","coordinates":[121.73,25.13]},"properties":{"name":"Keelung","iso":"TW","pop":500000,"cap":0,"rank":7}},{"type":"Feature","geometry":{"type":"Point","coordinates":[120.68,23.92]},"properties":{"name":"Nantou","iso":"TW","pop":165000,"cap":0,"rank":8}},{"type":"Feature","geometry":{"type":"Point","coordinates":[174.91,-41.2]},"properties":{"name":"Lower Hutt","iso":"NZ","pop":102400,"cap":0,"rank":8}},{"type":"Feature","geometry":{"type":"Point","coordinates":[-55.56,-30.9]},"properties":{"name":"Rivera","iso":"UY","pop":200000,"cap":0,"rank":7}},{"type":"Feature","geometry":{"type":"Point","coordinates":[-92.47,44.02]},"properties":{"name":"Rochester","iso":"US","pop":108511,"cap":0,"rank":7}},{"type":"Feature","geometry":{"type":"Point","coordinates":[-93.24,44.65]},"properties":{"name":"Lakeville","iso":"US","pop":261308,"cap":0,"rank":7}},{"type":"Feature","geometry":{"type":"Point","coordinates":[-94.16,45.56]},"properties":{"name":"St. Cloud","iso":"US","pop":112794,"cap":0,"rank":7}},{"type":"Feature","geometry":{"type":"Point","coordinates":[-158.02,21.5]},"properties":{"name":"Wahiawa","iso":"US","pop":174766,"cap":0,"rank":7}},{"type":"Feature","geometry":{"type":"Point","coordinates":[-116.67,43.66]},"properties":{"name":"Caldwell","iso":"US","pop":132476,"cap":0,"rank":7}},{"type":"Feature","geometry":{"type":"Point","coordinates":[-122.64,47.57]},"properties":{"name":"Bremerton","iso":"US","pop":126820,"cap":0,"rank":7}},{"type":"Feature","geometry":{"type":"Point","coordinates":[-122.2,47.96]},"properties":{"name":"Everett","iso":"US","pop":486903,"cap":0,"rank":7}},{"type":"Feature","geometry":{"type":"Point","coordinates":[-121.29,37.96]},"properties":{"name":"Stockton","iso":"US","pop":685306,"cap":0,"rank":7}},{"type":"Feature","geometry":{"type":"Point","coordinates":[-118.14,34.16]},"properties":{"name":"Pasadena","iso":"US","pop":144618,"cap":0,"rank":7}},{"type":"Feature","geometry":{"type":"Point","coordinates":[-119.32,36.33]},"properties":{"name":"Visalia","iso":"US","pop":121968,"cap":0,"rank":7}},{"type":"Feature","geometry":{"type":"Point","coordinates":[-121.62,39.14]},"properties":{"name":"Yuba City","iso":"US","pop":116217,"cap":0,"rank":7}},{"type":"Feature","geometry":{"type":"Point","coordinates":[-122.7,38.45]},"properties":{"name":"Santa Rosa","iso":"US","pop":231792,"cap":0,"rank":7}},{"type":"Feature","geometry":{"type":"Point","coordinates":[-117.35,33.19]},"properties":{"name":"Oceanside","iso":"US","pop":609854,"cap":0,"rank":7}},{"type":"Feature","geometry":{"type":"Point","coordinates":[-120.99,37.66]},"properties":{"name":"Modesto","iso":"US","pop":323386,"cap":0,"rank":7}},{"type":"Feature","geometry":{"type":"Point","coordinates":[-117.83,33.68]},"properties":{"name":"Irvine","iso":"US","pop":3010232,"cap":0,"rank":7}},{"type":"Feature","geometry":{"type":"Point","coordinates":[-116.53,33.78]},"properties":{"name":"Palm Springs","iso":"US","pop":390115,"cap":0,"rank":7}},{"type":"Feature","geometry":{"type":"Point","coordinates":[-120.44,34.94]},"properties":{"name":"Santa Maria","iso":"US","pop":110705,"cap":0,"rank":7}},{"type":"Feature","geometry":{"type":"Point","coordinates":[-105.06,40.56]},"properties":{"name":"Fort Collins","iso":"US","pop":228385,"cap":0,"rank":7}},{"type":"Feature","geometry":{"type":"Point","coordinates":[-104.63,38.28]},"properties":{"name":"Pueblo","iso":"US","pop":112195,"cap":0,"rank":7}},{"type":"Feature","geometry":{"type":"Point","coordinates":[-105.24,40.01]},"properties":{"name":"Boulder","iso":"US","pop":122274,"cap":0,"rank":7}},{"type":"Feature","geometry":{"type":"Point","coordinates":[-106.78,32.31]},"properties":{"name":"Las Cruces","iso":"US","pop":115167,"cap":0,"rank":7}},{"type":"Feature","geometry":{"type":"Point","coordinates":[-111.97,41.23]},"properties":{"name":"Ogden","iso":"US","pop":377224,"cap":0,"rank":7}},{"type":"Feature","geometry":{"type":"Point","coordinates":[-94.16,36.06]},"properties":{"name":"Fayetteville","iso":"US","pop":151671,"cap":0,"rank":7}},{"type":"Feature","geometry":{"type":"Point","coordinates":[-90.59,41.55]},"properties":{"name":"Davenport","iso":"US","pop":255738,"cap":0,"rank":7}},{"type":"Feature","geometry":{"type":"Point","coordinates":[-95.86,41.26]},"properties":{"name":"Council Bluffs","iso":"US","pop":101805,"cap":0,"rank":7}},{"type":"Feature","geometry":{"type":"Point","coordinates":[-90.51,38.78]},"properties":{"name":"St. Charles","iso":"US","pop":360485,"cap":0,"rank":7}},{"type":"Feature","geometry":{"type":"Point","coordinates":[-92.33,38.95]},"properties":{"name":"Columbia","iso":"US","pop":398093,"cap":0,"rank":7}},{"type":"Feature","geometry":{"type":"Point","coordinates":[-97.44,35.22]},"properties":{"name":"Norman","iso":"US","pop":113525,"cap":0,"rank":7}},{"type":"Feature","geometry":{"type":"Point","coordinates":[-92.12,32.51]},"properties":{"name":"Monroe","iso":"US","pop":101724,"cap":0,"rank":7}},{"type":"Feature","geometry":{"type":"Point","coordinates":[-98.16,26.3]},"properties":{"name":"Edinburg","iso":"US","pop":150000,"cap":0,"rank":7}},{"type":"Feature","geometry":{"type":"Point","coordinates":[-97.73,31.12]},"properties":{"name":"Killeen","iso":"US","pop":137919,"cap":0,"rank":7}},{"type":"Feature","geometry":{"type":"Point","coordinates":[-94.1,30.09]},"properties":{"name":"Beaumont","iso":"US","pop":111485,"cap":0,"rank":7}},{"type":"Feature","geometry":{"type":"Point","coordinates":[-97.13,33.22]},"properties":{"name":"Denton","iso":"US","pop":176930,"cap":0,"rank":7}},{"type":"Feature","geometry":{"type":"Point","coordinates":[-68.01,10.46]},"properties":{"name":"Puerto Cabello","iso":"VE","pop":174000,"cap":0,"rank":7}},{"type":"Feature","geometry":{"type":"Point","coordinates":[-69.2,9.58]},"properties":{"name":"Acarigua","iso":"VE","pop":260921,"cap":0,"rank":7}},{"type":"Feature","geometry":{"type":"Point","coordinates":[-72.9,41.33]},"properties":{"name":"New Haven","iso":"US","pop":846766,"cap":0,"rank":7}},{"type":"Feature","geometry":{"type":"Point","coordinates":[-71.32,42.63]},"properties":{"name":"Lowell","iso":"US","pop":723629,"cap":0,"rank":7}},{"type":"Feature","geometry":{"type":"Point","coordinates":[-71.8,42.27]},"properties":{"name":"Worcester","iso":"US","pop":287365,"cap":0,"rank":7}},{"type":"Feature","geometry":{"type":"Point","coordinates":[-71.46,43.0]},"properties":{"name":"Manchester","iso":"US","pop":196566,"cap":0,"rank":7}},{"type":"Feature","geometry":{"type":"Point","coordinates":[-87.54,33.23]},"properties":{"name":"Tuscaloosa","iso":"US","pop":121373,"cap":0,"rank":7}},{"type":"Feature","geometry":{"type":"Point","coordinates":[-80.29,25.72]},"properties":{"name":"Coral Gables","iso":"US","pop":150000,"cap":0,"rank":7}},{"type":"Feature","geometry":{"type":"Point","coordinates":[-81.98,26.6]},"properties":{"name":"Cape Coral","iso":"US","pop":132489,"cap":0,"rank":7}},{"type":"Feature","geometry":{"type":"Point","coordinates":[-81.79,26.14]},"properties":{"name":"Naples","iso":"US","pop":262306,"cap":0,"rank":7}},{"type":"Feature","geometry":{"type":"Point","coordinates":[-80.33,27.45]},"properties":{"name":"Fort Pierce","iso":"US","pop":228245,"cap":0,"rank":7}},{"type":"Feature","geometry":{"type":"Point","coordinates":[-81.41,28.29]},"properties":{"name":"Kissimmee","iso":"US","pop":225494,"cap":0,"rank":7}},{"type":"Feature","geometry":{"type":"Point","coordinates":[-82.14,29.19]},"properties":{"name":"Ocala","iso":"US","pop":141382,"cap":0,"rank":7}},{"type":"Feature","geometry":{"type":"Point","coordinates":[-80.14,26.14]},"properties":{"name":"Fort Lauderdale","iso":"US","pop":2042042,"cap":0,"rank":7}},{"type":"Feature","geometry":{"type":"Point","coordinates":[-83.38,33.96]},"properties":{"name":"Athens","iso":"US","pop":110301,"cap":0,"rank":7}},{"type":"Feature","geometry":{"type":"Point","coordinates":[-83.63,32.85]},"properties":{"name":"Macon","iso":"US","pop":115592,"cap":0,"rank":7}},{"type":"Feature","geometry":{"type":"Point","coordinates":[-84.98,32.47]},"properties":{"name":"Columbus","iso":"US","pop":217980,"cap":0,"rank":7}},{"type":"Feature","geometry":{"type":"Point","coordinates":[-82.39,34.85]},"properties":{"name":"Greenville","iso":"US","pop":350954,"cap":0,"rank":7}},{"type":"Feature","geometry":{"type":"Point","coordinates":[-88.2,40.11]},"properties":{"name":"Urbana","iso":"US","pop":144074,"cap":0,"rank":7}},{"type":"Feature","geometry":{"type":"Point","coordinates":[-88.99,40.48]},"properties":{"name":"Bloomington","iso":"US","pop":128979,"cap":0,"rank":7}},{"type":"Feature","geometry":{"type":"Point","coordinates":[-87.84,42.36]},"properties":{"name":"Waukegan","iso":"US","pop":200000,"cap":0,"rank":7}},{"type":"Feature","geometry":{"type":"Point","coordinates":[-88.3,41.77]},"properties":{"name":"Aurora","iso":"US","pop":350000,"cap":0,"rank":7}},{"type":"Feature","geometry":{"type":"Point","coordinates":[-90.0,38.53]},"properties":{"name":"Belleville","iso":"US","pop":143900,"cap":0,"rank":7}},{"type":"Feature","geometry":{"type":"Point","coordinates":[-86.53,39.17]},"properties":{"name":"Bloomington","iso":"US","pop":100310,"cap":0,"rank":7}},{"type":"Feature","geometry":{"type":"Point","coordinates":[-87.33,41.58]},"properties":{"name":"Gary","iso":"US","pop":591180,"cap":0,"rank":7}},{"type":"Feature","geometry":{"type":"Point","coordinates":[-85.13,41.08]},"properties":{"name":"Fort Wayne","iso":"US","pop":299871,"cap":0,"rank":7}},{"type":"Feature","geometry":{"type":"Point","coordinates":[-84.51,39.08]},"properties":{"name":"Covington","iso":"US","pop":585489,"cap":0,"rank":7}},{"type":"Feature","geometry":{"type":"Point","coordinates":[-78.89,35.05]},"properties":{"name":"Fayetteville","iso":"US","pop":243306,"cap":0,"rank":7}},{"type":"Feature","geometry":{"type":"Point","coordinates":[-82.55,35.6]},"properties":{"name":"Asheville","iso":"US","pop":142755,"cap":0,"rank":7}},{"type":"Feature","geometry":{"type":"Point","coordinates":[-80.26,36.11]},"properties":{"name":"Winston-Salem","iso":"US","pop":281683,"cap":0,"rank":7}},{"type":"Feature","geometry":{"type":"Point","coordinates":[-81.52,41.07]},"properties":{"name":"Akron","iso":"US","pop":703200,"cap":0,"rank":7}},{"type":"Feature","geometry":{"type":"Point","coordinates":[-86.39,35.85]},"properties":{"name":"Murfreesboro","iso":"US","pop":115774,"cap":0,"rank":7}},{"type":"Feature","geometry":{"type":"Point","coordinates":[-87.36,36.53]},"properties":{"name":"Clarksville","iso":"US","pop":132536,"cap":0,"rank":7}},{"type":"Feature","geometry":{"type":"Point","coordinates":[-77.06,38.8]},"properties":{"name":"Alexandria","iso":"US","pop":127273,"cap":0,"rank":7}},{"type":"Feature","geometry":{"type":"Point","coordinates":[-77.46,38.3]},"properties":{"name":"Fredericksburg","iso":"US","pop":133134,"cap":0,"rank":7}},{"type":"Feature","geometry":{"type":"Point","coordinates":[-79.94,37.27]},"properties":{"name":"Roanoke","iso":"US","pop":198171,"cap":0,"rank":7}},{"type":"Feature","geometry":{"type":"Point","coordinates":[-87.81,42.73]},"properties":{"name":"Racine","iso":"US","pop":131654,"cap":0,"rank":7}},{"type":"Feature","geometry":{"type":"Point","coordinates":[-75.55,39.75]},"properties":{"name":"Wilmington","iso":"US","pop":161560,"cap":0,"rank":7}},{"type":"Feature","geometry":{"type":"Point","coordinates":[-74.17,40.7]},"properties":{"name":"Newark","iso":"US","pop":280123,"cap":0,"rank":7}},{"type":"Feature","geometry":{"type":"Point","coordinates":[-73.94,42.81]},"properties":{"name":"Schenectady","iso":"US","pop":149255,"cap":0,"rank":7}},{"type":"Feature","geometry":{"type":"Point","coordinates":[-75.92,42.1]},"properties":{"name":"Binghamton","iso":"US","pop":139895,"cap":0,"rank":7}},{"type":"Feature","geometry":{"type":"Point","coordinates":[-75.23,43.1]},"properties":{"name":"Utica","iso":"US","pop":105150,"cap":0,"rank":7}},{"type":"Feature","geometry":{"type":"Point","coordinates":[-79.04,43.09]},"properties":{"name":"Niagara Falls","iso":"US","pop":153134,"cap":0,"rank":7}},{"type":"Feature","geometry":{"type":"Point","coordinates":[-76.73,39.96]},"properties":{"name":"York","iso":"US","pop":218010,"cap":0,"rank":7}},{"type":"Feature","geometry":{"type":"Point","coordinates":[-75.66,41.41]},"properties":{"name":"Scranton","iso":"US","pop":156196,"cap":0,"rank":7}},{"type":"Feature","geometry":{"type":"Point","coordinates":[-80.08,42.13]},"properties":{"name":"Erie","iso":"US","pop":178182,"cap":0,"rank":7}},{"type":"Feature","geometry":{"type":"Point","coordinates":[-75.88,41.25]},"properties":{"name":"Wilkes-Barre","iso":"US","pop":158913,"cap":0,"rank":7}},{"type":"Feature","geometry":{"type":"Point","coordinates":[-64.72,10.13]},"properties":{"name":"Barcelona","iso":"VE","pop":600954,"cap":0,"rank":7}},{"type":"Feature","geometry":{"type":"Point","coordinates":[-64.26,8.89]},"properties":{"name":"El Tigre","iso":"VE","pop":197440,"cap":0,"rank":7}},{"type":"Feature","geometry":{"type":"Point","coordinates":[-66.97,10.6]},"properties":{"name":"Maiquet\u00eda","iso":"VE","pop":315442,"cap":0,"rank":7}},{"type":"Feature","geometry":{"type":"Point","coordinates":[-67.44,8.93]},"properties":{"name":"Calabozo","iso":"VE","pop":117132,"cap":0,"rank":7}},{"type":"Feature","geometry":{"type":"Point","coordinates":[-63.85,10.96]},"properties":{"name":"Porlamar","iso":"VE","pop":196934,"cap":0,"rank":7}},{"type":"Feature","geometry":{"type":"Point","coordinates":[-83.72,42.3]},"properties":{"name":"Ann Arbor","iso":"US","pop":265976,"cap":0,"rank":7}},{"type":"Feature","geometry":{"type":"Point","coordinates":[-85.59,42.29]},"properties":{"name":"Kalamazoo","iso":"US","pop":183381,"cap":0,"rank":7}},{"type":"Feature","geometry":{"type":"Point","coordinates":[-86.25,43.23]},"properties":{"name":"Muskegon","iso":"US","pop":101177,"cap":0,"rank":7}},{"type":"Feature","geometry":{"type":"Point","coordinates":[-83.69,43.01]},"properties":{"name":"Flint","iso":"US","pop":295212,"cap":0,"rank":7}},{"type":"Feature","geometry":{"type":"Point","coordinates":[-85.67,42.96]},"properties":{"name":"Grand Rapids","iso":"US","pop":535829,"cap":0,"rank":7}},{"type":"Feature","geometry":{"type":"Point","coordinates":[-2.43,36.83]},"properties":{"name":"Almer\u00eda","iso":"ES","pop":179405,"cap":0,"rank":7}},{"type":"Feature","geometry":{"type":"Point","coordinates":[-4.42,36.72]},"properties":{"name":"M\u00e1laga","iso":"ES","pop":550058,"cap":0,"rank":7}},{"type":"Feature","geometry":{"type":"Point","coordinates":[-3.8,37.77]},"properties":{"name":"Ja\u00e9n","iso":"ES","pop":116400,"cap":0,"rank":7}},{"type":"Feature","geometry":{"type":"Point","coordinates":[-6.93,37.25]},"properties":{"name":"Huelva","iso":"ES","pop":144174,"cap":0,"rank":7}},{"type":"Feature","geometry":{"type":"Point","coordinates":[-1.87,39.0]},"properties":{"name":"Albacete","iso":"ES","pop":158094,"cap":0,"rank":7}},{"type":"Feature","geometry":{"type":"Point","coordinates":[-3.8,43.38]},"properties":{"name":"Santander","iso":"ES","pop":208763,"cap":0,"rank":7}},{"type":"Feature","geometry":{"type":"Point","coordinates":[-5.67,40.97]},"properties":{"name":"Salamanca","iso":"ES","pop":162353,"cap":0,"rank":7}},{"type":"Feature","geometry":{"type":"Point","coordinates":[-3.68,42.35]},"properties":{"name":"Burgos","iso":"ES","pop":170183,"cap":0,"rank":7}},{"type":"Feature","geometry":{"type":"Point","coordinates":[0.63,6.9]},"properties":{"name":"Kpalim\u00e9","iso":"TG","pop":100479,"cap":0,"rank":7}},{"type":"Feature","geometry":{"type":"Point","coordinates":[1.15,8.99]},"properties":{"name":"Sokod\u00e9","iso":"TG","pop":117811,"cap":0,"rank":7}},{"type":"Feature","geometry":{"type":"Point","coordinates":[11.1,33.51]},"properties":{"name":"Zarzis","iso":"TN","pop":159161,"cap":0,"rank":7}},{"type":"Feature","geometry":{"type":"Point","coordinates":[1.25,41.12]},"properties":{"name":"Tarragona","iso":"ES","pop":126291,"cap":0,"rank":7}},{"type":"Feature","geometry":{"type":"Point","coordinates":[9.85,37.29]},"properties":{"name":"Bizerte","iso":"TN","pop":139843,"cap":0,"rank":7}},{"type":"Feature","geometry":{"type":"Point","coordinates":[10.73,36.46]},"properties":{"name":"Nabeul","iso":"TN","pop":115149,"cap":0,"rank":7}},{"type":"Feature","geometry":{"type":"Point","coordinates":[10.1,33.9]},"properties":{"name":"Gab\u00e8s","iso":"TN","pop":219517,"cap":0,"rank":7}},{"type":"Feature","geometry":{"type":"Point","coordinates":[8.78,34.42]},"properties":{"name":"Gafsa","iso":"TN","pop":126803,"cap":0,"rank":7}},{"type":"Feature","geometry":{"type":"Point","coordinates":[10.1,35.68]},"properties":{"name":"Qairouan","iso":"TN","pop":144522,"cap":0,"rank":7}},{"type":"Feature","geometry":{"type":"Point","coordinates":[35.89,34.88]},"properties":{"name":"Tartus","iso":"SY","pop":162980,"cap":0,"rank":7}},{"type":"Feature","geometry":{"type":"Point","coordinates":[39.02,35.93]},"properties":{"name":"Ar Raqqah","iso":"SY","pop":177636,"cap":0,"rank":7}},{"type":"Feature","geometry":{"type":"Point","coordinates":[36.73,35.15]},"properties":{"name":"Hamah","iso":"SY","pop":460602,"cap":0,"rank":7}},{"type":"Feature","geometry":{"type":"Point","coordinates":[40.13,35.33]},"properties":{"name":"Dayr az Zawr","iso":"SY","pop":309141,"cap":0,"rank":7}},{"type":"Feature","geometry":{"type":"Point","coordinates":[34.35,11.77]},"properties":{"name":"Ad Damaz\u012bn","iso":"SD","pop":186051,"cap":0,"rank":7}},{"type":"Feature","geometry":{"type":"Point","coordinates":[43.32,14.2]},"properties":{"name":"Zab\u012bd","iso":"YE","pop":152504,"cap":0,"rank":7}},{"type":"Feature","geometry":{"type":"Point","coordinates":[43.6,15.69]},"properties":{"name":"Hajjah","iso":"YE","pop":208287,"cap":0,"rank":7}},{"type":"Feature","geometry":{"type":"Point","coordinates":[8.28,47.05]},"properties":{"name":"Luzern","iso":"CH","pop":250000,"cap":0,"rank":7}},{"type":"Feature","geometry":{"type":"Point","coordinates":[8.97,46.0]},"properties":{"name":"Lugano","iso":"CH","pop":105388,"cap":0,"rank":7}},{"type":"Feature","geometry":{"type":"Point","coordinates":[33.36,45.2]},"properties":{"name":"Yevpatoriya","iso":"RU","pop":105223,"cap":0,"rank":7}},{"type":"Feature","geometry":{"type":"Point","coordinates":[36.49,45.37]},"properties":{"name":"Kerch","iso":"RU","pop":152195,"cap":0,"rank":7}},{"type":"Feature","geometry":{"type":"Point","coordinates":[34.1,44.95]},"properties":{"name":"Simferopol","iso":"RU","pop":358108,"cap":0,"rank":7}},{"type":"Feature","geometry":{"type":"Point","coordinates":[32.6,46.63]},"properties":{"name":"Kherson","iso":"UA","pop":320477,"cap":0,"rank":7}},{"type":"Feature","geometry":{"type":"Point","coordinates":[31.89,51.05]},"properties":{"name":"Nizhyn","iso":"UA","pop":116288,"cap":0,"rank":7}},{"type":"Feature","geometry":{"type":"Point","coordinates":[26.25,50.62]},"properties":{"name":"Rivne","iso":"UA","pop":255106,"cap":0,"rank":7}},{"type":"Feature","geometry":{"type":"Point","coordinates":[25.92,48.31]},"properties":{"name":"Chernivtsi","iso":"UA","pop":298251,"cap":0,"rank":7}},{"type":"Feature","geometry":{"type":"Point","coordinates":[24.71,48.93]},"properties":{"name":"Ivano-Frankivsk","iso":"UA","pop":241239,"cap":0,"rank":7}},{"type":"Feature","geometry":{"type":"Point","coordinates":[25.58,49.54]},"properties":{"name":"Ternopil","iso":"UA","pop":244768,"cap":0,"rank":7}},{"type":"Feature","geometry":{"type":"Point","coordinates":[25.33,50.75]},"properties":{"name":"Lutsk","iso":"UA","pop":213661,"cap":0,"rank":7}},{"type":"Feature","geometry":{"type":"Point","coordinates":[32.07,49.43]},"properties":{"name":"Cherkasy","iso":"UA","pop":297568,"cap":0,"rank":7}},{"type":"Feature","geometry":{"type":"Point","coordinates":[32.26,48.5]},"properties":{"name":"Kirovohrad","iso":"UA","pop":249454,"cap":0,"rank":7}},{"type":"Feature","geometry":{"type":"Point","coordinates":[28.48,49.23]},"properties":{"name":"Vinnytsya","iso":"UA","pop":352115,"cap":0,"rank":7}},{"type":"Feature","geometry":{"type":"Point","coordinates":[34.41,47.57]},"properties":{"name":"Nikopol","iso":"UA","pop":130500,"cap":0,"rank":7}},{"type":"Feature","geometry":{"type":"Point","coordinates":[38.43,48.92]},"properties":{"name":"Lysychansk","iso":"UA","pop":124421,"cap":0,"rank":7}},{"type":"Feature","geometry":{"type":"Point","coordinates":[39.33,48.57]},"properties":{"name":"Luhansk","iso":"UA","pop":452000,"cap":0,"rank":7}},{"type":"Feature","geometry":{"type":"Point","coordinates":[34.57,49.57]},"properties":{"name":"Poltava","iso":"UA","pop":317847,"cap":0,"rank":7}},{"type":"Feature","geometry":{"type":"Point","coordinates":[33.43,49.08]},"properties":{"name":"Kremenchuk","iso":"UA","pop":232742,"cap":0,"rank":7}},{"type":"Feature","geometry":{"type":"Point","coordinates":[35.38,46.84]},"properties":{"name":"Melitopol","iso":"UA","pop":158000,"cap":0,"rank":7}},{"type":"Feature","geometry":{"type":"Point","coordinates":[55.94,25.79]},"properties":{"name":"Ras al Khaymah","iso":"AE","pop":160849,"cap":0,"rank":7}},{"type":"Feature","geometry":{"type":"Point","coordinates":[55.74,24.23]},"properties":{"name":"Al Ayn","iso":"AE","pop":408733,"cap":0,"rank":7}},{"type":"Feature","geometry":{"type":"Point","coordinates":[54.36,39.51]},"properties":{"name":"Balkanabat","iso":"TM","pop":110827,"cap":0,"rank":7}},{"type":"Feature","geometry":{"type":"Point","coordinates":[64.55,39.72]},"properties":{"name":"Kogon","iso":"UZ","pop":107566,"cap":0,"rank":7}},{"type":"Feature","geometry":{"type":"Point","coordinates":[60.36,41.39]},"properties":{"name":"Khiwa","iso":"UZ","pop":149751,"cap":0,"rank":7}},{"type":"Feature","geometry":{"type":"Point","coordinates":[65.35,40.11]},"properties":{"name":"Navoi","iso":"UZ","pop":214828,"cap":0,"rank":7}},{"type":"Feature","geometry":{"type":"Point","coordinates":[66.83,39.06]},"properties":{"name":"Shahrisabz","iso":"UZ","pop":498545,"cap":0,"rank":7}},{"type":"Feature","geometry":{"type":"Point","coordinates":[65.8,38.87]},"properties":{"name":"Qarshi","iso":"UZ","pop":386361,"cap":0,"rank":7}},{"type":"Feature","geometry":{"type":"Point","coordinates":[70.94,40.54]},"properties":{"name":"Qoqon","iso":"UZ","pop":350000,"cap":0,"rank":7}},{"type":"Feature","geometry":{"type":"Point","coordinates":[69.78,37.92]},"properties":{"name":"Kulob","iso":"TJ","pop":115164,"cap":0,"rank":7}},{"type":"Feature","geometry":{"type":"Point","coordinates":[69.0,39.92]},"properties":{"name":"Uroteppa","iso":"TJ","pop":156621,"cap":0,"rank":7}},{"type":"Feature","geometry":{"type":"Point","coordinates":[67.83,40.1]},"properties":{"name":"Jizzax","iso":"UZ","pop":235352,"cap":0,"rank":7}},{"type":"Feature","geometry":{"type":"Point","coordinates":[70.15,41.03]},"properties":{"name":"Angren","iso":"UZ","pop":202070,"cap":0,"rank":7}},{"type":"Feature","geometry":{"type":"Point","coordinates":[69.6,40.85]},"properties":{"name":"Olmaliq","iso":"UZ","pop":121207,"cap":0,"rank":7}},{"type":"Feature","geometry":{"type":"Point","coordinates":[99.61,7.56]},"properties":{"name":"Trang","iso":"TH","pop":147820,"cap":0,"rank":7}},{"type":"Feature","geometry":{"type":"Point","coordinates":[101.29,6.55]},"properties":{"name":"Yala","iso":"TH","pop":148140,"cap":0,"rank":7}},{"type":"Feature","geometry":{"type":"Point","coordinates":[99.83,19.91]},"properties":{"name":"Chiang Rai","iso":"TH","pop":117127,"cap":0,"rank":7}},{"type":"Feature","geometry":{"type":"Point","coordinates":[99.48,18.29]},"properties":{"name":"Lampang","iso":"TH","pop":204081,"cap":0,"rank":7}},{"type":"Feature","geometry":{"type":"Point","coordinates":[100.27,16.83]},"properties":{"name":"Phitsanulok","iso":"TH","pop":164017,"cap":0,"rank":7}},{"type":"Feature","geometry":{"type":"Point","coordinates":[100.57,14.36]},"properties":{"name":"Ayutthaya","iso":"TH","pop":145615,"cap":0,"rank":7}},{"type":"Feature","geometry":{"type":"Point","coordinates":[100.53,14.02]},"properties":{"name":"Pathum Thani","iso":"TH","pop":154412,"cap":0,"rank":7}},{"type":"Feature","geometry":{"type":"Point","coordinates":[100.48,13.83]},"properties":{"name":"Nonthaburi","iso":"TH","pop":258550,"cap":0,"rank":7}},{"type":"Feature","geometry":{"type":"Point","coordinates":[99.82,13.54]},"properties":{"name":"Ratchaburi","iso":"TH","pop":106996,"cap":0,"rank":7}},{"type":"Feature","geometry":{"type":"Point","coordinates":[100.61,13.61]},"properties":{"name":"Samut Prakan","iso":"TH","pop":388920,"cap":0,"rank":7}},{"type":"Feature","geometry":{"type":"Point","coordinates":[107.1,20.96]},"properties":{"name":"Hong Gai","iso":"VN","pop":172915,"cap":0,"rank":7}},{"type":"Feature","geometry":{"type":"Point","coordinates":[107.32,21.04]},"properties":{"name":"C\u1ea9m Ph\u1ea3","iso":"VN","pop":135477,"cap":0,"rank":7}},{"type":"Feature","geometry":{"type":"Point","coordinates":[100.93,13.16]},"properties":{"name":"Si Racha","iso":"TH","pop":178916,"cap":0,"rank":7}},{"type":"Feature","geometry":{"type":"Point","coordinates":[101.0,13.4]},"properties":{"name":"Chon Buri","iso":"TH","pop":226618,"cap":0,"rank":7}},{"type":"Feature","geometry":{"type":"Point","coordinates":[102.75,17.87]},"properties":{"name":"Nong Khai","iso":"TH","pop":104505,"cap":0,"rank":7}},{"type":"Feature","geometry":{"type":"Point","coordinates":[102.79,17.4]},"properties":{"name":"Udon Thani","iso":"TH","pop":247231,"cap":0,"rank":7}},{"type":"Feature","geometry":{"type":"Point","coordinates":[105.34,20.81]},"properties":{"name":"Hoa Binh","iso":"VN","pop":105260,"cap":0,"rank":7}},{"type":"Feature","geometry":{"type":"Point","coordinates":[105.51,21.14]},"properties":{"name":"S\u01a1n T\u00e2y","iso":"VN","pop":189547,"cap":0,"rank":7}},{"type":"Feature","geometry":{"type":"Point","coordinates":[105.98,20.25]},"properties":{"name":"Ninh B\u00ecnh","iso":"VN","pop":130517,"cap":0,"rank":7}},{"type":"Feature","geometry":{"type":"Point","coordinates":[105.43,21.33]},"properties":{"name":"Vi\u1ec7t Tr\u00ec","iso":"VN","pop":350000,"cap":0,"rank":7}},{"type":"Feature","geometry":{"type":"Point","coordinates":[105.9,18.33]},"properties":{"name":"H\u00e0 T\u0129nh","iso":"VN","pop":165396,"cap":0,"rank":7}},{"type":"Feature","geometry":{"type":"Point","coordinates":[108.05,12.67]},"properties":{"name":"Buon Me Thuot","iso":"VN","pop":349945,"cap":0,"rank":7}},{"type":"Feature","geometry":{"type":"Point","coordinates":[108.42,11.93]},"properties":{"name":"Da Lat","iso":"VN","pop":256019,"cap":0,"rank":7}},{"type":"Feature","geometry":{"type":"Point","coordinates":[108.98,11.57]},"properties":{"name":"Phan Rang","iso":"VN","pop":179773,"cap":0,"rank":7}},{"type":"Feature","geometry":{"type":"Point","coordinates":[107.98,14.38]},"properties":{"name":"Kon Tum","iso":"VN","pop":105489,"cap":0,"rank":7}},{"type":"Feature","geometry":{"type":"Point","coordinates":[108.83,15.15]},"properties":{"name":"Qu\u1ea3ng Ng\u00e3i","iso":"VN","pop":250000,"cap":0,"rank":7}},{"type":"Feature","geometry":{"type":"Point","coordinates":[107.08,10.36]},"properties":{"name":"Vung Tau","iso":"VN","pop":248767,"cap":0,"rank":7}},{"type":"Feature","geometry":{"type":"Point","coordinates":[108.1,10.93]},"properties":{"name":"Phan Thiet","iso":"VN","pop":336846,"cap":0,"rank":7}},{"type":"Feature","geometry":{"type":"Point","coordinates":[105.42,10.38]},"properties":{"name":"Long Xuyen","iso":"VN","pop":350000,"cap":0,"rank":7}},{"type":"Feature","geometry":{"type":"Point","coordinates":[105.09,10.02]},"properties":{"name":"R\u1ea1ch Gi\u00e1","iso":"VN","pop":300000,"cap":0,"rank":7}},{"type":"Feature","geometry":{"type":"Point","coordinates":[106.42,10.53]},"properties":{"name":"Tan An","iso":"VN","pop":137498,"cap":0,"rank":7}},{"type":"Feature","geometry":{"type":"Point","coordinates":[106.35,10.35]},"properties":{"name":"M\u1ef9 Tho","iso":"VN","pop":124143,"cap":0,"rank":7}},{"type":"Feature","geometry":{"type":"Point","coordinates":[105.72,9.28]},"properties":{"name":"B\u1ea1c Li\u00eau","iso":"VN","pop":225000,"cap":0,"rank":7}},{"type":"Feature","geometry":{"type":"Point","coordinates":[105.15,9.18]},"properties":{"name":"C\u00e0 Mau","iso":"VN","pop":356636,"cap":0,"rank":7}},{"type":"Feature","geometry":{"type":"Point","coordinates":[105.98,9.6]},"properties":{"name":"S\u00f3c Tr\u0103ng","iso":"VN","pop":300000,"cap":0,"rank":7}},{"type":"Feature","geometry":{"type":"Point","coordinates":[31.18,-10.2]},"properties":{"name":"Kasama","iso":"ZM","pop":200000,"cap":0,"rank":7}},{"type":"Feature","geometry":{"type":"Point","coordinates":[27.85,-12.54]},"properties":{"name":"Chingola","iso":"ZM","pop":182015,"cap":0,"rank":7}},{"type":"Feature","geometry":{"type":"Point","coordinates":[-0.98,37.6]},"properties":{"name":"Cartagena","iso":"ES","pop":201274,"cap":0,"rank":7}},{"type":"Feature","geometry":{"type":"Point","coordinates":[-5.83,43.35]},"properties":{"name":"Oviedo","iso":"ES","pop":235651,"cap":0,"rank":7}},{"type":"Feature","geometry":{"type":"Point","coordinates":[-6.97,38.88]},"properties":{"name":"Badajoz","iso":"ES","pop":140133,"cap":0,"rank":7}},{"type":"Feature","geometry":{"type":"Point","coordinates":[-2.43,42.47]},"properties":{"name":"Logro\u00f1o","iso":"ES","pop":143698,"cap":0,"rank":7}},{"type":"Feature","geometry":{"type":"Point","coordinates":[-1.98,43.32]},"properties":{"name":"San Sebasti\u00e1n","iso":"ES","pop":357468,"cap":0,"rank":7}},{"type":"Feature","geometry":{"type":"Point","coordinates":[30.68,4.09]},"properties":{"name":"Yei","iso":"SS","pop":185000,"cap":0,"rank":7}},{"type":"Feature","geometry":{"type":"Point","coordinates":[32.98,14.25]},"properties":{"name":"El Manaqil","iso":"SD","pop":151827,"cap":0,"rank":7}},{"type":"Feature","geometry":{"type":"Point","coordinates":[33.42,16.68]},"properties":{"name":"Shendi","iso":"SD","pop":186611,"cap":0,"rank":7}},{"type":"Feature","geometry":{"type":"Point","coordinates":[-73.75,18.2]},"properties":{"name":"Les Cayes","iso":"HT","pop":175457,"cap":0,"rank":7}},{"type":"Feature","geometry":{"type":"Point","coordinates":[-72.68,19.45]},"properties":{"name":"Gona\u00efves","iso":"HT","pop":166678,"cap":0,"rank":7}},{"type":"Feature","geometry":{"type":"Point","coordinates":[-2.11,57.15]},"properties":{"name":"Aberdeen","iso":"GB","pop":189364,"cap":0,"rank":7}},{"type":"Feature","geometry":{"type":"Point","coordinates":[-3.0,56.47]},"properties":{"name":"Dundee","iso":"GB","pop":151592,"cap":0,"rank":7}},{"type":"Feature","geometry":{"type":"Point","coordinates":[-1.23,54.58]},"properties":{"name":"Middlesbrough","iso":"GB","pop":416042,"cap":0,"rank":7}},{"type":"Feature","geometry":{"type":"Point","coordinates":[-1.5,52.4]},"properties":{"name":"Coventry","iso":"GB","pop":388271,"cap":0,"rank":7}},{"type":"Feature","geometry":{"type":"Point","coordinates":[-3.53,50.7]},"properties":{"name":"Exeter","iso":"GB","pop":113118,"cap":0,"rank":7}},{"type":"Feature","geometry":{"type":"Point","coordinates":[0.12,52.2]},"properties":{"name":"Cambridge","iso":"GB","pop":128488,"cap":0,"rank":7}},{"type":"Feature","geometry":{"type":"Point","coordinates":[-0.33,53.75]},"properties":{"name":"Kingston upon Hull","iso":"GB","pop":302296,"cap":0,"rank":7}},{"type":"Feature","geometry":{"type":"Point","coordinates":[-1.07,53.95]},"properties":{"name":"York","iso":"GB","pop":158947,"cap":0,"rank":7}},{"type":"Feature","geometry":{"type":"Point","coordinates":[-3.05,53.83]},"properties":{"name":"Blackpool","iso":"GB","pop":272792,"cap":0,"rank":7}},{"type":"Feature","geometry":{"type":"Point","coordinates":[-4.16,50.39]},"properties":{"name":"Plymouth","iso":"GB","pop":247297,"cap":0,"rank":7}},{"type":"Feature","geometry":{"type":"Point","coordinates":[27.89,39.65]},"properties":{"name":"Bal\u0131kesir","iso":"TR","pop":261516,"cap":0,"rank":7}},{"type":"Feature","geometry":{"type":"Point","coordinates":[26.57,41.67]},"properties":{"name":"Edirne","iso":"TR","pop":126470,"cap":0,"rank":7}},{"type":"Feature","geometry":{"type":"Point","coordinates":[27.51,40.99]},"properties":{"name":"Tekirda\u011f","iso":"TR","pop":122287,"cap":0,"rank":7}},{"type":"Feature","geometry":{"type":"Point","coordinates":[29.93,40.78]},"properties":{"name":"\u0130zmit","iso":"TR","pop":466504,"cap":0,"rank":7}},{"type":"Feature","geometry":{"type":"Point","coordinates":[30.55,38.75]},"properties":{"name":"Afyon","iso":"TR","pop":156992,"cap":0,"rank":7}},{"type":"Feature","geometry":{"type":"Point","coordinates":[29.08,37.77]},"properties":{"name":"Denizli","iso":"TR","pop":372344,"cap":0,"rank":7}},{"type":"Feature","geometry":{"type":"Point","coordinates":[27.44,38.63]},"properties":{"name":"Manisa","iso":"TR","pop":243971,"cap":0,"rank":7}},{"type":"Feature","geometry":{"type":"Point","coordinates":[38.28,37.77]},"properties":{"name":"Ad\u0131yaman","iso":"TR","pop":223744,"cap":0,"rank":7}},{"type":"Feature","geometry":{"type":"Point","coordinates":[38.3,38.37]},"properties":{"name":"Malatya","iso":"TR","pop":461574,"cap":0,"rank":7}},{"type":"Feature","geometry":{"type":"Point","coordinates":[34.88,36.92]},"properties":{"name":"Tarsus","iso":"TR","pop":894318,"cap":0,"rank":7}},{"type":"Feature","geometry":{"type":"Point","coordinates":[36.17,36.58]},"properties":{"name":"\u0130skenderun","iso":"TR","pop":297943,"cap":0,"rank":7}},{"type":"Feature","geometry":{"type":"Point","coordinates":[37.87,41.0]},"properties":{"name":"Ordu","iso":"TR","pop":155117,"cap":0,"rank":7}},{"type":"Feature","geometry":{"type":"Point","coordinates":[37.03,39.75]},"properties":{"name":"Sivas","iso":"TR","pop":264022,"cap":0,"rank":7}},{"type":"Feature","geometry":{"type":"Point","coordinates":[41.29,39.92]},"properties":{"name":"Erzurum","iso":"TR","pop":420691,"cap":0,"rank":7}},{"type":"Feature","geometry":{"type":"Point","coordinates":[39.49,39.75]},"properties":{"name":"Erzincan","iso":"TR","pop":129407,"cap":0,"rank":7}},{"type":"Feature","geometry":{"type":"Point","coordinates":[40.23,37.92]},"properties":{"name":"Diyarbak\u0131r","iso":"TR","pop":644763,"cap":0,"rank":7}},{"type":"Feature","geometry":{"type":"Point","coordinates":[1.17,52.07]},"properties":{"name":"Ipswich","iso":"GB","pop":143767,"cap":0,"rank":7}},{"type":"Feature","geometry":{"type":"Point","coordinates":[1.3,52.63]},"properties":{"name":"Norwich","iso":"GB","pop":190756,"cap":0,"rank":7}},{"type":"Feature","geometry":{"type":"Point","coordinates":[81.7,7.72]},"properties":{"name":"Batticaloa","iso":"LK","pop":129222,"cap":0,"rank":7}},{"type":"Feature","geometry":{"type":"Point","coordinates":[80.4,9.4]},"properties":{"name":"Kilinochchi","iso":"LK","pop":103717,"cap":0,"rank":7}},{"type":"Feature","geometry":{"type":"Point","coordinates":[79.88,6.78]},"properties":{"name":"Moratuwa","iso":"LK","pop":200000,"cap":0,"rank":7}},{"type":"Feature","geometry":{"type":"Point","coordinates":[127.75,34.74]},"properties":{"name":"Yeosu","iso":"KR","pop":341994,"cap":0,"rank":7}},{"type":"Feature","geometry":{"type":"Point","coordinates":[128.72,36.57]},"properties":{"name":"Andong","iso":"KR","pop":129319,"cap":0,"rank":7}},{"type":"Feature","geometry":{"type":"Point","coordinates":[126.52,33.51]},"properties":{"name":"Jeju","iso":"KR","pop":408364,"cap":0,"rank":7}},{"type":"Feature","geometry":{"type":"Point","coordinates":[-0.17,50.83]},"properties":{"name":"Brighton","iso":"GB","pop":503008,"cap":0,"rank":7}},{"type":"Feature","geometry":{"type":"Point","coordinates":[-1.25,51.75]},"properties":{"name":"Oxford","iso":"GB","pop":192796,"cap":0,"rank":7}},{"type":"Feature","geometry":{"type":"Point","coordinates":[-0.42,51.88]},"properties":{"name":"Luton","iso":"GB","pop":235958,"cap":0,"rank":7}},{"type":"Feature","geometry":{"type":"Point","coordinates":[-1.08,50.8]},"properties":{"name":"Portsmouth","iso":"GB","pop":442252,"cap":0,"rank":7}},{"type":"Feature","geometry":{"type":"Point","coordinates":[-0.25,52.57]},"properties":{"name":"Peterborough","iso":"GB","pop":140141,"cap":0,"rank":7}},{"type":"Feature","geometry":{"type":"Point","coordinates":[-1.17,52.94]},"properties":{"name":"Nottingham","iso":"GB","pop":825600,"cap":0,"rank":7}},{"type":"Feature","geometry":{"type":"Point","coordinates":[-2.18,53.0]},"properties":{"name":"Stoke","iso":"GB","pop":390801,"cap":0,"rank":7}},{"type":"Feature","geometry":{"type":"Point","coordinates":[31.78,41.43]},"properties":{"name":"Zonguldak","iso":"TR","pop":156918,"cap":0,"rank":7}},{"type":"Feature","geometry":{"type":"Point","coordinates":[33.22,37.18]},"properties":{"name":"Karaman","iso":"TR","pop":120399,"cap":0,"rank":7}},{"type":"Feature","geometry":{"type":"Point","coordinates":[29.42,38.68]},"properties":{"name":"U\u015fak","iso":"TR","pop":152862,"cap":0,"rank":7}},{"type":"Feature","geometry":{"type":"Point","coordinates":[33.53,39.85]},"properties":{"name":"K\u0131r\u0131kkale","iso":"TR","pop":211138,"cap":0,"rank":7}},{"type":"Feature","geometry":{"type":"Point","coordinates":[41.14,37.89]},"properties":{"name":"Batman","iso":"TR","pop":302074,"cap":0,"rank":7}},{"type":"Feature","geometry":{"type":"Point","coordinates":[43.4,38.5]},"properties":{"name":"Van","iso":"TR","pop":371713,"cap":0,"rank":7}},{"type":"Feature","geometry":{"type":"Point","coordinates":[33.2,0.44]},"properties":{"name":"Jinja","iso":"UG","pop":301619,"cap":0,"rank":7}},{"type":"Feature","geometry":{"type":"Point","coordinates":[30.9,3.02]},"properties":{"name":"Arua","iso":"UG","pop":250000,"cap":0,"rank":7}},{"type":"Feature","geometry":{"type":"Point","coordinates":[32.46,0.06]},"properties":{"name":"Entebbe","iso":"UG","pop":175128,"cap":0,"rank":7}},{"type":"Feature","geometry":{"type":"Point","coordinates":[32.89,2.26]},"properties":{"name":"Lira","iso":"UG","pop":135445,"cap":0,"rank":7}},{"type":"Feature","geometry":{"type":"Point","coordinates":[34.17,1.09]},"properties":{"name":"Mbale","iso":"UG","pop":402368,"cap":0,"rank":7}},{"type":"Feature","geometry":{"type":"Point","coordinates":[34.17,0.71]},"properties":{"name":"Tororo","iso":"UG","pop":150000,"cap":0,"rank":7}},{"type":"Feature","geometry":{"type":"Point","coordinates":[18.22,46.08]},"properties":{"name":"P\u00e9cs","iso":"HU","pop":186262,"cap":0,"rank":7}},{"type":"Feature","geometry":{"type":"Point","coordinates":[17.63,47.7]},"properties":{"name":"Gy\u0151r","iso":"HU","pop":136081,"cap":0,"rank":7}},{"type":"Feature","geometry":{"type":"Point","coordinates":[17.8,46.37]},"properties":{"name":"Kaposv\u00e1r","iso":"HU","pop":108528,"cap":0,"rank":7}},{"type":"Feature","geometry":{"type":"Point","coordinates":[20.78,48.1]},"properties":{"name":"Miskolc","iso":"HU","pop":247757,"cap":0,"rank":7}},{"type":"Feature","geometry":{"type":"Point","coordinates":[20.15,46.25]},"properties":{"name":"Szeged","iso":"HU","pop":187765,"cap":0,"rank":7}},{"type":"Feature","geometry":{"type":"Point","coordinates":[21.63,47.53]},"properties":{"name":"Debrecen","iso":"HU","pop":231286,"cap":0,"rank":7}},{"type":"Feature","geometry":{"type":"Point","coordinates":[20.18,47.19]},"properties":{"name":"Szolnok","iso":"HU","pop":109261,"cap":0,"rank":7}},{"type":"Feature","geometry":{"type":"Point","coordinates":[33.64,-9.25]},"properties":{"name":"Tukuyu","iso":"TZ","pop":127570,"cap":0,"rank":7}},{"type":"Feature","geometry":{"type":"Point","coordinates":[33.42,-3.66]},"properties":{"name":"Shinyanga","iso":"TZ","pop":107362,"cap":0,"rank":7}},{"type":"Feature","geometry":{"type":"Point","coordinates":[31.8,-1.32]},"properties":{"name":"Bukoba","iso":"TZ","pop":100504,"cap":0,"rank":7}},{"type":"Feature","geometry":{"type":"Point","coordinates":[29.61,-4.88]},"properties":{"name":"Kigoma","iso":"TZ","pop":164268,"cap":0,"rank":7}},{"type":"Feature","geometry":{"type":"Point","coordinates":[35.69,-7.77]},"properties":{"name":"Iringa","iso":"TZ","pop":111820,"cap":0,"rank":7}},{"type":"Feature","geometry":{"type":"Point","coordinates":[37.34,-3.34]},"properties":{"name":"Moshi","iso":"TZ","pop":721018,"cap":0,"rank":7}},{"type":"Feature","geometry":{"type":"Point","coordinates":[33.8,-1.49]},"properties":{"name":"Musoma","iso":"TZ","pop":133156,"cap":0,"rank":7}},{"type":"Feature","geometry":{"type":"Point","coordinates":[6.65,46.53]},"properties":{"name":"Lausanne","iso":"CH","pop":265702,"cap":0,"rank":7}},{"type":"Feature","geometry":{"type":"Point","coordinates":[7.59,47.58]},"properties":{"name":"Basel","iso":"CH","pop":830000,"cap":0,"rank":7}},{"type":"Feature","geometry":{"type":"Point","coordinates":[-0.48,38.35]},"properties":{"name":"Alicante","iso":"ES","pop":315863,"cap":0,"rank":7}},{"type":"Feature","geometry":{"type":"Point","coordinates":[-0.05,39.97]},"properties":{"name":"Castello","iso":"ES","pop":180610,"cap":0,"rank":7}},{"type":"Feature","geometry":{"type":"Point","coordinates":[28.42,12.69]},"properties":{"name":"En Nuhud","iso":"SD","pop":108008,"cap":0,"rank":7}},{"type":"Feature","geometry":{"type":"Point","coordinates":[29.74,-2.35]},"properties":{"name":"Nyanza","iso":"RW","pop":225209,"cap":0,"rank":7}},{"type":"Feature","geometry":{"type":"Point","coordinates":[23.83,44.33]},"properties":{"name":"Craiova","iso":"RO","pop":304142,"cap":0,"rank":7}},{"type":"Feature","geometry":{"type":"Point","coordinates":[15.65,46.54]},"properties":{"name":"Maribor","iso":"SI","pop":114228,"cap":0,"rank":7}},{"type":"Feature","geometry":{"type":"Point","coordinates":[21.22,45.76]},"properties":{"name":"Timi\u0219oara","iso":"RO","pop":315053,"cap":0,"rank":7}},{"type":"Feature","geometry":{"type":"Point","coordinates":[26.66,47.75]},"properties":{"name":"Boto\u0219ani","iso":"RO","pop":114783,"cap":0,"rank":7}},{"type":"Feature","geometry":{"type":"Point","coordinates":[23.58,47.66]},"properties":{"name":"Baia Mare","iso":"RO","pop":136553,"cap":0,"rank":7}},{"type":"Feature","geometry":{"type":"Point","coordinates":[24.56,46.56]},"properties":{"name":"Tirgu Mures","iso":"RO","pop":149433,"cap":0,"rank":7}},{"type":"Feature","geometry":{"type":"Point","coordinates":[24.88,44.86]},"properties":{"name":"Pite\u0219ti","iso":"RO","pop":171021,"cap":0,"rank":7}},{"type":"Feature","geometry":{"type":"Point","coordinates":[25.61,45.65]},"properties":{"name":"Bra\u0219ov","iso":"RO","pop":311044,"cap":0,"rank":7}},{"type":"Feature","geometry":{"type":"Point","coordinates":[26.04,44.95]},"properties":{"name":"Ploie\u0219ti","iso":"RO","pop":232542,"cap":0,"rank":7}},{"type":"Feature","geometry":{"type":"Point","coordinates":[26.92,46.58]},"properties":{"name":"Bac\u0103u","iso":"RO","pop":199668,"cap":0,"rank":7}},{"type":"Feature","geometry":{"type":"Point","coordinates":[-80.68,-4.89]},"properties":{"name":"Sullana","iso":"PE","pop":160789,"cap":0,"rank":7}},{"type":"Feature","geometry":{"type":"Point","coordinates":[-70.03,-15.83]},"properties":{"name":"Puno","iso":"PE","pop":116552,"cap":0,"rank":7}},{"type":"Feature","geometry":{"type":"Point","coordinates":[-76.14,-13.42]},"properties":{"name":"Chincha Alta","iso":"PE","pop":153076,"cap":0,"rank":7}},{"type":"Feature","geometry":{"type":"Point","coordinates":[-55.76,-22.54]},"properties":{"name":"Pedro Juan Caballero","iso":"PY","pop":102787,"cap":0,"rank":7}},{"type":"Feature","geometry":{"type":"Point","coordinates":[-85.95,11.93]},"properties":{"name":"Granada\u200e","iso":"NI","pop":105219,"cap":0,"rank":7}},{"type":"Feature","geometry":{"type":"Point","coordinates":[-87.13,12.63]},"properties":{"name":"Chinandega","iso":"NI","pop":139023,"cap":0,"rank":7}},{"type":"Feature","geometry":{"type":"Point","coordinates":[-85.92,12.92]},"properties":{"name":"Matagalpa","iso":"NI","pop":109089,"cap":0,"rank":7}},{"type":"Feature","geometry":{"type":"Point","coordinates":[-8.42,40.2]},"properties":{"name":"Coimbra","iso":"PT","pop":106582,"cap":0,"rank":7}},{"type":"Feature","geometry":{"type":"Point","coordinates":[-16.24,14.66]},"properties":{"name":"Diourbel","iso":"SN","pop":148024,"cap":0,"rank":7}},{"type":"Feature","geometry":{"type":"Point","coordinates":[-16.93,14.81]},"properties":{"name":"Thi\u00e8s","iso":"SN","pop":293001,"cap":0,"rank":7}},{"type":"Feature","geometry":{"type":"Point","coordinates":[-11.19,7.88]},"properties":{"name":"Kenema","iso":"SL","pop":143137,"cap":0,"rank":7}},{"type":"Feature","geometry":{"type":"Point","coordinates":[20.31,42.66]},"properties":{"name":"Pec","iso":"-99","pop":105163,"cap":0,"rank":7}},{"type":"Feature","geometry":{"type":"Point","coordinates":[43.96,26.37]},"properties":{"name":"Buraydah","iso":"SA","pop":398581,"cap":0,"rank":7}},{"type":"Feature","geometry":{"type":"Point","coordinates":[41.7,27.52]},"properties":{"name":"Hail","iso":"SA","pop":385257,"cap":0,"rank":7}},{"type":"Feature","geometry":{"type":"Point","coordinates":[41.02,30.99]},"properties":{"name":"Arar","iso":"SA","pop":222016,"cap":0,"rank":7}},{"type":"Feature","geometry":{"type":"Point","coordinates":[37.26,-1.51]},"properties":{"name":"Machakos","iso":"KE","pop":144925,"cap":0,"rank":7}},{"type":"Feature","geometry":{"type":"Point","coordinates":[34.99,1.03]},"properties":{"name":"Kitale","iso":"KE","pop":150495,"cap":0,"rank":7}},{"type":"Feature","geometry":{"type":"Point","coordinates":[5.78,53.25]},"properties":{"name":"Leeuwarden","iso":"NL","pop":125778,"cap":0,"rank":7}},{"type":"Feature","geometry":{"type":"Point","coordinates":[6.58,53.22]},"properties":{"name":"Groningen","iso":"NL","pop":216688,"cap":0,"rank":7}},{"type":"Feature","geometry":{"type":"Point","coordinates":[5.12,52.1]},"properties":{"name":"Utrecht","iso":"NL","pop":640000,"cap":0,"rank":7}},{"type":"Feature","geometry":{"type":"Point","coordinates":[21.12,55.72]},"properties":{"name":"Klaip\u0117da","iso":"LT","pop":192307,"cap":0,"rank":7}},{"type":"Feature","geometry":{"type":"Point","coordinates":[21.25,48.73]},"properties":{"name":"Ko\u0161ice","iso":"SK","pop":236563,"cap":0,"rank":7}},{"type":"Feature","geometry":{"type":"Point","coordinates":[23.88,54.95]},"properties":{"name":"Kaunas","iso":"LT","pop":374643,"cap":0,"rank":7}},{"type":"Feature","geometry":{"type":"Point","coordinates":[47.31,24.16]},"properties":{"name":"Al Kharj","iso":"SA","pop":298428,"cap":0,"rank":7}},{"type":"Feature","geometry":{"type":"Point","coordinates":[50.1,26.43]},"properties":{"name":"Dammam","iso":"SA","pop":2054710,"cap":0,"rank":7}},{"type":"Feature","geometry":{"type":"Point","coordinates":[45.96,28.43]},"properties":{"name":"Hafar al Batin","iso":"SA","pop":249194,"cap":0,"rank":7}},{"type":"Feature","geometry":{"type":"Point","coordinates":[49.65,27.0]},"properties":{"name":"Al Jubayl","iso":"SA","pop":237274,"cap":0,"rank":7}},{"type":"Feature","geometry":{"type":"Point","coordinates":[74.3,35.92]},"properties":{"name":"Gilgit","iso":"PK","pop":216760,"cap":0,"rank":7}},{"type":"Feature","geometry":{"type":"Point","coordinates":[74.46,31.13]},"properties":{"name":"Kasur","iso":"PK","pop":290643,"cap":0,"rank":7}},{"type":"Feature","geometry":{"type":"Point","coordinates":[73.45,30.81]},"properties":{"name":"Okara","iso":"PK","pop":223648,"cap":0,"rank":7}},{"type":"Feature","geometry":{"type":"Point","coordinates":[72.32,31.28]},"properties":{"name":"Jhang","iso":"PK","pop":341210,"cap":0,"rank":7}},{"type":"Feature","geometry":{"type":"Point","coordinates":[72.67,32.09]},"properties":{"name":"Sargodha","iso":"PK","pop":542603,"cap":0,"rank":7}},{"type":"Feature","geometry":{"type":"Point","coordinates":[70.64,30.06]},"properties":{"name":"Dera Ghazi Khan","iso":"PK","pop":236093,"cap":0,"rank":7}},{"type":"Feature","geometry":{"type":"Point","coordinates":[70.13,28.3]},"properties":{"name":"Sadiqabad","iso":"PK","pop":189876,"cap":0,"rank":7}},{"type":"Feature","geometry":{"type":"Point","coordinates":[68.4,26.25]},"properties":{"name":"Nawabshah","iso":"PK","pop":229504,"cap":0,"rank":7}},{"type":"Feature","geometry":{"type":"Point","coordinates":[73.0,40.94]},"properties":{"name":"Jalal Abad","iso":"KG","pop":248899,"cap":0,"rank":7}},{"type":"Feature","geometry":{"type":"Point","coordinates":[72.79,40.54]},"properties":{"name":"Osh","iso":"KG","pop":391277,"cap":0,"rank":7}},{"type":"Feature","geometry":{"type":"Point","coordinates":[70.6,32.99]},"properties":{"name":"Bannu","iso":"PK","pop":622419,"cap":0,"rank":7}},{"type":"Feature","geometry":{"type":"Point","coordinates":[70.9,31.83]},"properties":{"name":"Dera Ismail Khan","iso":"PK","pop":101616,"cap":0,"rank":7}},{"type":"Feature","geometry":{"type":"Point","coordinates":[84.87,27.0]},"properties":{"name":"Birganj","iso":"NP","pop":133238,"cap":0,"rank":7}},{"type":"Feature","geometry":{"type":"Point","coordinates":[87.28,26.48]},"properties":{"name":"Biratnagar","iso":"NP","pop":182324,"cap":0,"rank":7}},{"type":"Feature","geometry":{"type":"Point","coordinates":[101.03,4.01]},"properties":{"name":"Teluk Intan","iso":"MY","pop":101659,"cap":0,"rank":7}},{"type":"Feature","geometry":{"type":"Point","coordinates":[100.4,5.42]},"properties":{"name":"Butterworth","iso":"MY","pop":821652,"cap":0,"rank":7}},{"type":"Feature","geometry":{"type":"Point","coordinates":[100.48,5.65]},"properties":{"name":"Sungai Petani","iso":"MY","pop":358499,"cap":0,"rank":7}},{"type":"Feature","geometry":{"type":"Point","coordinates":[100.37,6.11]},"properties":{"name":"Alor Setar","iso":"MY","pop":336475,"cap":0,"rank":7}},{"type":"Feature","geometry":{"type":"Point","coordinates":[102.57,2.03]},"properties":{"name":"Muar","iso":"MY","pop":191346,"cap":0,"rank":7}},{"type":"Feature","geometry":{"type":"Point","coordinates":[102.93,1.85]},"properties":{"name":"Batu Pahat","iso":"MY","pop":199619,"cap":0,"rank":7}},{"type":"Feature","geometry":{"type":"Point","coordinates":[103.32,2.04]},"properties":{"name":"Keluang","iso":"MY","pop":169828,"cap":0,"rank":7}},{"type":"Feature","geometry":{"type":"Point","coordinates":[101.94,2.71]},"properties":{"name":"Seremban","iso":"MY","pop":372917,"cap":0,"rank":7}},{"type":"Feature","geometry":{"type":"Point","coordinates":[103.12,5.33]},"properties":{"name":"Kuala Terengganu","iso":"MY","pop":350210,"cap":0,"rank":7}},{"type":"Feature","geometry":{"type":"Point","coordinates":[118.34,5.05]},"properties":{"name":"Lahad Datu","iso":"MY","pop":105622,"cap":0,"rank":7}},{"type":"Feature","geometry":{"type":"Point","coordinates":[113.04,3.17]},"properties":{"name":"Bintulu","iso":"MY","pop":151617,"cap":0,"rank":7}},{"type":"Feature","geometry":{"type":"Point","coordinates":[113.98,4.4]},"properties":{"name":"Miri","iso":"MY","pop":228212,"cap":0,"rank":7}},{"type":"Feature","geometry":{"type":"Point","coordinates":[18.96,-33.7]},"properties":{"name":"Paarl","iso":"ZA","pop":187865,"cap":0,"rank":7}},{"type":"Feature","geometry":{"type":"Point","coordinates":[27.78,-25.63]},"properties":{"name":"Brits","iso":"ZA","pop":122497,"cap":0,"rank":7}},{"type":"Feature","geometry":{"type":"Point","coordinates":[27.1,-26.7]},"properties":{"name":"Potchefstroom","iso":"ZA","pop":123669,"cap":0,"rank":7}},{"type":"Feature","geometry":{"type":"Point","coordinates":[28.43,-26.27]},"properties":{"name":"Springs","iso":"ZA","pop":236083,"cap":0,"rank":7}},{"type":"Feature","geometry":{"type":"Point","coordinates":[30.98,-25.47]},"properties":{"name":"Mbombela","iso":"ZA","pop":348138,"cap":0,"rank":7}},{"type":"Feature","geometry":{"type":"Point","coordinates":[29.47,-25.76]},"properties":{"name":"Middelburg","iso":"ZA","pop":154706,"cap":0,"rank":7}},{"type":"Feature","geometry":{"type":"Point","coordinates":[29.45,-26.47]},"properties":{"name":"Bethal","iso":"ZA","pop":101919,"cap":0,"rank":7}},{"type":"Feature","geometry":{"type":"Point","coordinates":[4.63,52.38]},"properties":{"name":"Haarlem","iso":"NL","pop":349957,"cap":0,"rank":7}},{"type":"Feature","geometry":{"type":"Point","coordinates":[-5.91,35.02]},"properties":{"name":"Ksar El Kebir","iso":"MA","pop":306600,"cap":0,"rank":7}},{"type":"Feature","geometry":{"type":"Point","coordinates":[-6.16,35.2]},"properties":{"name":"Larache","iso":"MA","pop":120082,"cap":0,"rank":7}},{"type":"Feature","geometry":{"type":"Point","coordinates":[-4.02,34.22]},"properties":{"name":"Taza","iso":"MA","pop":199633,"cap":0,"rank":7}},{"type":"Feature","geometry":{"type":"Point","coordinates":[-6.58,34.27]},"properties":{"name":"Kenitra","iso":"MA","pop":551786,"cap":0,"rank":7}},{"type":"Feature","geometry":{"type":"Point","coordinates":[-7.62,33.01]},"properties":{"name":"Settat","iso":"MA","pop":161748,"cap":0,"rank":7}},{"type":"Feature","geometry":{"type":"Point","coordinates":[-4.45,31.94]},"properties":{"name":"Er Rachidia","iso":"MA","pop":228489,"cap":0,"rank":7}},{"type":"Feature","geometry":{"type":"Point","coordinates":[-5.56,33.9]},"properties":{"name":"Meknes","iso":"MA","pop":697628,"cap":0,"rank":7}},{"type":"Feature","geometry":{"type":"Point","coordinates":[-8.51,33.26]},"properties":{"name":"El Jadida","iso":"MA","pop":180470,"cap":0,"rank":7}},{"type":"Feature","geometry":{"type":"Point","coordinates":[27.91,47.76]},"properties":{"name":"B\u0103l\u021bi","iso":"MD","pop":151355,"cap":0,"rank":7}},{"type":"Feature","geometry":{"type":"Point","coordinates":[29.64,46.85]},"properties":{"name":"Tiraspol","iso":"MD","pop":157000,"cap":0,"rank":7}},{"type":"Feature","geometry":{"type":"Point","coordinates":[35.39,-23.87]},"properties":{"name":"Maxixe","iso":"MZ","pop":119868,"cap":0,"rank":7}},{"type":"Feature","geometry":{"type":"Point","coordinates":[25.39,-33.76]},"properties":{"name":"Uitenhage","iso":"ZA","pop":228912,"cap":0,"rank":7}},{"type":"Feature","geometry":{"type":"Point","coordinates":[26.88,-31.9]},"properties":{"name":"Queenstown","iso":"ZA","pop":105309,"cap":0,"rank":7}},{"type":"Feature","geometry":{"type":"Point","coordinates":[32.46,-25.97]},"properties":{"name":"Matola","iso":"MZ","pop":543907,"cap":0,"rank":7}},{"type":"Feature","geometry":{"type":"Point","coordinates":[42.06,44.29]},"properties":{"name":"Cherkessk","iso":"RU","pop":116224,"cap":0,"rank":7}},{"type":"Feature","geometry":{"type":"Point","coordinates":[44.67,43.05]},"properties":{"name":"Vladikavkaz","iso":"RU","pop":364630,"cap":0,"rank":7}},{"type":"Feature","geometry":{"type":"Point","coordinates":[43.46,56.25]},"properties":{"name":"Dzerzhinsk","iso":"RU","pop":256537,"cap":0,"rank":7}},{"type":"Feature","geometry":{"type":"Point","coordinates":[37.91,59.14]},"properties":{"name":"Cherepovets","iso":"RU","pop":311850,"cap":0,"rank":7}},{"type":"Feature","geometry":{"type":"Point","coordinates":[38.82,58.05]},"properties":{"name":"Rybinsk","iso":"RU","pop":216724,"cap":0,"rank":7}},{"type":"Feature","geometry":{"type":"Point","coordinates":[36.27,54.52]},"properties":{"name":"Kaluga","iso":"RU","pop":338978,"cap":0,"rank":7}},{"type":"Feature","geometry":{"type":"Point","coordinates":[36.62,55.08]},"properties":{"name":"Obninsk","iso":"RU","pop":107392,"cap":0,"rank":7}},{"type":"Feature","geometry":{"type":"Point","coordinates":[37.53,55.38]},"properties":{"name":"Podolsk","iso":"RU","pop":320635,"cap":0,"rank":7}},{"type":"Feature","geometry":{"type":"Point","coordinates":[38.48,55.87]},"properties":{"name":"Noginsk","iso":"RU","pop":229731,"cap":0,"rank":7}},{"type":"Feature","geometry":{"type":"Point","coordinates":[37.43,54.93]},"properties":{"name":"Serpukhov","iso":"RU","pop":135584,"cap":0,"rank":7}},{"type":"Feature","geometry":{"type":"Point","coordinates":[40.27,47.72]},"properties":{"name":"Shakhty","iso":"RU","pop":221312,"cap":0,"rank":7}},{"type":"Feature","geometry":{"type":"Point","coordinates":[45.4,50.08]},"properties":{"name":"Kamyshin","iso":"RU","pop":128626,"cap":0,"rank":7}},{"type":"Feature","geometry":{"type":"Point","coordinates":[44.77,48.79]},"properties":{"name":"Volzhskiy","iso":"RU","pop":323293,"cap":0,"rank":7}},{"type":"Feature","geometry":{"type":"Point","coordinates":[37.84,51.3]},"properties":{"name":"Starsy Oskol","iso":"RU","pop":226977,"cap":0,"rank":7}},{"type":"Feature","geometry":{"type":"Point","coordinates":[41.13,45.0]},"properties":{"name":"Armavir","iso":"RU","pop":199548,"cap":0,"rank":7}},{"type":"Feature","geometry":{"type":"Point","coordinates":[45.18,54.17]},"properties":{"name":"Saransk","iso":"RU","pop":303394,"cap":0,"rank":7}},{"type":"Feature","geometry":{"type":"Point","coordinates":[41.33,56.36]},"properties":{"name":"Kovrov","iso":"RU","pop":154224,"cap":0,"rank":7}},{"type":"Feature","geometry":{"type":"Point","coordinates":[42.04,55.57]},"properties":{"name":"Murom","iso":"RU","pop":131287,"cap":0,"rank":7}},{"type":"Feature","geometry":{"type":"Point","coordinates":[55.93,53.37]},"properties":{"name":"Salavat","iso":"RU","pop":159893,"cap":0,"rank":7}},{"type":"Feature","geometry":{"type":"Point","coordinates":[54.26,56.08]},"properties":{"name":"Neftekamsk","iso":"RU","pop":126805,"cap":0,"rank":7}},{"type":"Feature","geometry":{"type":"Point","coordinates":[60.09,55.0]},"properties":{"name":"Miass","iso":"RU","pop":167500,"cap":0,"rank":7}},{"type":"Feature","geometry":{"type":"Point","coordinates":[77.52,67.75]},"properties":{"name":"Nakhodka","iso":"RU","pop":159551,"cap":0,"rank":7}},{"type":"Feature","geometry":{"type":"Point","coordinates":[47.87,56.64]},"properties":{"name":"Yoshkar Ola","iso":"RU","pop":324406,"cap":0,"rank":7}},{"type":"Feature","geometry":{"type":"Point","coordinates":[61.94,56.42]},"properties":{"name":"Kamensk Uralskiy","iso":"RU","pop":182500,"cap":0,"rank":7}},{"type":"Feature","geometry":{"type":"Point","coordinates":[53.8,56.48]},"properties":{"name":"Sarapul","iso":"RU","pop":101344,"cap":0,"rank":7}},{"type":"Feature","geometry":{"type":"Point","coordinates":[52.63,58.12]},"properties":{"name":"Glazov","iso":"RU","pop":100676,"cap":0,"rank":7}},{"type":"Feature","geometry":{"type":"Point","coordinates":[49.42,53.51]},"properties":{"name":"Tolyatti","iso":"RU","pop":702879,"cap":0,"rank":7}},{"type":"Feature","geometry":{"type":"Point","coordinates":[46.12,51.5]},"properties":{"name":"Engels","iso":"RU","pop":196011,"cap":0,"rank":7}},{"type":"Feature","geometry":{"type":"Point","coordinates":[52.32,54.9]},"properties":{"name":"Almetyevsk","iso":"RU","pop":140437,"cap":0,"rank":7}},{"type":"Feature","geometry":{"type":"Point","coordinates":[51.82,55.64]},"properties":{"name":"Nizhnekamsk","iso":"RU","pop":234297,"cap":0,"rank":7}},{"type":"Feature","geometry":{"type":"Point","coordinates":[49.56,54.25]},"properties":{"name":"Dimitrovgrad","iso":"RU","pop":132226,"cap":0,"rank":7}},{"type":"Feature","geometry":{"type":"Point","coordinates":[85.18,52.53]},"properties":{"name":"Biysk","iso":"RU","pop":215430,"cap":0,"rank":7}},{"type":"Feature","geometry":{"type":"Point","coordinates":[45.52,2.77]},"properties":{"name":"Jawhar","iso":"SO","pop":111308,"cap":0,"rank":7}},{"type":"Feature","geometry":{"type":"Point","coordinates":[56.52,23.23]},"properties":{"name":"Ibri","iso":"OM","pop":101640,"cap":0,"rank":7}},{"type":"Feature","geometry":{"type":"Point","coordinates":[48.28,42.06]},"properties":{"name":"Derbent","iso":"RU","pop":105965,"cap":0,"rank":7}},{"type":"Feature","geometry":{"type":"Point","coordinates":[128.9,37.76]},"properties":{"name":"Gangneung","iso":"KR","pop":180611,"cap":0,"rank":7}},{"type":"Feature","geometry":{"type":"Point","coordinates":[127.14,35.83]},"properties":{"name":"Jeonju","iso":"KR","pop":711424,"cap":0,"rank":7}},{"type":"Feature","geometry":{"type":"Point","coordinates":[126.72,35.98]},"properties":{"name":"Gunsan","iso":"KR","pop":244080,"cap":0,"rank":7}},{"type":"Feature","geometry":{"type":"Point","coordinates":[126.4,34.81]},"properties":{"name":"Mokpo","iso":"KR","pop":268402,"cap":0,"rank":7}},{"type":"Feature","geometry":{"type":"Point","coordinates":[123.31,10.96]},"properties":{"name":"Cadiz","iso":"PH","pop":283157,"cap":0,"rank":7}},{"type":"Feature","geometry":{"type":"Point","coordinates":[123.51,7.85]},"properties":{"name":"Pagadian","iso":"PH","pop":159590,"cap":0,"rank":7}},{"type":"Feature","geometry":{"type":"Point","coordinates":[120.58,15.48]},"properties":{"name":"Tarlac","iso":"PH","pop":183930,"cap":0,"rank":7}},{"type":"Feature","geometry":{"type":"Point","coordinates":[120.96,15.5]},"properties":{"name":"Cabanatuan","iso":"PH","pop":220250,"cap":0,"rank":7}},{"type":"Feature","geometry":{"type":"Point","coordinates":[120.28,14.83]},"properties":{"name":"Olongapo","iso":"PH","pop":304388,"cap":0,"rank":7}},{"type":"Feature","geometry":{"type":"Point","coordinates":[120.34,16.05]},"properties":{"name":"Dagupan","iso":"PH","pop":163676,"cap":0,"rank":7}},{"type":"Feature","geometry":{"type":"Point","coordinates":[121.32,14.07]},"properties":{"name":"San Pablo","iso":"PH","pop":240830,"cap":0,"rank":7}},{"type":"Feature","geometry":{"type":"Point","coordinates":[121.03,14.65]},"properties":{"name":"Quezon City","iso":"PH","pop":2761720,"cap":0,"rank":7}},{"type":"Feature","geometry":{"type":"Point","coordinates":[121.0,14.55]},"properties":{"name":"Pasay City","iso":"PH","pop":403064,"cap":0,"rank":7}},{"type":"Feature","geometry":{"type":"Point","coordinates":[124.22,8.17]},"properties":{"name":"Iligan","iso":"PH","pop":464599,"cap":0,"rank":7}},{"type":"Feature","geometry":{"type":"Point","coordinates":[124.61,11.06]},"properties":{"name":"Ormac","iso":"PH","pop":167584,"cap":0,"rank":7}},{"type":"Feature","geometry":{"type":"Point","coordinates":[125.0,11.25]},"properties":{"name":"Tacloban","iso":"PH","pop":280006,"cap":0,"rank":7}},{"type":"Feature","geometry":{"type":"Point","coordinates":[125.54,8.95]},"properties":{"name":"Butuan","iso":"PH","pop":190557,"cap":0,"rank":7}},{"type":"Feature","geometry":{"type":"Point","coordinates":[-100.53,28.71]},"properties":{"name":"Piedras Negras","iso":"MX","pop":139619,"cap":0,"rank":7}},{"type":"Feature","geometry":{"type":"Point","coordinates":[-109.92,27.47]},"properties":{"name":"Ciudad Obregon","iso":"MX","pop":288002,"cap":0,"rank":7}},{"type":"Feature","geometry":{"type":"Point","coordinates":[-109.45,27.08]},"properties":{"name":"Navajoa","iso":"MX","pop":116093,"cap":0,"rank":7}},{"type":"Feature","geometry":{"type":"Point","coordinates":[-110.13,29.02]},"properties":{"name":"Mazatl\u00e1n","iso":"MX","pop":500000,"cap":0,"rank":7}},{"type":"Feature","geometry":{"type":"Point","coordinates":[-102.58,22.77]},"properties":{"name":"Zacatecas","iso":"MX","pop":234481,"cap":0,"rank":7}},{"type":"Feature","geometry":{"type":"Point","coordinates":[-102.86,23.17]},"properties":{"name":"Fresnillo","iso":"MX","pop":105488,"cap":0,"rank":7}},{"type":"Feature","geometry":{"type":"Point","coordinates":[-105.24,20.68]},"properties":{"name":"Puerto Vallarta","iso":"MX","pop":187134,"cap":0,"rank":7}},{"type":"Feature","geometry":{"type":"Point","coordinates":[-101.19,19.73]},"properties":{"name":"Morelia","iso":"MX","pop":644306,"cap":0,"rank":7}},{"type":"Feature","geometry":{"type":"Point","coordinates":[-102.2,17.96]},"properties":{"name":"L\u00e1zaro C\u00e1rdenas","iso":"MX","pop":160087,"cap":0,"rank":7}},{"type":"Feature","geometry":{"type":"Point","coordinates":[-102.28,19.98]},"properties":{"name":"Zamora","iso":"MX","pop":214947,"cap":0,"rank":7}},{"type":"Feature","geometry":{"type":"Point","coordinates":[-102.07,19.42]},"properties":{"name":"Uruapan","iso":"MX","pop":264531,"cap":0,"rank":7}},{"type":"Feature","geometry":{"type":"Point","coordinates":[-104.88,21.51]},"properties":{"name":"Tepic","iso":"MX","pop":318781,"cap":0,"rank":7}},{"type":"Feature","geometry":{"type":"Point","coordinates":[-91.82,18.65]},"properties":{"name":"Ciudad del Carmen","iso":"MX","pop":156195,"cap":0,"rank":7}},{"type":"Feature","geometry":{"type":"Point","coordinates":[-97.38,18.45]},"properties":{"name":"Tehuacan","iso":"MX","pop":241429,"cap":0,"rank":7}},{"type":"Feature","geometry":{"type":"Point","coordinates":[-97.36,19.82]},"properties":{"name":"Teziutl\u00e1n","iso":"MX","pop":177796,"cap":0,"rank":7}},{"type":"Feature","geometry":{"type":"Point","coordinates":[-101.2,20.57]},"properties":{"name":"Salamanca","iso":"MX","pop":197524,"cap":0,"rank":7}},{"type":"Feature","geometry":{"type":"Point","coordinates":[-101.28,21.02]},"properties":{"name":"Guanajuato","iso":"MX","pop":112200,"cap":0,"rank":7}},{"type":"Feature","geometry":{"type":"Point","coordinates":[-98.74,20.11]},"properties":{"name":"Pachuca","iso":"MX","pop":319581,"cap":0,"rank":7}},{"type":"Feature","geometry":{"type":"Point","coordinates":[-99.65,19.29]},"properties":{"name":"Toluca","iso":"MX","pop":1531000,"cap":0,"rank":7}},{"type":"Feature","geometry":{"type":"Point","coordinates":[-99.11,19.81]},"properties":{"name":"Zumpango","iso":"MX","pop":250000,"cap":0,"rank":7}},{"type":"Feature","geometry":{"type":"Point","coordinates":[-94.53,17.98]},"properties":{"name":"Minatitl\u00e1n","iso":"MX","pop":201902,"cap":0,"rank":7}},{"type":"Feature","geometry":{"type":"Point","coordinates":[-94.42,18.12]},"properties":{"name":"Coatzacoalcos","iso":"MX","pop":287285,"cap":0,"rank":7}},{"type":"Feature","geometry":{"type":"Point","coordinates":[-97.44,20.53]},"properties":{"name":"Poza Rica de Hidalgo","iso":"MX","pop":254481,"cap":0,"rank":7}},{"type":"Feature","geometry":{"type":"Point","coordinates":[-96.92,18.92]},"properties":{"name":"C\u00f3rdoba","iso":"MX","pop":220563,"cap":0,"rank":7}},{"type":"Feature","geometry":{"type":"Point","coordinates":[-97.41,20.96]},"properties":{"name":"Tuxpam","iso":"MX","pop":109049,"cap":0,"rank":7}},{"type":"Feature","geometry":{"type":"Point","coordinates":[-5.47,12.39]},"properties":{"name":"Koutiala","iso":"ML","pop":104927,"cap":0,"rank":7}},{"type":"Feature","geometry":{"type":"Point","coordinates":[-5.68,11.32]},"properties":{"name":"Sikasso","iso":"ML","pop":225753,"cap":0,"rank":7}},{"type":"Feature","geometry":{"type":"Point","coordinates":[-7.25,16.62]},"properties":{"name":"Nema","iso":"MR","pop":200000,"cap":0,"rank":7}},{"type":"Feature","geometry":{"type":"Point","coordinates":[13.69,11.52]},"properties":{"name":"Bama","iso":"NG","pop":118121,"cap":0,"rank":7}},{"type":"Feature","geometry":{"type":"Point","coordinates":[7.35,5.1]},"properties":{"name":"Aba","iso":"NG","pop":897560,"cap":0,"rank":7}},{"type":"Feature","geometry":{"type":"Point","coordinates":[8.33,4.96]},"properties":{"name":"Calabar","iso":"NG","pop":461796,"cap":0,"rank":7}},{"type":"Feature","geometry":{"type":"Point","coordinates":[11.36,8.9]},"properties":{"name":"Jalingo","iso":"NG","pop":117757,"cap":0,"rank":7}},{"type":"Feature","geometry":{"type":"Point","coordinates":[6.01,9.08]},"properties":{"name":"Bida","iso":"NG","pop":173849,"cap":0,"rank":7}},{"type":"Feature","geometry":{"type":"Point","coordinates":[3.35,7.16]},"properties":{"name":"Abeokuta","iso":"NG","pop":593100,"cap":0,"rank":7}},{"type":"Feature","geometry":{"type":"Point","coordinates":[3.92,6.82]},"properties":{"name":"Ijebu Ode","iso":"NG","pop":209175,"cap":0,"rank":7}},{"type":"Feature","geometry":{"type":"Point","coordinates":[5.2,7.25]},"properties":{"name":"Akure","iso":"NG","pop":420594,"cap":0,"rank":7}},{"type":"Feature","geometry":{"type":"Point","coordinates":[5.76,7.53]},"properties":{"name":"Ikare","iso":"NG","pop":1099931,"cap":0,"rank":7}},{"type":"Feature","geometry":{"type":"Point","coordinates":[5.59,7.2]},"properties":{"name":"Owo","iso":"NG","pop":276574,"cap":0,"rank":7}},{"type":"Feature","geometry":{"type":"Point","coordinates":[4.84,7.09]},"properties":{"name":"Ondo","iso":"NG","pop":257005,"cap":0,"rank":7}},{"type":"Feature","geometry":{"type":"Point","coordinates":[5.22,7.63]},"properties":{"name":"Ado Ekiti","iso":"NG","pop":446749,"cap":0,"rank":7}},{"type":"Feature","geometry":{"type":"Point","coordinates":[4.56,7.48]},"properties":{"name":"Ife","iso":"NG","pop":482365,"cap":0,"rank":7}},{"type":"Feature","geometry":{"type":"Point","coordinates":[4.56,7.77]},"properties":{"name":"Oshogbo","iso":"NG","pop":408245,"cap":0,"rank":7}},{"type":"Feature","geometry":{"type":"Point","coordinates":[3.93,7.85]},"properties":{"name":"Oyo","iso":"NG","pop":736072,"cap":0,"rank":7}},{"type":"Feature","geometry":{"type":"Point","coordinates":[7.07,6.21]},"properties":{"name":"Awka","iso":"NG","pop":500000,"cap":0,"rank":7}},{"type":"Feature","geometry":{"type":"Point","coordinates":[10.19,11.68]},"properties":{"name":"Azare","iso":"NG","pop":105687,"cap":0,"rank":7}},{"type":"Feature","geometry":{"type":"Point","coordinates":[9.84,10.31]},"properties":{"name":"Bauchi","iso":"NG","pop":316149,"cap":0,"rank":7}},{"type":"Feature","geometry":{"type":"Point","coordinates":[11.17,10.29]},"properties":{"name":"Gombe","iso":"NG","pop":270366,"cap":0,"rank":7}},{"type":"Feature","geometry":{"type":"Point","coordinates":[5.68,5.89]},"properties":{"name":"Sapele","iso":"NG","pop":309162,"cap":0,"rank":7}},{"type":"Feature","geometry":{"type":"Point","coordinates":[7.38,6.87]},"properties":{"name":"Nsukka","iso":"NG","pop":111017,"cap":0,"rank":7}},{"type":"Feature","geometry":{"type":"Point","coordinates":[8.52,8.49]},"properties":{"name":"Lafia","iso":"NG","pop":127236,"cap":0,"rank":7}},{"type":"Feature","geometry":{"type":"Point","coordinates":[7.32,11.52]},"properties":{"name":"Funtua","iso":"NG","pop":180475,"cap":0,"rank":7}},{"type":"Feature","geometry":{"type":"Point","coordinates":[7.6,12.99]},"properties":{"name":"Katsina","iso":"NG","pop":432149,"cap":0,"rank":7}},{"type":"Feature","geometry":{"type":"Point","coordinates":[6.66,12.17]},"properties":{"name":"Gusau","iso":"NG","pop":226857,"cap":0,"rank":7}},{"type":"Feature","geometry":{"type":"Point","coordinates":[10.45,12.88]},"properties":{"name":"Nguru","iso":"NG","pop":111014,"cap":0,"rank":7}},{"type":"Feature","geometry":{"type":"Point","coordinates":[11.04,12.87]},"properties":{"name":"Gashua","iso":"NG","pop":125817,"cap":0,"rank":7}},{"type":"Feature","geometry":{"type":"Point","coordinates":[4.2,12.45]},"properties":{"name":"Birnin Kebbi","iso":"NG","pop":108164,"cap":0,"rank":7}},{"type":"Feature","geometry":{"type":"Point","coordinates":[13.27,10.27]},"properties":{"name":"Mubi","iso":"NG","pop":225705,"cap":0,"rank":7}},{"type":"Feature","geometry":{"type":"Point","coordinates":[14.26,32.66]},"properties":{"name":"Al Khums","iso":"LY","pop":201943,"cap":0,"rank":7}},{"type":"Feature","geometry":{"type":"Point","coordinates":[12.72,32.76]},"properties":{"name":"Az Zawiyah","iso":"LY","pop":200000,"cap":0,"rank":7}},{"type":"Feature","geometry":{"type":"Point","coordinates":[13.02,32.17]},"properties":{"name":"Gharyan","iso":"LY","pop":146810,"cap":0,"rank":7}},{"type":"Feature","geometry":{"type":"Point","coordinates":[20.83,32.5]},"properties":{"name":"Al Marj","iso":"LY","pop":169540,"cap":0,"rank":7}},{"type":"Feature","geometry":{"type":"Point","coordinates":[18.53,54.52]},"properties":{"name":"Gdynia","iso":"PL","pop":314664,"cap":0,"rank":7}},{"type":"Feature","geometry":{"type":"Point","coordinates":[17.03,51.11]},"properties":{"name":"Wroc\u0142aw","iso":"PL","pop":634893,"cap":0,"rank":7}},{"type":"Feature","geometry":{"type":"Point","coordinates":[14.53,53.42]},"properties":{"name":"Szczecin","iso":"PL","pop":407811,"cap":0,"rank":7}},{"type":"Feature","geometry":{"type":"Point","coordinates":[15.5,51.95]},"properties":{"name":"Zielona G\u00f3ra","iso":"PL","pop":118433,"cap":0,"rank":7}},{"type":"Feature","geometry":{"type":"Point","coordinates":[16.9,52.41]},"properties":{"name":"Pozna\u0144","iso":"PL","pop":623997,"cap":0,"rank":7}},{"type":"Feature","geometry":{"type":"Point","coordinates":[18.75,53.48]},"properties":{"name":"Grudzi\u0105dz","iso":"PL","pop":102443,"cap":0,"rank":7}},{"type":"Feature","geometry":{"type":"Point","coordinates":[18.01,53.12]},"properties":{"name":"Bydgoszcz","iso":"PL","pop":366452,"cap":0,"rank":7}},{"type":"Feature","geometry":{"type":"Point","coordinates":[19.02,50.26]},"properties":{"name":"Katowice","iso":"PL","pop":2746000,"cap":0,"rank":7}},{"type":"Feature","geometry":{"type":"Point","coordinates":[18.67,50.33]},"properties":{"name":"Gliwice","iso":"PL","pop":507670,"cap":0,"rank":7}},{"type":"Feature","geometry":{"type":"Point","coordinates":[20.66,50.89]},"properties":{"name":"Kielce","iso":"PL","pop":215733,"cap":0,"rank":7}},{"type":"Feature","geometry":{"type":"Point","coordinates":[23.18,53.13]},"properties":{"name":"Bia\u0142ystok","iso":"PL","pop":291855,"cap":0,"rank":7}},{"type":"Feature","geometry":{"type":"Point","coordinates":[22.57,51.25]},"properties":{"name":"Lublin","iso":"PL","pop":360044,"cap":0,"rank":7}},{"type":"Feature","geometry":{"type":"Point","coordinates":[22.0,50.03]},"properties":{"name":"Rzesz\u00f3w","iso":"PL","pop":245686,"cap":0,"rank":7}},{"type":"Feature","geometry":{"type":"Point","coordinates":[105.82,15.12]},"properties":{"name":"Pakxe","iso":"LA","pop":102775,"cap":0,"rank":7}},{"type":"Feature","geometry":{"type":"Point","coordinates":[102.14,19.88]},"properties":{"name":"Louangphrabang","iso":"LA","pop":107142,"cap":0,"rank":7}},{"type":"Feature","geometry":{"type":"Point","coordinates":[125.71,38.04]},"properties":{"name":"Haeju","iso":"KP","pop":224231,"cap":0,"rank":7}},{"type":"Feature","geometry":{"type":"Point","coordinates":[129.32,40.96]},"properties":{"name":"Kilchu","iso":"KP","pop":101165,"cap":0,"rank":7}},{"type":"Feature","geometry":{"type":"Point","coordinates":[126.6,40.97]},"properties":{"name":"Kanggye","iso":"KP","pop":299514,"cap":0,"rank":7}},{"type":"Feature","geometry":{"type":"Point","coordinates":[125.22,39.68]},"properties":{"name":"Chongju","iso":"KP","pop":141769,"cap":0,"rank":7}},{"type":"Feature","geometry":{"type":"Point","coordinates":[128.19,41.39]},"properties":{"name":"Hyeson","iso":"KP","pop":227461,"cap":0,"rank":7}},{"type":"Feature","geometry":{"type":"Point","coordinates":[98.5,3.62]},"properties":{"name":"Binjai","iso":"ID","pop":564979,"cap":0,"rank":7}},{"type":"Feature","geometry":{"type":"Point","coordinates":[99.27,1.39]},"properties":{"name":"Padangsidempuan","iso":"ID","pop":266882,"cap":0,"rank":7}},{"type":"Feature","geometry":{"type":"Point","coordinates":[99.13,3.33]},"properties":{"name":"Tebingtinggi","iso":"ID","pop":268043,"cap":0,"rank":7}},{"type":"Feature","geometry":{"type":"Point","coordinates":[100.36,-0.3]},"properties":{"name":"Bukittinggi","iso":"ID","pop":506964,"cap":0,"rank":7}},{"type":"Feature","geometry":{"type":"Point","coordinates":[116.14,-8.58]},"properties":{"name":"Mataram","iso":"ID","pop":499409,"cap":0,"rank":7}},{"type":"Feature","geometry":{"type":"Point","coordinates":[136.05,-1.16]},"properties":{"name":"Biak","iso":"ID","pop":103610,"cap":0,"rank":7}},{"type":"Feature","geometry":{"type":"Point","coordinates":[10.32,44.81]},"properties":{"name":"Parma","iso":"IT","pop":166011,"cap":0,"rank":7}},{"type":"Feature","geometry":{"type":"Point","coordinates":[12.22,44.42]},"properties":{"name":"Ravenna","iso":"IT","pop":134631,"cap":0,"rank":7}},{"type":"Feature","geometry":{"type":"Point","coordinates":[11.61,44.85]},"properties":{"name":"Ferrara","iso":"IT","pop":130992,"cap":0,"rank":7}},{"type":"Feature","geometry":{"type":"Point","coordinates":[11.34,44.5]},"properties":{"name":"Bologna","iso":"IT","pop":488172,"cap":0,"rank":7}},{"type":"Feature","geometry":{"type":"Point","coordinates":[9.1,39.22]},"properties":{"name":"Cagliari","iso":"IT","pop":291511,"cap":0,"rank":7}},{"type":"Feature","geometry":{"type":"Point","coordinates":[10.4,43.72]},"properties":{"name":"Pisa","iso":"IT","pop":203336,"cap":0,"rank":7}},{"type":"Feature","geometry":{"type":"Point","coordinates":[10.3,43.55]},"properties":{"name":"Livorno","iso":"IT","pop":156274,"cap":0,"rank":7}},{"type":"Feature","geometry":{"type":"Point","coordinates":[14.77,40.68]},"properties":{"name":"Salerno","iso":"IT","pop":954265,"cap":0,"rank":7}},{"type":"Feature","geometry":{"type":"Point","coordinates":[16.87,41.11]},"properties":{"name":"Bari","iso":"IT","pop":500577,"cap":0,"rank":7}},{"type":"Feature","geometry":{"type":"Point","coordinates":[15.56,41.46]},"properties":{"name":"Foggia","iso":"IT","pop":155203,"cap":0,"rank":7}},{"type":"Feature","geometry":{"type":"Point","coordinates":[18.15,40.36]},"properties":{"name":"Lecce","iso":"IT","pop":162582,"cap":0,"rank":7}},{"type":"Feature","geometry":{"type":"Point","coordinates":[17.93,40.64]},"properties":{"name":"Brindisi","iso":"IT","pop":104437,"cap":0,"rank":7}},{"type":"Feature","geometry":{"type":"Point","coordinates":[17.23,40.51]},"properties":{"name":"Taranto","iso":"IT","pop":202033,"cap":0,"rank":7}},{"type":"Feature","geometry":{"type":"Point","coordinates":[15.55,38.2]},"properties":{"name":"Messina","iso":"IT","pop":252026,"cap":0,"rank":7}},{"type":"Feature","geometry":{"type":"Point","coordinates":[15.29,37.07]},"properties":{"name":"Siracusa","iso":"IT","pop":123657,"cap":0,"rank":7}},{"type":"Feature","geometry":{"type":"Point","coordinates":[14.22,42.46]},"properties":{"name":"Pescara","iso":"IT","pop":314789,"cap":0,"rank":7}},{"type":"Feature","geometry":{"type":"Point","coordinates":[13.5,43.6]},"properties":{"name":"Ancona","iso":"IT","pop":100507,"cap":0,"rank":7}},{"type":"Feature","geometry":{"type":"Point","coordinates":[12.39,43.11]},"properties":{"name":"Perugia","iso":"IT","pop":149125,"cap":0,"rank":7}},{"type":"Feature","geometry":{"type":"Point","coordinates":[9.67,45.7]},"properties":{"name":"Bergamo","iso":"IT","pop":200000,"cap":0,"rank":7}},{"type":"Feature","geometry":{"type":"Point","coordinates":[13.8,45.65]},"properties":{"name":"Trieste","iso":"IT","pop":216035,"cap":0,"rank":7}},{"type":"Feature","geometry":{"type":"Point","coordinates":[11.12,46.08]},"properties":{"name":"Trento","iso":"IT","pop":107808,"cap":0,"rank":7}},{"type":"Feature","geometry":{"type":"Point","coordinates":[10.99,45.44]},"properties":{"name":"Verona","iso":"IT","pop":347459,"cap":0,"rank":7}},{"type":"Feature","geometry":{"type":"Point","coordinates":[97.97,4.67]},"properties":{"name":"Langsa","iso":"ID","pop":117256,"cap":0,"rank":7}},{"type":"Feature","geometry":{"type":"Point","coordinates":[104.67,35.0]},"properties":{"name":"Longxi","iso":"CN","pop":355037,"cap":0,"rank":7}},{"type":"Feature","geometry":{"type":"Point","coordinates":[106.68,35.53]},"properties":{"name":"Pingliang","iso":"CN","pop":207256,"cap":0,"rank":7}},{"type":"Feature","geometry":{"type":"Point","coordinates":[102.17,38.5]},"properties":{"name":"Jinchang","iso":"CN","pop":144363,"cap":0,"rank":7}},{"type":"Feature","geometry":{"type":"Point","coordinates":[108.62,21.95]},"properties":{"name":"Qinzhou","iso":"CN","pop":245376,"cap":0,"rank":7}},{"type":"Feature","geometry":{"type":"Point","coordinates":[109.1,21.48]},"properties":{"name":"Beihai","iso":"CN","pop":728978,"cap":0,"rank":7}},{"type":"Feature","geometry":{"type":"Point","coordinates":[108.08,24.7]},"properties":{"name":"Hechi","iso":"CN","pop":3830000,"cap":0,"rank":7}},{"type":"Feature","geometry":{"type":"Point","coordinates":[109.13,27.68]},"properties":{"name":"Tongren","iso":"CN","pop":118290,"cap":0,"rank":7}},{"type":"Feature","geometry":{"type":"Point","coordinates":[116.19,40.22]},"properties":{"name":"Changping","iso":"CN","pop":614821,"cap":0,"rank":7}},{"type":"Feature","geometry":{"type":"Point","coordinates":[117.5,27.3]},"properties":{"name":"Shaowu","iso":"CN","pop":112585,"cap":0,"rank":7}},{"type":"Feature","geometry":{"type":"Point","coordinates":[117.0,25.07]},"properties":{"name":"Longyan","iso":"CN","pop":367896,"cap":0,"rank":7}},{"type":"Feature","geometry":{"type":"Point","coordinates":[117.67,24.52]},"properties":{"name":"Zhangzhou","iso":"CN","pop":3531147,"cap":0,"rank":7}},{"type":"Feature","geometry":{"type":"Point","coordinates":[119.02,25.43]},"properties":{"name":"Putian","iso":"CN","pop":376558,"cap":0,"rank":7}},{"type":"Feature","geometry":{"type":"Point","coordinates":[118.17,26.63]},"properties":{"name":"Nanping","iso":"CN","pop":213054,"cap":0,"rank":7}},{"type":"Feature","geometry":{"type":"Point","coordinates":[119.53,26.68]},"properties":{"name":"Ninde","iso":"CN","pop":314077,"cap":0,"rank":7}},{"type":"Feature","geometry":{"type":"Point","coordinates":[115.35,33.25]},"properties":{"name":"Jieshou","iso":"CN","pop":141993,"cap":0,"rank":7}},{"type":"Feature","geometry":{"type":"Point","coordinates":[117.78,30.95]},"properties":{"name":"Tongling","iso":"CN","pop":562832,"cap":0,"rank":7}},{"type":"Feature","geometry":{"type":"Point","coordinates":[118.49,31.67]},"properties":{"name":"Maanshan","iso":"CN","pop":1366302,"cap":0,"rank":7}},{"type":"Feature","geometry":{"type":"Point","coordinates":[115.82,32.9]},"properties":{"name":"Fuyang","iso":"CN","pop":170023,"cap":0,"rank":7}},{"type":"Feature","geometry":{"type":"Point","coordinates":[111.97,21.85]},"properties":{"name":"Yangjiang","iso":"CN","pop":872363,"cap":0,"rank":7}},{"type":"Feature","geometry":{"type":"Point","coordinates":[116.12,24.3]},"properties":{"name":"Meizhou","iso":"CN","pop":414930,"cap":0,"rank":7}},{"type":"Feature","geometry":{"type":"Point","coordinates":[114.68,23.73]},"properties":{"name":"Heyuan","iso":"CN","pop":330961,"cap":0,"rank":7}},{"type":"Feature","geometry":{"type":"Point","coordinates":[113.03,23.7]},"properties":{"name":"Qingyuan","iso":"CN","pop":706717,"cap":0,"rank":7}},{"type":"Feature","geometry":{"type":"Point","coordinates":[112.45,23.05]},"properties":{"name":"Zhaoqing","iso":"CN","pop":480000,"cap":0,"rank":7}},{"type":"Feature","geometry":{"type":"Point","coordinates":[112.38,24.78]},"properties":{"name":"Lianxian","iso":"CN","pop":203639,"cap":0,"rank":7}},{"type":"Feature","geometry":{"type":"Point","coordinates":[113.08,22.58]},"properties":{"name":"Jiangmen","iso":"CN","pop":532419,"cap":0,"rank":7}},{"type":"Feature","geometry":{"type":"Point","coordinates":[110.87,21.92]},"properties":{"name":"Maoming","iso":"CN","pop":1217715,"cap":0,"rank":7}},{"type":"Feature","geometry":{"type":"Point","coordinates":[108.32,-6.34]},"properties":{"name":"Indramayu","iso":"ID","pop":123263,"cap":0,"rank":7}},{"type":"Feature","geometry":{"type":"Point","coordinates":[106.9,-6.91]},"properties":{"name":"Sukabumi","iso":"ID","pop":276414,"cap":0,"rank":7}},{"type":"Feature","geometry":{"type":"Point","coordinates":[109.02,-7.72]},"properties":{"name":"Cilacap","iso":"ID","pop":1174964,"cap":0,"rank":7}},{"type":"Feature","geometry":{"type":"Point","coordinates":[111.03,-6.74]},"properties":{"name":"Pati","iso":"ID","pop":122785,"cap":0,"rank":7}},{"type":"Feature","geometry":{"type":"Point","coordinates":[109.67,-6.88]},"properties":{"name":"Pakalongan","iso":"ID","pop":272000,"cap":0,"rank":7}},{"type":"Feature","geometry":{"type":"Point","coordinates":[109.12,-6.87]},"properties":{"name":"Tegal","iso":"ID","pop":237084,"cap":0,"rank":7}},{"type":"Feature","geometry":{"type":"Point","coordinates":[110.49,-7.31]},"properties":{"name":"Salatiga","iso":"ID","pop":176000,"cap":0,"rank":7}},{"type":"Feature","geometry":{"type":"Point","coordinates":[110.18,-7.47]},"properties":{"name":"Magelang","iso":"ID","pop":111461,"cap":0,"rank":7}},{"type":"Feature","geometry":{"type":"Point","coordinates":[106.15,-6.11]},"properties":{"name":"Serang","iso":"ID","pop":164767,"cap":0,"rank":7}},{"type":"Feature","geometry":{"type":"Point","coordinates":[106.97,-6.22]},"properties":{"name":"Bekasi","iso":"ID","pop":2378211,"cap":0,"rank":7}},{"type":"Feature","geometry":{"type":"Point","coordinates":[108.97,0.91]},"properties":{"name":"Singkawang","iso":"ID","pop":248012,"cap":0,"rank":7}},{"type":"Feature","geometry":{"type":"Point","coordinates":[105.3,-5.45]},"properties":{"name":"Bandar Lampung","iso":"ID","pop":881801,"cap":0,"rank":7}},{"type":"Feature","geometry":{"type":"Point","coordinates":[104.23,-3.44]},"properties":{"name":"Perabumulih","iso":"ID","pop":103470,"cap":0,"rank":7}},{"type":"Feature","geometry":{"type":"Point","coordinates":[115.09,-8.12]},"properties":{"name":"Singaraja","iso":"ID","pop":234468,"cap":0,"rank":7}},{"type":"Feature","geometry":{"type":"Point","coordinates":[114.37,-8.2]},"properties":{"name":"Banyuwangi","iso":"ID","pop":172424,"cap":0,"rank":7}},{"type":"Feature","geometry":{"type":"Point","coordinates":[113.15,-7.75]},"properties":{"name":"Probolinggo","iso":"ID","pop":181656,"cap":0,"rank":7}},{"type":"Feature","geometry":{"type":"Point","coordinates":[112.9,-7.63]},"properties":{"name":"Pasuruan","iso":"ID","pop":500000,"cap":0,"rank":7}},{"type":"Feature","geometry":{"type":"Point","coordinates":[112.43,-7.47]},"properties":{"name":"Mojokerto","iso":"ID","pop":112557,"cap":0,"rank":7}},{"type":"Feature","geometry":{"type":"Point","coordinates":[111.51,-7.63]},"properties":{"name":"Madiun","iso":"ID","pop":186099,"cap":0,"rank":7}},{"type":"Feature","geometry":{"type":"Point","coordinates":[112.0,-7.79]},"properties":{"name":"Kediri","iso":"ID","pop":235143,"cap":0,"rank":7}},{"type":"Feature","geometry":{"type":"Point","coordinates":[112.15,-8.07]},"properties":{"name":"Blitar","iso":"ID","pop":132416,"cap":0,"rank":7}},{"type":"Feature","geometry":{"type":"Point","coordinates":[122.21,-8.62]},"properties":{"name":"Maumere","iso":"ID","pop":104285,"cap":0,"rank":7}},{"type":"Feature","geometry":{"type":"Point","coordinates":[119.65,-3.79]},"properties":{"name":"Pinrang","iso":"ID","pop":182731,"cap":0,"rank":7}},{"type":"Feature","geometry":{"type":"Point","coordinates":[118.97,-3.53]},"properties":{"name":"Majene","iso":"ID","pop":272377,"cap":0,"rank":7}},{"type":"Feature","geometry":{"type":"Point","coordinates":[4.38,45.43]},"properties":{"name":"Saint-\u00c9tienne","iso":"FR","pop":265684,"cap":0,"rank":7}},{"type":"Feature","geometry":{"type":"Point","coordinates":[5.72,45.18]},"properties":{"name":"Grenoble","iso":"FR","pop":388574,"cap":0,"rank":7}},{"type":"Feature","geometry":{"type":"Point","coordinates":[-79.6,-2.18]},"properties":{"name":"Milagro","iso":"EC","pop":109970,"cap":0,"rank":7}},{"type":"Feature","geometry":{"type":"Point","coordinates":[-78.62,-1.27]},"properties":{"name":"Ambato","iso":"EC","pop":281425,"cap":0,"rank":7}},{"type":"Feature","geometry":{"type":"Point","coordinates":[-73.37,5.55]},"properties":{"name":"Tunja","iso":"CO","pop":161412,"cap":0,"rank":7}},{"type":"Feature","geometry":{"type":"Point","coordinates":[-73.02,5.83]},"properties":{"name":"Duitama","iso":"CO","pop":101156,"cap":0,"rank":7}},{"type":"Feature","geometry":{"type":"Point","coordinates":[-72.91,11.54]},"properties":{"name":"Riohacha","iso":"CO","pop":133186,"cap":0,"rank":7}},{"type":"Feature","geometry":{"type":"Point","coordinates":[-80.44,22.14]},"properties":{"name":"Cienfuegos","iso":"CU","pop":186644,"cap":0,"rank":7}},{"type":"Feature","geometry":{"type":"Point","coordinates":[-79.44,21.93]},"properties":{"name":"Sancti Sp\u00edritus","iso":"CU","pop":127069,"cap":0,"rank":7}},{"type":"Feature","geometry":{"type":"Point","coordinates":[-79.67,0.93]},"properties":{"name":"Esmeraldas","iso":"EC","pop":173101,"cap":0,"rank":7}},{"type":"Feature","geometry":{"type":"Point","coordinates":[-89.56,13.99]},"properties":{"name":"Santa Ana","iso":"SV","pop":234478,"cap":0,"rank":7}},{"type":"Feature","geometry":{"type":"Point","coordinates":[-77.12,20.34]},"properties":{"name":"Manzanillo","iso":"CU","pop":128188,"cap":0,"rank":7}},{"type":"Feature","geometry":{"type":"Point","coordinates":[-76.64,20.38]},"properties":{"name":"Bayamo","iso":"CU","pop":192632,"cap":0,"rank":7}},{"type":"Feature","geometry":{"type":"Point","coordinates":[-76.95,20.96]},"properties":{"name":"Las Tunas","iso":"CU","pop":203684,"cap":0,"rank":7}},{"type":"Feature","geometry":{"type":"Point","coordinates":[-69.3,18.45]},"properties":{"name":"San Pedro de Macor\u00eds","iso":"DO","pop":217899,"cap":0,"rank":7}},{"type":"Feature","geometry":{"type":"Point","coordinates":[-75.68,4.53]},"properties":{"name":"Armenia","iso":"CO","pop":315328,"cap":0,"rank":7}},{"type":"Feature","geometry":{"type":"Point","coordinates":[-75.68,4.81]},"properties":{"name":"Pereira","iso":"CO","pop":568750,"cap":0,"rank":7}},{"type":"Feature","geometry":{"type":"Point","coordinates":[-75.62,1.61]},"properties":{"name":"Florencia","iso":"CO","pop":130337,"cap":0,"rank":7}},{"type":"Feature","geometry":{"type":"Point","coordinates":[-75.33,2.93]},"properties":{"name":"Neiva","iso":"CO","pop":352855,"cap":0,"rank":7}},{"type":"Feature","geometry":{"type":"Point","coordinates":[-77.65,0.83]},"properties":{"name":"Ipiales","iso":"CO","pop":109618,"cap":0,"rank":7}},{"type":"Feature","geometry":{"type":"Point","coordinates":[-77.05,3.87]},"properties":{"name":"Buenaventura","iso":"CO","pop":252805,"cap":0,"rank":7}},{"type":"Feature","geometry":{"type":"Point","coordinates":[-76.21,4.09]},"properties":{"name":"Tulu\u00e1","iso":"CO","pop":165501,"cap":0,"rank":7}},{"type":"Feature","geometry":{"type":"Point","coordinates":[-78.13,0.36]},"properties":{"name":"Ibarra","iso":"EC","pop":146741,"cap":0,"rank":7}},{"type":"Feature","geometry":{"type":"Point","coordinates":[-74.25,11.01]},"properties":{"name":"Ci\u00e9naga","iso":"CO","pop":131171,"cap":0,"rank":7}},{"type":"Feature","geometry":{"type":"Point","coordinates":[-75.38,9.29]},"properties":{"name":"Sincelejo","iso":"CO","pop":261187,"cap":0,"rank":7}},{"type":"Feature","geometry":{"type":"Point","coordinates":[-81.58,23.04]},"properties":{"name":"Matanzas","iso":"CU","pop":146733,"cap":0,"rank":7}},{"type":"Feature","geometry":{"type":"Point","coordinates":[-61.08,14.61]},"properties":{"name":"Fort-de-France","iso":"MQ","pop":253995,"cap":0,"rank":7}},{"type":"Feature","geometry":{"type":"Point","coordinates":[15.39,10.29]},"properties":{"name":"Bongor","iso":"TD","pop":193941,"cap":0,"rank":7}},{"type":"Feature","geometry":{"type":"Point","coordinates":[16.47,43.52]},"properties":{"name":"Split","iso":"HR","pop":214741,"cap":0,"rank":7}},{"type":"Feature","geometry":{"type":"Point","coordinates":[31.0,30.79]},"properties":{"name":"Tanta","iso":"EG","pop":404901,"cap":0,"rank":7}},{"type":"Feature","geometry":{"type":"Point","coordinates":[32.26,30.59]},"properties":{"name":"Isma\u00eflia","iso":"EG","pop":656135,"cap":0,"rank":7}},{"type":"Feature","geometry":{"type":"Point","coordinates":[31.38,31.05]},"properties":{"name":"El Mansura","iso":"EG","pop":600000,"cap":0,"rank":7}},{"type":"Feature","geometry":{"type":"Point","coordinates":[31.82,31.42]},"properties":{"name":"Dumyat","iso":"EG","pop":299459,"cap":0,"rank":7}},{"type":"Feature","geometry":{"type":"Point","coordinates":[27.23,31.35]},"properties":{"name":"Matruh","iso":"EG","pop":103470,"cap":0,"rank":7}},{"type":"Feature","geometry":{"type":"Point","coordinates":[30.47,31.05]},"properties":{"name":"Damanh\u00fbr","iso":"EG","pop":500000,"cap":0,"rank":7}},{"type":"Feature","geometry":{"type":"Point","coordinates":[30.71,28.3]},"properties":{"name":"Samalut","iso":"EG","pop":152097,"cap":0,"rank":7}},{"type":"Feature","geometry":{"type":"Point","coordinates":[30.84,27.73]},"properties":{"name":"Mallawi","iso":"EG","pop":217365,"cap":0,"rank":7}},{"type":"Feature","geometry":{"type":"Point","coordinates":[31.09,29.08]},"properties":{"name":"Beni Suef","iso":"EG","pop":489450,"cap":0,"rank":7}},{"type":"Feature","geometry":{"type":"Point","coordinates":[30.39,31.46]},"properties":{"name":"Rashid","iso":"EG","pop":199509,"cap":0,"rank":7}},{"type":"Feature","geometry":{"type":"Point","coordinates":[32.55,25.29]},"properties":{"name":"Isna","iso":"EG","pop":100000,"cap":0,"rank":7}},{"type":"Feature","geometry":{"type":"Point","coordinates":[32.72,26.15]},"properties":{"name":"Qena","iso":"EG","pop":302027,"cap":0,"rank":7}},{"type":"Feature","geometry":{"type":"Point","coordinates":[31.88,26.33]},"properties":{"name":"Girga","iso":"EG","pop":128250,"cap":0,"rank":7}},{"type":"Feature","geometry":{"type":"Point","coordinates":[31.7,26.55]},"properties":{"name":"Sohag","iso":"EG","pop":600000,"cap":0,"rank":7}},{"type":"Feature","geometry":{"type":"Point","coordinates":[33.8,31.12]},"properties":{"name":"El Arish","iso":"EG","pop":178651,"cap":0,"rank":7}},{"type":"Feature","geometry":{"type":"Point","coordinates":[27.99,2.14]},"properties":{"name":"Wamba","iso":"CD","pop":146871,"cap":0,"rank":7}},{"type":"Feature","geometry":{"type":"Point","coordinates":[39.45,15.61]},"properties":{"name":"Massawa","iso":"ER","pop":142564,"cap":0,"rank":7}},{"type":"Feature","geometry":{"type":"Point","coordinates":[38.45,15.78]},"properties":{"name":"Keren","iso":"ER","pop":150000,"cap":0,"rank":7}},{"type":"Feature","geometry":{"type":"Point","coordinates":[38.82,14.89]},"properties":{"name":"Mendefera","iso":"ER","pop":257390,"cap":0,"rank":7}},{"type":"Feature","geometry":{"type":"Point","coordinates":[7.08,50.72]},"properties":{"name":"Bonn","iso":"DE","pop":680543,"cap":0,"rank":7}},{"type":"Feature","geometry":{"type":"Point","coordinates":[7.62,51.97]},"properties":{"name":"M\u00fcnster","iso":"DE","pop":270184,"cap":0,"rank":7}},{"type":"Feature","geometry":{"type":"Point","coordinates":[6.78,51.22]},"properties":{"name":"D\u00fcsseldorf","iso":"DE","pop":1220000,"cap":0,"rank":7}},{"type":"Feature","geometry":{"type":"Point","coordinates":[10.0,48.4]},"properties":{"name":"Ulm","iso":"DE","pop":172955,"cap":0,"rank":7}},{"type":"Feature","geometry":{"type":"Point","coordinates":[8.47,49.5]},"properties":{"name":"Mannheim","iso":"DE","pop":2362000,"cap":0,"rank":7}},{"type":"Feature","geometry":{"type":"Point","coordinates":[7.87,48.0]},"properties":{"name":"Freiburg","iso":"DE","pop":254889,"cap":0,"rank":7}},{"type":"Feature","geometry":{"type":"Point","coordinates":[8.25,50.08]},"properties":{"name":"Wiesbaden","iso":"DE","pop":617126,"cap":0,"rank":7}},{"type":"Feature","geometry":{"type":"Point","coordinates":[8.58,53.55]},"properties":{"name":"Bremerhaven","iso":"DE","pop":137751,"cap":0,"rank":7}},{"type":"Feature","geometry":{"type":"Point","coordinates":[8.05,52.28]},"properties":{"name":"Osnabr\u00fcck","iso":"DE","pop":231268,"cap":0,"rank":7}},{"type":"Feature","geometry":{"type":"Point","coordinates":[9.72,52.37]},"properties":{"name":"Hanover","iso":"DE","pop":722490,"cap":0,"rank":7}},{"type":"Feature","geometry":{"type":"Point","coordinates":[9.92,51.52]},"properties":{"name":"G\u00f6ttingen","iso":"DE","pop":139419,"cap":0,"rank":7}},{"type":"Feature","geometry":{"type":"Point","coordinates":[12.07,50.87]},"properties":{"name":"Gera","iso":"DE","pop":104659,"cap":0,"rank":7}},{"type":"Feature","geometry":{"type":"Point","coordinates":[11.58,50.93]},"properties":{"name":"Jena","iso":"DE","pop":104712,"cap":0,"rank":7}},{"type":"Feature","geometry":{"type":"Point","coordinates":[10.67,53.87]},"properties":{"name":"L\u00fcbeck","iso":"DE","pop":235390,"cap":0,"rank":7}},{"type":"Feature","geometry":{"type":"Point","coordinates":[10.13,54.33]},"properties":{"name":"Kiel","iso":"DE","pop":269427,"cap":0,"rank":7}},{"type":"Feature","geometry":{"type":"Point","coordinates":[7.6,50.35]},"properties":{"name":"Koblenz","iso":"DE","pop":312633,"cap":0,"rank":7}},{"type":"Feature","geometry":{"type":"Point","coordinates":[6.97,49.25]},"properties":{"name":"Saarbr\u00fccken","iso":"DE","pop":770001,"cap":0,"rank":7}},{"type":"Feature","geometry":{"type":"Point","coordinates":[13.36,49.74]},"properties":{"name":"Pizen","iso":"CZ","pop":164180,"cap":0,"rank":7}},{"type":"Feature","geometry":{"type":"Point","coordinates":[12.12,49.02]},"properties":{"name":"Regensburg","iso":"DE","pop":164359,"cap":0,"rank":7}},{"type":"Feature","geometry":{"type":"Point","coordinates":[9.95,49.8]},"properties":{"name":"W\u00fcrzburg","iso":"DE","pop":168561,"cap":0,"rank":7}},{"type":"Feature","geometry":{"type":"Point","coordinates":[11.45,48.77]},"properties":{"name":"Ingolstadt","iso":"DE","pop":163325,"cap":0,"rank":7}},{"type":"Feature","geometry":{"type":"Point","coordinates":[17.65,49.23]},"properties":{"name":"Zl\u00edn","iso":"CZ","pop":124610,"cap":0,"rank":7}},{"type":"Feature","geometry":{"type":"Point","coordinates":[16.61,49.2]},"properties":{"name":"Brno","iso":"CZ","pop":388277,"cap":0,"rank":7}},{"type":"Feature","geometry":{"type":"Point","coordinates":[15.76,50.04]},"properties":{"name":"Pardubice","iso":"CZ","pop":107064,"cap":0,"rank":7}},{"type":"Feature","geometry":{"type":"Point","coordinates":[14.33,51.77]},"properties":{"name":"Cottbus","iso":"DE","pop":105067,"cap":0,"rank":7}},{"type":"Feature","geometry":{"type":"Point","coordinates":[13.07,52.4]},"properties":{"name":"Potsdam","iso":"DE","pop":218095,"cap":0,"rank":7}},{"type":"Feature","geometry":{"type":"Point","coordinates":[11.62,52.13]},"properties":{"name":"Magdeburg","iso":"DE","pop":229826,"cap":0,"rank":7}},{"type":"Feature","geometry":{"type":"Point","coordinates":[12.41,51.34]},"properties":{"name":"Leipzig","iso":"DE","pop":542529,"cap":0,"rank":7}},{"type":"Feature","geometry":{"type":"Point","coordinates":[18.25,49.83]},"properties":{"name":"Ostrava","iso":"CZ","pop":478963,"cap":0,"rank":7}},{"type":"Feature","geometry":{"type":"Point","coordinates":[89.17,42.94]},"properties":{"name":"Turpan","iso":"CN","pop":651853,"cap":0,"rank":7}},{"type":"Feature","geometry":{"type":"Point","coordinates":[104.47,0.92]},"properties":{"name":"Tanjungpinang","iso":"ID","pop":226666,"cap":0,"rank":7}},{"type":"Feature","geometry":{"type":"Point","coordinates":[110.43,35.47]},"properties":{"name":"Hancheng","iso":"CN","pop":222135,"cap":0,"rank":7}},{"type":"Feature","geometry":{"type":"Point","coordinates":[109.5,34.5]},"properties":{"name":"Weinan","iso":"CN","pop":172321,"cap":0,"rank":7}},{"type":"Feature","geometry":{"type":"Point","coordinates":[112.42,39.3]},"properties":{"name":"Shuozhou","iso":"CN","pop":570000,"cap":0,"rank":7}},{"type":"Feature","geometry":{"type":"Point","coordinates":[112.72,38.41]},"properties":{"name":"Xinzhou","iso":"CN","pop":279607,"cap":0,"rank":7}},{"type":"Feature","geometry":{"type":"Point","coordinates":[112.83,35.5]},"properties":{"name":"Jincheng","iso":"CN","pop":760000,"cap":0,"rank":7}},{"type":"Feature","geometry":{"type":"Point","coordinates":[113.11,36.18]},"properties":{"name":"Changzhi","iso":"CN","pop":706000,"cap":0,"rank":7}},{"type":"Feature","geometry":{"type":"Point","coordinates":[114.0,31.62]},"properties":{"name":"Guangshui","iso":"CN","pop":154771,"cap":0,"rank":7}},{"type":"Feature","geometry":{"type":"Point","coordinates":[112.2,31.03]},"properties":{"name":"Jingmen","iso":"CN","pop":400000,"cap":0,"rank":7}},{"type":"Feature","geometry":{"type":"Point","coordinates":[111.5,30.3]},"properties":{"name":"Zicheng","iso":"CN","pop":237042,"cap":0,"rank":7}},{"type":"Feature","geometry":{"type":"Point","coordinates":[112.4,29.7]},"properties":{"name":"Shishou","iso":"CN","pop":231787,"cap":0,"rank":7}},{"type":"Feature","geometry":{"type":"Point","coordinates":[113.9,30.92]},"properties":{"name":"Xiaogan","iso":"CN","pop":160437,"cap":0,"rank":7}},{"type":"Feature","geometry":{"type":"Point","coordinates":[113.88,29.72]},"properties":{"name":"Puqi","iso":"CN","pop":205164,"cap":0,"rank":7}},{"type":"Feature","geometry":{"type":"Point","coordinates":[110.81,32.81]},"properties":{"name":"Yunxian","iso":"CN","pop":133558,"cap":0,"rank":7}},{"type":"Feature","geometry":{"type":"Point","coordinates":[111.85,29.63]},"properties":{"name":"Jinshi","iso":"CN","pop":274000,"cap":0,"rank":7}},{"type":"Feature","geometry":{"type":"Point","coordinates":[113.03,25.8]},"properties":{"name":"Chenzhou","iso":"CN","pop":322997,"cap":0,"rank":7}},{"type":"Feature","geometry":{"type":"Point","coordinates":[109.68,27.44]},"properties":{"name":"Zhijiang","iso":"CN","pop":113907,"cap":0,"rank":7}},{"type":"Feature","geometry":{"type":"Point","coordinates":[112.9,27.85]},"properties":{"name":"Xiangtan","iso":"CN","pop":2586948,"cap":0,"rank":7}},{"type":"Feature","geometry":{"type":"Point","coordinates":[104.78,29.4]},"properties":{"name":"Zigong","iso":"CN","pop":1105000,"cap":0,"rank":7}},{"type":"Feature","geometry":{"type":"Point","coordinates":[103.08,29.98]},"properties":{"name":"Yaan","iso":"CN","pop":340000,"cap":0,"rank":7}},{"type":"Feature","geometry":{"type":"Point","coordinates":[100.98,22.78]},"properties":{"name":"Simao","iso":"CN","pop":162725,"cap":0,"rank":7}},{"type":"Feature","geometry":{"type":"Point","coordinates":[104.25,23.37]},"properties":{"name":"Wenshan","iso":"CN","pop":152388,"cap":0,"rank":7}},{"type":"Feature","geometry":{"type":"Point","coordinates":[103.82,25.6]},"properties":{"name":"Zhanyi","iso":"CN","pop":652604,"cap":0,"rank":7}},{"type":"Feature","geometry":{"type":"Point","coordinates":[117.93,40.96]},"properties":{"name":"Chengde","iso":"CN","pop":449325,"cap":0,"rank":7}},{"type":"Feature","geometry":{"type":"Point","coordinates":[116.87,38.32]},"properties":{"name":"Cangzhou","iso":"CN","pop":527681,"cap":0,"rank":7}},{"type":"Feature","geometry":{"type":"Point","coordinates":[115.47,38.86]},"properties":{"name":"Baoding","iso":"CN","pop":1107000,"cap":0,"rank":7}},{"type":"Feature","geometry":{"type":"Point","coordinates":[117.33,38.37]},"properties":{"name":"Huanghua","iso":"CN","pop":120000,"cap":0,"rank":7}},{"type":"Feature","geometry":{"type":"Point","coordinates":[115.0,38.5]},"properties":{"name":"Dingzhou","iso":"CN","pop":152934,"cap":0,"rank":7}},{"type":"Feature","geometry":{"type":"Point","coordinates":[115.68,36.85]},"properties":{"name":"Linqing","iso":"CN","pop":110046,"cap":0,"rank":7}},{"type":"Feature","geometry":{"type":"Point","coordinates":[114.5,37.05]},"properties":{"name":"Xiangtai","iso":"CN","pop":611739,"cap":0,"rank":7}},{"type":"Feature","geometry":{"type":"Point","coordinates":[114.98,35.7]},"properties":{"name":"Puyang","iso":"CN","pop":666322,"cap":0,"rank":7}},{"type":"Feature","geometry":{"type":"Point","coordinates":[114.22,35.95]},"properties":{"name":"Hebi","iso":"CN","pop":244662,"cap":0,"rank":7}},{"type":"Feature","geometry":{"type":"Point","coordinates":[113.82,34.02]},"properties":{"name":"Xuchang","iso":"CN","pop":449258,"cap":0,"rank":7}},{"type":"Feature","geometry":{"type":"Point","coordinates":[114.63,33.63]},"properties":{"name":"Zhoukou","iso":"CN","pop":377061,"cap":0,"rank":7}},{"type":"Feature","geometry":{"type":"Point","coordinates":[123.82,42.3]},"properties":{"name":"Tieling","iso":"CN","pop":340000,"cap":0,"rank":7}},{"type":"Feature","geometry":{"type":"Point","coordinates":[120.42,41.55]},"properties":{"name":"Chaoyang","iso":"CN","pop":470296,"cap":0,"rank":7}},{"type":"Feature","geometry":{"type":"Point","coordinates":[125.35,41.26]},"properties":{"name":"Huanren","iso":"CN","pop":116621,"cap":0,"rank":7}},{"type":"Feature","geometry":{"type":"Point","coordinates":[122.96,39.68]},"properties":{"name":"Zhuanghe","iso":"CN","pop":261510,"cap":0,"rank":7}},{"type":"Feature","geometry":{"type":"Point","coordinates":[117.66,36.2]},"properties":{"name":"Laiwu","iso":"CN","pop":124108,"cap":0,"rank":7}},{"type":"Feature","geometry":{"type":"Point","coordinates":[117.98,37.38]},"properties":{"name":"Buizhou","iso":"CN","pop":115893,"cap":0,"rank":7}},{"type":"Feature","geometry":{"type":"Point","coordinates":[115.97,36.43]},"properties":{"name":"Liaocheng","iso":"CN","pop":226930,"cap":0,"rank":7}},{"type":"Feature","geometry":{"type":"Point","coordinates":[119.45,35.43]},"properties":{"name":"Rizhao","iso":"CN","pop":865000,"cap":0,"rank":7}},{"type":"Feature","geometry":{"type":"Point","coordinates":[116.3,37.45]},"properties":{"name":"Dezhou","iso":"CN","pop":379555,"cap":0,"rank":7}},{"type":"Feature","geometry":{"type":"Point","coordinates":[116.36,27.97]},"properties":{"name":"Linchuan","iso":"CN","pop":241104,"cap":0,"rank":7}},{"type":"Feature","geometry":{"type":"Point","coordinates":[115.0,27.13]},"properties":{"name":"Jian","iso":"CN","pop":520248,"cap":0,"rank":7}},{"type":"Feature","geometry":{"type":"Point","coordinates":[117.97,28.47]},"properties":{"name":"Shangrao","iso":"CN","pop":1144577,"cap":0,"rank":7}},{"type":"Feature","geometry":{"type":"Point","coordinates":[117.18,29.27]},"properties":{"name":"Jingdezhen","iso":"CN","pop":457298,"cap":0,"rank":7}},{"type":"Feature","geometry":{"type":"Point","coordinates":[119.9,32.49]},"properties":{"name":"Taizhou","iso":"CN","pop":612356,"cap":0,"rank":7}},{"type":"Feature","geometry":{"type":"Point","coordinates":[118.77,34.13]},"properties":{"name":"Shuyang","iso":"CN","pop":1770000,"cap":0,"rank":7}},{"type":"Feature","geometry":{"type":"Point","coordinates":[119.23,34.59]},"properties":{"name":"Lianyungang","iso":"CN","pop":715600,"cap":0,"rank":7}},{"type":"Feature","geometry":{"type":"Point","coordinates":[119.9,28.45]},"properties":{"name":"Lishui","iso":"CN","pop":172777,"cap":0,"rank":7}},{"type":"Feature","geometry":{"type":"Point","coordinates":[121.45,28.68]},"properties":{"name":"Jiaojing","iso":"CN","pop":471500,"cap":0,"rank":7}},{"type":"Feature","geometry":{"type":"Point","coordinates":[118.87,28.97]},"properties":{"name":"Quzhou","iso":"CN","pop":370000,"cap":0,"rank":7}},{"type":"Feature","geometry":{"type":"Point","coordinates":[132.57,34.25]},"properties":{"name":"Kure","iso":"JP","pop":196991,"cap":0,"rank":7}},{"type":"Feature","geometry":{"type":"Point","coordinates":[133.07,35.47]},"properties":{"name":"Matsue","iso":"JP","pop":156811,"cap":0,"rank":7}},{"type":"Feature","geometry":{"type":"Point","coordinates":[134.23,35.5]},"properties":{"name":"Tottori","iso":"JP","pop":154098,"cap":0,"rank":7}},{"type":"Feature","geometry":{"type":"Point","coordinates":[129.72,33.16]},"properties":{"name":"Sasebo","iso":"JP","pop":237444,"cap":0,"rank":7}},{"type":"Feature","geometry":{"type":"Point","coordinates":[124.82,45.18]},"properties":{"name":"Songyuan","iso":"CN","pop":495900,"cap":0,"rank":7}},{"type":"Feature","geometry":{"type":"Point","coordinates":[128.22,43.35]},"properties":{"name":"Dunhua","iso":"CN","pop":191870,"cap":0,"rank":7}},{"type":"Feature","geometry":{"type":"Point","coordinates":[125.17,44.43]},"properties":{"name":"Nongan","iso":"CN","pop":141482,"cap":0,"rank":7}},{"type":"Feature","geometry":{"type":"Point","coordinates":[122.78,45.33]},"properties":{"name":"Taonan","iso":"CN","pop":116611,"cap":0,"rank":7}},{"type":"Feature","geometry":{"type":"Point","coordinates":[127.35,43.72]},"properties":{"name":"Jiaohe","iso":"CN","pop":123018,"cap":0,"rank":7}},{"type":"Feature","geometry":{"type":"Point","coordinates":[125.84,44.14]},"properties":{"name":"Jiutai","iso":"CN","pop":205399,"cap":0,"rank":7}},{"type":"Feature","geometry":{"type":"Point","coordinates":[130.82,33.87]},"properties":{"name":"Kitaky\u016bsh\u016b","iso":"JP","pop":997536,"cap":0,"rank":7}},{"type":"Feature","geometry":{"type":"Point","coordinates":[130.7,32.8]},"properties":{"name":"Kumamoto","iso":"JP","pop":718232,"cap":0,"rank":7}},{"type":"Feature","geometry":{"type":"Point","coordinates":[131.6,33.24]},"properties":{"name":"\u014cita","iso":"JP","pop":448907,"cap":0,"rank":7}},{"type":"Feature","geometry":{"type":"Point","coordinates":[120.73,49.28]},"properties":{"name":"Yakeshi","iso":"CN","pop":116284,"cap":0,"rank":7}},{"type":"Feature","geometry":{"type":"Point","coordinates":[126.98,46.63]},"properties":{"name":"Suihua","iso":"CN","pop":252245,"cap":0,"rank":7}},{"type":"Feature","geometry":{"type":"Point","coordinates":[131.35,46.67]},"properties":{"name":"Shuangyashan","iso":"CN","pop":500000,"cap":0,"rank":7}},{"type":"Feature","geometry":{"type":"Point","coordinates":[123.18,47.34]},"properties":{"name":"Longjiang","iso":"CN","pop":106384,"cap":0,"rank":7}},{"type":"Feature","geometry":{"type":"Point","coordinates":[126.93,47.45]},"properties":{"name":"Hailun","iso":"CN","pop":109881,"cap":0,"rank":7}},{"type":"Feature","geometry":{"type":"Point","coordinates":[128.05,46.95]},"properties":{"name":"Tieli","iso":"CN","pop":109636,"cap":0,"rank":7}},{"type":"Feature","geometry":{"type":"Point","coordinates":[126.28,45.35]},"properties":{"name":"Shuangcheng","iso":"CN","pop":130710,"cap":0,"rank":7}},{"type":"Feature","geometry":{"type":"Point","coordinates":[125.98,46.08]},"properties":{"name":"Zhaodong","iso":"CN","pop":179980,"cap":0,"rank":7}},{"type":"Feature","geometry":{"type":"Point","coordinates":[129.29,47.14]},"properties":{"name":"Nancha","iso":"CN","pop":121367,"cap":0,"rank":7}},{"type":"Feature","geometry":{"type":"Point","coordinates":[136.76,35.42]},"properties":{"name":"Gifu","iso":"JP","pop":412895,"cap":0,"rank":7}},{"type":"Feature","geometry":{"type":"Point","coordinates":[136.52,34.72]},"properties":{"name":"Tsu","iso":"JP","pop":500000,"cap":0,"rank":7}},{"type":"Feature","geometry":{"type":"Point","coordinates":[137.97,36.24]},"properties":{"name":"Matsumoto","iso":"JP","pop":224926,"cap":0,"rank":7}},{"type":"Feature","geometry":{"type":"Point","coordinates":[138.39,34.99]},"properties":{"name":"Shizuoka","iso":"JP","pop":701561,"cap":0,"rank":7}},{"type":"Feature","geometry":{"type":"Point","coordinates":[137.73,34.72]},"properties":{"name":"Hamamatsu","iso":"JP","pop":977023,"cap":0,"rank":7}},{"type":"Feature","geometry":{"type":"Point","coordinates":[143.17,42.93]},"properties":{"name":"Obihiro","iso":"JP","pop":173890,"cap":0,"rank":7}},{"type":"Feature","geometry":{"type":"Point","coordinates":[141.55,42.65]},"properties":{"name":"Tomakomai","iso":"JP","pop":174806,"cap":0,"rank":7}},{"type":"Feature","geometry":{"type":"Point","coordinates":[143.9,43.85]},"properties":{"name":"Kitami","iso":"JP","pop":113137,"cap":0,"rank":7}},{"type":"Feature","geometry":{"type":"Point","coordinates":[140.98,43.19]},"properties":{"name":"Otaru","iso":"JP","pop":143792,"cap":0,"rank":7}},{"type":"Feature","geometry":{"type":"Point","coordinates":[136.22,36.07]},"properties":{"name":"Fukui","iso":"JP","pop":248707,"cap":0,"rank":7}},{"type":"Feature","geometry":{"type":"Point","coordinates":[135.17,34.22]},"properties":{"name":"Wakayama","iso":"JP","pop":440006,"cap":0,"rank":7}},{"type":"Feature","geometry":{"type":"Point","coordinates":[140.48,36.37]},"properties":{"name":"Mito","iso":"JP","pop":353892,"cap":0,"rank":7}},{"type":"Feature","geometry":{"type":"Point","coordinates":[138.58,35.65]},"properties":{"name":"K\u014dfu","iso":"JP","pop":197540,"cap":0,"rank":7}},{"type":"Feature","geometry":{"type":"Point","coordinates":[140.89,37.06]},"properties":{"name":"Iwaki","iso":"JP","pop":357309,"cap":0,"rank":7}},{"type":"Feature","geometry":{"type":"Point","coordinates":[138.86,37.45]},"properties":{"name":"Nagaoka","iso":"JP","pop":195318,"cap":0,"rank":7}},{"type":"Feature","geometry":{"type":"Point","coordinates":[140.32,38.27]},"properties":{"name":"Yamagata","iso":"JP","pop":272209,"cap":0,"rank":7}},{"type":"Feature","geometry":{"type":"Point","coordinates":[20.61,-4.32]},"properties":{"name":"Ilebo","iso":"CD","pop":107093,"cap":0,"rank":7}},{"type":"Feature","geometry":{"type":"Point","coordinates":[12.35,-5.92]},"properties":{"name":"Moanda","iso":"CD","pop":153915,"cap":0,"rank":7}},{"type":"Feature","geometry":{"type":"Point","coordinates":[14.86,-5.25]},"properties":{"name":"Mbanza-Ngungu","iso":"CD","pop":197545,"cap":0,"rank":7}},{"type":"Feature","geometry":{"type":"Point","coordinates":[23.96,-6.74]},"properties":{"name":"Gandajika","iso":"CD","pop":154425,"cap":0,"rank":7}},{"type":"Feature","geometry":{"type":"Point","coordinates":[27.25,-11.76]},"properties":{"name":"Kipushi","iso":"CD","pop":113347,"cap":0,"rank":7}},{"type":"Feature","geometry":{"type":"Point","coordinates":[26.98,-5.38]},"properties":{"name":"Kongolo","iso":"CD","pop":105202,"cap":0,"rank":7}},{"type":"Feature","geometry":{"type":"Point","coordinates":[29.45,0.49]},"properties":{"name":"Beni","iso":"CD","pop":332903,"cap":0,"rank":7}},{"type":"Feature","geometry":{"type":"Point","coordinates":[113.91,-2.21]},"properties":{"name":"Palangkaraya","iso":"ID","pop":148289,"cap":0,"rank":7}},{"type":"Feature","geometry":{"type":"Point","coordinates":[-90.78,14.3]},"properties":{"name":"Escuintla","iso":"GT","pop":107638,"cap":0,"rank":7}},{"type":"Feature","geometry":{"type":"Point","coordinates":[-16.66,13.28]},"properties":{"name":"Brikama","iso":"GM","pop":195136,"cap":0,"rank":7}},{"type":"Feature","geometry":{"type":"Point","coordinates":[-0.84,9.4]},"properties":{"name":"Tamale","iso":"GH","pop":360579,"cap":0,"rank":7}},{"type":"Feature","geometry":{"type":"Point","coordinates":[-1.66,6.19]},"properties":{"name":"Obuasi","iso":"GH","pop":180117,"cap":0,"rank":7}},{"type":"Feature","geometry":{"type":"Point","coordinates":[-1.25,5.11]},"properties":{"name":"Cape Coast","iso":"GH","pop":143015,"cap":0,"rank":7}},{"type":"Feature","geometry":{"type":"Point","coordinates":[-0.26,6.09]},"properties":{"name":"Koforidua","iso":"GH","pop":156653,"cap":0,"rank":7}},{"type":"Feature","geometry":{"type":"Point","coordinates":[0.01,5.64]},"properties":{"name":"Tema","iso":"GH","pop":209000,"cap":0,"rank":7}},{"type":"Feature","geometry":{"type":"Point","coordinates":[75.72,32.27]},"properties":{"name":"Pathankot","iso":"IN","pop":253987,"cap":0,"rank":7}},{"type":"Feature","geometry":{"type":"Point","coordinates":[75.03,29.49]},"properties":{"name":"Sirsa","iso":"IN","pop":181639,"cap":0,"rank":7}},{"type":"Feature","geometry":{"type":"Point","coordinates":[76.97,29.4]},"properties":{"name":"Panipat","iso":"IN","pop":292808,"cap":0,"rank":7}},{"type":"Feature","geometry":{"type":"Point","coordinates":[76.97,29.68]},"properties":{"name":"Karnal","iso":"IN","pop":225049,"cap":0,"rank":7}},{"type":"Feature","geometry":{"type":"Point","coordinates":[74.35,34.2]},"properties":{"name":"Baramula","iso":"IN","pop":167986,"cap":0,"rank":7}},{"type":"Feature","geometry":{"type":"Point","coordinates":[78.57,14.75]},"properties":{"name":"Proddatur","iso":"IN","pop":197451,"cap":0,"rank":7}},{"type":"Feature","geometry":{"type":"Point","coordinates":[78.49,15.46]},"properties":{"name":"Nandyal","iso":"IN","pop":188654,"cap":0,"rank":7}},{"type":"Feature","geometry":{"type":"Point","coordinates":[77.49,13.78]},"properties":{"name":"Hindupur","iso":"IN","pop":168312,"cap":0,"rank":7}},{"type":"Feature","geometry":{"type":"Point","coordinates":[79.42,13.65]},"properties":{"name":"Tirupati","iso":"IN","pop":287035,"cap":0,"rank":7}},{"type":"Feature","geometry":{"type":"Point","coordinates":[80.06,15.51]},"properties":{"name":"Ongole","iso":"IN","pop":202860,"cap":0,"rank":7}},{"type":"Feature","geometry":{"type":"Point","coordinates":[83.4,18.11]},"properties":{"name":"Vizianagaram","iso":"IN","pop":179358,"cap":0,"rank":7}},{"type":"Feature","geometry":{"type":"Point","coordinates":[81.79,17.03]},"properties":{"name":"Rajahmundry","iso":"IN","pop":304804,"cap":0,"rank":7}},{"type":"Feature","geometry":{"type":"Point","coordinates":[81.18,16.2]},"properties":{"name":"Machilipatnam","iso":"IN","pop":192827,"cap":0,"rank":7}},{"type":"Feature","geometry":{"type":"Point","coordinates":[80.16,17.28]},"properties":{"name":"Khammam","iso":"IN","pop":290839,"cap":0,"rank":7}},{"type":"Feature","geometry":{"type":"Point","coordinates":[80.34,15.86]},"properties":{"name":"Chirala","iso":"IN","pop":253000,"cap":0,"rank":7}},{"type":"Feature","geometry":{"type":"Point","coordinates":[79.11,18.46]},"properties":{"name":"Karimnagar","iso":"IN","pop":288251,"cap":0,"rank":7}},{"type":"Feature","geometry":{"type":"Point","coordinates":[78.1,18.67]},"properties":{"name":"Nizamabad","iso":"IN","pop":388505,"cap":0,"rank":7}},{"type":"Feature","geometry":{"type":"Point","coordinates":[76.57,8.9]},"properties":{"name":"Kollam","iso":"IN","pop":394163,"cap":0,"rank":7}},{"type":"Feature","geometry":{"type":"Point","coordinates":[76.37,9.5]},"properties":{"name":"Alappuzha","iso":"IN","pop":176783,"cap":0,"rank":7}},{"type":"Feature","geometry":{"type":"Point","coordinates":[85.9,19.82]},"properties":{"name":"Puri","iso":"IN","pop":201026,"cap":0,"rank":7}},{"type":"Feature","geometry":{"type":"Point","coordinates":[83.97,21.47]},"properties":{"name":"Sambalpur","iso":"IN","pop":310852,"cap":0,"rank":7}},{"type":"Feature","geometry":{"type":"Point","coordinates":[84.83,22.23]},"properties":{"name":"Raurkela","iso":"IN","pop":625831,"cap":0,"rank":7}},{"type":"Feature","geometry":{"type":"Point","coordinates":[76.92,12.57]},"properties":{"name":"Mandya","iso":"IN","pop":285034,"cap":0,"rank":7}},{"type":"Feature","geometry":{"type":"Point","coordinates":[78.13,13.13]},"properties":{"name":"Kolar","iso":"IN","pop":144625,"cap":0,"rank":7}},{"type":"Feature","geometry":{"type":"Point","coordinates":[75.56,13.93]},"properties":{"name":"Shivamogga","iso":"IN","pop":654055,"cap":0,"rank":7}},{"type":"Feature","geometry":{"type":"Point","coordinates":[77.36,16.21]},"properties":{"name":"Raichur","iso":"IN","pop":255240,"cap":0,"rank":7}},{"type":"Feature","geometry":{"type":"Point","coordinates":[76.38,15.28]},"properties":{"name":"Hosapete","iso":"IN","pop":286007,"cap":0,"rank":7}},{"type":"Feature","geometry":{"type":"Point","coordinates":[77.52,17.92]},"properties":{"name":"Bidar","iso":"IN","pop":300136,"cap":0,"rank":7}},{"type":"Feature","geometry":{"type":"Point","coordinates":[74.58,16.86]},"properties":{"name":"Sangli","iso":"IN","pop":601214,"cap":0,"rank":7}},{"type":"Feature","geometry":{"type":"Point","coordinates":[76.76,19.27]},"properties":{"name":"Parbhani","iso":"IN","pop":378326,"cap":0,"rank":7}},{"type":"Feature","geometry":{"type":"Point","coordinates":[74.53,20.56]},"properties":{"name":"Malegaon","iso":"IN","pop":690844,"cap":0,"rank":7}},{"type":"Feature","geometry":{"type":"Point","coordinates":[92.74,11.67]},"properties":{"name":"Port Blair","iso":"IN","pop":127562,"cap":0,"rank":7}},{"type":"Feature","geometry":{"type":"Point","coordinates":[92.79,24.79]},"properties":{"name":"Silchar","iso":"IN","pop":152393,"cap":0,"rank":7}},{"type":"Feature","geometry":{"type":"Point","coordinates":[91.88,25.57]},"properties":{"name":"Shillong","iso":"IN","pop":375527,"cap":0,"rank":7}},{"type":"Feature","geometry":{"type":"Point","coordinates":[-0.35,49.18]},"properties":{"name":"Caen","iso":"FR","pop":190099,"cap":0,"rank":7}},{"type":"Feature","geometry":{"type":"Point","coordinates":[-4.5,48.39]},"properties":{"name":"Brest","iso":"FR","pop":144899,"cap":0,"rank":7}},{"type":"Feature","geometry":{"type":"Point","coordinates":[0.2,48.0]},"properties":{"name":"Le Mans","iso":"FR","pop":144515,"cap":0,"rank":7}},{"type":"Feature","geometry":{"type":"Point","coordinates":[-1.59,47.21]},"properties":{"name":"Nantes","iso":"FR","pop":438537,"cap":0,"rank":7}},{"type":"Feature","geometry":{"type":"Point","coordinates":[5.92,43.13]},"properties":{"name":"Toulon","iso":"FR","pop":357693,"cap":0,"rank":7}},{"type":"Feature","geometry":{"type":"Point","coordinates":[3.87,43.61]},"properties":{"name":"Montpellier","iso":"FR","pop":327254,"cap":0,"rank":7}},{"type":"Feature","geometry":{"type":"Point","coordinates":[4.35,43.83]},"properties":{"name":"N\u00eemes","iso":"FR","pop":169547,"cap":0,"rank":7}},{"type":"Feature","geometry":{"type":"Point","coordinates":[5.03,47.33]},"properties":{"name":"Dijon","iso":"FR","pop":169946,"cap":0,"rank":7}},{"type":"Feature","geometry":{"type":"Point","coordinates":[0.7,47.38]},"properties":{"name":"Tours","iso":"FR","pop":236096,"cap":0,"rank":7}},{"type":"Feature","geometry":{"type":"Point","coordinates":[1.9,47.9]},"properties":{"name":"Orl\u00e9ans","iso":"FR","pop":217301,"cap":0,"rank":7}},{"type":"Feature","geometry":{"type":"Point","coordinates":[1.08,49.43]},"properties":{"name":"Rouen","iso":"FR","pop":532559,"cap":0,"rank":7}},{"type":"Feature","geometry":{"type":"Point","coordinates":[4.03,49.25]},"properties":{"name":"Reims","iso":"FR","pop":196565,"cap":0,"rank":7}},{"type":"Feature","geometry":{"type":"Point","coordinates":[2.3,49.9]},"properties":{"name":"Amiens","iso":"FR","pop":143086,"cap":0,"rank":7}},{"type":"Feature","geometry":{"type":"Point","coordinates":[7.35,47.75]},"properties":{"name":"Mulhouse","iso":"FR","pop":215454,"cap":0,"rank":7}},{"type":"Feature","geometry":{"type":"Point","coordinates":[6.2,48.68]},"properties":{"name":"Nancy","iso":"FR","pop":268976,"cap":0,"rank":7}},{"type":"Feature","geometry":{"type":"Point","coordinates":[6.18,49.12]},"properties":{"name":"Metz","iso":"FR","pop":409186,"cap":0,"rank":7}},{"type":"Feature","geometry":{"type":"Point","coordinates":[-71.34,-29.95]},"properties":{"name":"Coquimbo","iso":"CL","pop":161317,"cap":0,"rank":7}},{"type":"Feature","geometry":{"type":"Point","coordinates":[-71.61,-33.6]},"properties":{"name":"San Antonio","iso":"CL","pop":104292,"cap":0,"rank":7}},{"type":"Feature","geometry":{"type":"Point","coordinates":[22.42,39.63]},"properties":{"name":"Larissa","iso":"GR","pop":128758,"cap":0,"rank":7}},{"type":"Feature","geometry":{"type":"Point","coordinates":[45.05,41.57]},"properties":{"name":"Rustavi","iso":"GE","pop":157063,"cap":0,"rank":7}},{"type":"Feature","geometry":{"type":"Point","coordinates":[42.69,37.14]},"properties":{"name":"Zakho","iso":"IQ","pop":134863,"cap":0,"rank":7}},{"type":"Feature","geometry":{"type":"Point","coordinates":[42.45,36.38]},"properties":{"name":"Tall Afar","iso":"IQ","pop":144465,"cap":0,"rank":7}},{"type":"Feature","geometry":{"type":"Point","coordinates":[34.98,32.82]},"properties":{"name":"Haifa","iso":"IL","pop":1011000,"cap":0,"rank":7}},{"type":"Feature","geometry":{"type":"Point","coordinates":[35.3,32.7]},"properties":{"name":"Nazareth","iso":"IL","pop":151459,"cap":0,"rank":7}},{"type":"Feature","geometry":{"type":"Point","coordinates":[44.02,32.61]},"properties":{"name":"Karbala","iso":"IQ","pop":510692,"cap":0,"rank":7}},{"type":"Feature","geometry":{"type":"Point","coordinates":[39.47,14.28]},"properties":{"name":"Adigrat","iso":"ET","pop":104021,"cap":0,"rank":7}},{"type":"Feature","geometry":{"type":"Point","coordinates":[37.97,8.53]},"properties":{"name":"Giyon","iso":"ET","pop":114534,"cap":0,"rank":7}},{"type":"Feature","geometry":{"type":"Point","coordinates":[38.59,7.2]},"properties":{"name":"Shashemene","iso":"ET","pop":114350,"cap":0,"rank":7}},{"type":"Feature","geometry":{"type":"Point","coordinates":[12.15,54.07]},"properties":{"name":"Rostock","iso":"DE","pop":203080,"cap":0,"rank":7}},{"type":"Feature","geometry":{"type":"Point","coordinates":[51.86,32.01]},"properties":{"name":"Qomsheh","iso":"IR","pop":118301,"cap":0,"rank":7}},{"type":"Feature","geometry":{"type":"Point","coordinates":[51.58,33.98]},"properties":{"name":"Kashan","iso":"IR","pop":250000,"cap":0,"rank":7}},{"type":"Feature","geometry":{"type":"Point","coordinates":[51.47,32.7]},"properties":{"name":"Khomeini Shahr","iso":"IR","pop":437138,"cap":0,"rank":7}},{"type":"Feature","geometry":{"type":"Point","coordinates":[53.67,28.97]},"properties":{"name":"Fasa","iso":"IR","pop":124458,"cap":0,"rank":7}},{"type":"Feature","geometry":{"type":"Point","coordinates":[55.17,37.25]},"properties":{"name":"Gonbad-e Kavus","iso":"IR","pop":159982,"cap":0,"rank":7}},{"type":"Feature","geometry":{"type":"Point","coordinates":[54.48,36.83]},"properties":{"name":"Gorgan","iso":"IR","pop":281023,"cap":0,"rank":7}},{"type":"Feature","geometry":{"type":"Point","coordinates":[52.36,36.47]},"properties":{"name":"Amol","iso":"IR","pop":221650,"cap":0,"rank":7}},{"type":"Feature","geometry":{"type":"Point","coordinates":[53.1,36.55]},"properties":{"name":"Sari","iso":"IR","pop":271467,"cap":0,"rank":7}},{"type":"Feature","geometry":{"type":"Point","coordinates":[53.37,35.55]},"properties":{"name":"Semnan","iso":"IR","pop":124826,"cap":0,"rank":7}},{"type":"Feature","geometry":{"type":"Point","coordinates":[50.97,35.8]},"properties":{"name":"Karaj","iso":"IR","pop":1423000,"cap":0,"rank":7}},{"type":"Feature","geometry":{"type":"Point","coordinates":[48.47,32.38]},"properties":{"name":"Dezful","iso":"IR","pop":315482,"cap":0,"rank":7}},{"type":"Feature","geometry":{"type":"Point","coordinates":[48.35,33.48]},"properties":{"name":"Khorramabad","iso":"IR","pop":375198,"cap":0,"rank":7}},{"type":"Feature","geometry":{"type":"Point","coordinates":[46.43,33.63]},"properties":{"name":"Ilam","iso":"IR","pop":152894,"cap":0,"rank":7}},{"type":"Feature","geometry":{"type":"Point","coordinates":[45.28,31.31]},"properties":{"name":"As Samawah","iso":"IQ","pop":174978,"cap":0,"rank":7}},{"type":"Feature","geometry":{"type":"Point","coordinates":[46.27,31.04]},"properties":{"name":"An Nasiriyah","iso":"IQ","pop":451547,"cap":0,"rank":7}},{"type":"Feature","geometry":{"type":"Point","coordinates":[47.15,31.84]},"properties":{"name":"Al Amarah","iso":"IQ","pop":345007,"cap":0,"rank":7}},{"type":"Feature","geometry":{"type":"Point","coordinates":[45.83,32.49]},"properties":{"name":"Al Kut","iso":"IQ","pop":321521,"cap":0,"rank":7}},{"type":"Feature","geometry":{"type":"Point","coordinates":[50.33,35.02]},"properties":{"name":"Saveh","iso":"IR","pop":175533,"cap":0,"rank":7}},{"type":"Feature","geometry":{"type":"Point","coordinates":[49.7,34.08]},"properties":{"name":"Arak","iso":"IR","pop":503647,"cap":0,"rank":7}},{"type":"Feature","geometry":{"type":"Point","coordinates":[45.72,36.77]},"properties":{"name":"Mahabad","iso":"IR","pop":162434,"cap":0,"rank":7}},{"type":"Feature","geometry":{"type":"Point","coordinates":[44.97,38.53]},"properties":{"name":"Khvoy","iso":"IR","pop":202728,"cap":0,"rank":7}},{"type":"Feature","geometry":{"type":"Point","coordinates":[46.22,37.42]},"properties":{"name":"Maragheh","iso":"IR","pop":151385,"cap":0,"rank":7}},{"type":"Feature","geometry":{"type":"Point","coordinates":[45.43,35.56]},"properties":{"name":"As Sulaymaniyah","iso":"IQ","pop":723170,"cap":0,"rank":7}},{"type":"Feature","geometry":{"type":"Point","coordinates":[44.66,33.75]},"properties":{"name":"Baqubah","iso":"IQ","pop":299479,"cap":0,"rank":7}},{"type":"Feature","geometry":{"type":"Point","coordinates":[60.61,35.22]},"properties":{"name":"Torbat-e Jam","iso":"IR","pop":104578,"cap":0,"rank":7}},{"type":"Feature","geometry":{"type":"Point","coordinates":[58.5,37.11]},"properties":{"name":"Quchan","iso":"IR","pop":145531,"cap":0,"rank":7}},{"type":"Feature","geometry":{"type":"Point","coordinates":[74.18,30.13]},"properties":{"name":"Abohar","iso":"IN","pop":130603,"cap":0,"rank":7}},{"type":"Feature","geometry":{"type":"Point","coordinates":[76.38,30.32]},"properties":{"name":"Patiala","iso":"IN","pop":329224,"cap":0,"rank":7}},{"type":"Feature","geometry":{"type":"Point","coordinates":[74.64,25.35]},"properties":{"name":"Bhilwara","iso":"IN","pop":389911,"cap":0,"rank":7}},{"type":"Feature","geometry":{"type":"Point","coordinates":[73.33,25.79]},"properties":{"name":"Pali","iso":"IN","pop":210103,"cap":0,"rank":7}},{"type":"Feature","geometry":{"type":"Point","coordinates":[75.79,26.15]},"properties":{"name":"Tonk","iso":"IN","pop":181734,"cap":0,"rank":7}},{"type":"Feature","geometry":{"type":"Point","coordinates":[75.14,27.61]},"properties":{"name":"Sikar","iso":"IN","pop":400000,"cap":0,"rank":7}},{"type":"Feature","geometry":{"type":"Point","coordinates":[73.33,28.02]},"properties":{"name":"Bikaner","iso":"IN","pop":576015,"cap":0,"rank":7}},{"type":"Feature","geometry":{"type":"Point","coordinates":[77.51,27.21]},"properties":{"name":"Bharatpur","iso":"IN","pop":229384,"cap":0,"rank":7}},{"type":"Feature","geometry":{"type":"Point","coordinates":[76.6,27.55]},"properties":{"name":"Alwar","iso":"IN","pop":283228,"cap":0,"rank":7}},{"type":"Feature","geometry":{"type":"Point","coordinates":[80.8,25.88]},"properties":{"name":"Fatehpur","iso":"IN","pop":166480,"cap":0,"rank":7}},{"type":"Feature","geometry":{"type":"Point","coordinates":[82.17,26.75]},"properties":{"name":"Faizabad","iso":"IN","pop":153047,"cap":0,"rank":7}},{"type":"Feature","geometry":{"type":"Point","coordinates":[81.61,27.57]},"properties":{"name":"Bahraich","iso":"IN","pop":182218,"cap":0,"rank":7}},{"type":"Feature","geometry":{"type":"Point","coordinates":[82.57,25.15]},"properties":{"name":"Mirzapur","iso":"IN","pop":245817,"cap":0,"rank":7}},{"type":"Feature","geometry":{"type":"Point","coordinates":[78.56,25.45]},"properties":{"name":"Jhansi","iso":"IN","pop":826494,"cap":0,"rank":7}},{"type":"Feature","geometry":{"type":"Point","coordinates":[79.91,27.88]},"properties":{"name":"Shahjahanpur","iso":"IN","pop":320434,"cap":0,"rank":7}},{"type":"Feature","geometry":{"type":"Point","coordinates":[79.02,28.82]},"properties":{"name":"Rampur","iso":"IN","pop":296418,"cap":0,"rank":7}},{"type":"Feature","geometry":{"type":"Point","coordinates":[79.42,28.35]},"properties":{"name":"Bareilly","iso":"IN","pop":817000,"cap":0,"rank":7}},{"type":"Feature","geometry":{"type":"Point","coordinates":[79.01,26.79]},"properties":{"name":"Etawah","iso":"IN","pop":257448,"cap":0,"rank":7}},{"type":"Feature","geometry":{"type":"Point","coordinates":[78.05,30.32]},"properties":{"name":"Dehra Dun","iso":"IN","pop":714223,"cap":0,"rank":7}},{"type":"Feature","geometry":{"type":"Point","coordinates":[88.32,22.58]},"properties":{"name":"Haora","iso":"IN","pop":4841638,"cap":0,"rank":7}},{"type":"Feature","geometry":{"type":"Point","coordinates":[89.57,26.48]},"properties":{"name":"Alipur Duar","iso":"IN","pop":127342,"cap":0,"rank":7}},{"type":"Feature","geometry":{"type":"Point","coordinates":[88.06,22.03]},"properties":{"name":"Haldia","iso":"IN","pop":200762,"cap":0,"rank":7}},{"type":"Feature","geometry":{"type":"Point","coordinates":[88.41,22.85]},"properties":{"name":"Bhatpara","iso":"IN","pop":483129,"cap":0,"rank":7}},{"type":"Feature","geometry":{"type":"Point","coordinates":[87.33,22.4]},"properties":{"name":"Medinipur","iso":"IN","pop":169127,"cap":0,"rank":7}},{"type":"Feature","geometry":{"type":"Point","coordinates":[88.46,26.72]},"properties":{"name":"Siliguri","iso":"IN","pop":515574,"cap":0,"rank":7}},{"type":"Feature","geometry":{"type":"Point","coordinates":[87.48,25.79]},"properties":{"name":"Purnia","iso":"IN","pop":198453,"cap":0,"rank":7}},{"type":"Feature","geometry":{"type":"Point","coordinates":[85.38,26.12]},"properties":{"name":"Muzaffarpur","iso":"IN","pop":333200,"cap":0,"rank":7}},{"type":"Feature","geometry":{"type":"Point","coordinates":[82.16,22.09]},"properties":{"name":"Bilaspur","iso":"IN","pop":543454,"cap":0,"rank":7}},{"type":"Feature","geometry":{"type":"Point","coordinates":[76.17,21.28]},"properties":{"name":"Burhanpur","iso":"IN","pop":197233,"cap":0,"rank":7}},{"type":"Feature","geometry":{"type":"Point","coordinates":[75.79,23.19]},"properties":{"name":"Ujjain","iso":"IN","pop":513350,"cap":0,"rank":7}},{"type":"Feature","geometry":{"type":"Point","coordinates":[75.03,23.35]},"properties":{"name":"Ratlam","iso":"IN","pop":307229,"cap":0,"rank":7}},{"type":"Feature","geometry":{"type":"Point","coordinates":[78.75,23.85]},"properties":{"name":"Sagar","iso":"IN","pop":328240,"cap":0,"rank":7}},{"type":"Feature","geometry":{"type":"Point","coordinates":[79.15,12.92]},"properties":{"name":"Vellore","iso":"IN","pop":177081,"cap":0,"rank":7}},{"type":"Feature","geometry":{"type":"Point","coordinates":[79.1,12.26]},"properties":{"name":"Tiruvannamalai","iso":"IN","pop":138243,"cap":0,"rank":7}},{"type":"Feature","geometry":{"type":"Point","coordinates":[77.58,9.42]},"properties":{"name":"Rajapalaiyam","iso":"IN","pop":369991,"cap":0,"rank":7}},{"type":"Feature","geometry":{"type":"Point","coordinates":[79.77,11.72]},"properties":{"name":"Cuddalore","iso":"IN","pop":158569,"cap":0,"rank":7}},{"type":"Feature","geometry":{"type":"Point","coordinates":[79.72,12.83]},"properties":{"name":"Kanchipuram","iso":"IN","pop":155029,"cap":0,"rank":7}},{"type":"Feature","geometry":{"type":"Point","coordinates":[77.69,8.73]},"properties":{"name":"Tirunelveli","iso":"IN","pop":542200,"cap":0,"rank":7}},{"type":"Feature","geometry":{"type":"Point","coordinates":[77.43,8.18]},"properties":{"name":"Nagercoil","iso":"IN","pop":224329,"cap":0,"rank":7}},{"type":"Feature","geometry":{"type":"Point","coordinates":[79.15,10.77]},"properties":{"name":"Thanjavur","iso":"IN","pop":219571,"cap":0,"rank":7}},{"type":"Feature","geometry":{"type":"Point","coordinates":[79.39,10.95]},"properties":{"name":"Kumbakonam","iso":"IN","pop":139264,"cap":0,"rank":7}},{"type":"Feature","geometry":{"type":"Point","coordinates":[76.97,10.32]},"properties":{"name":"Valparai","iso":"IN","pop":114308,"cap":0,"rank":7}},{"type":"Feature","geometry":{"type":"Point","coordinates":[77.33,11.08]},"properties":{"name":"Tiruppur","iso":"IN","pop":650000,"cap":0,"rank":7}},{"type":"Feature","geometry":{"type":"Point","coordinates":[72.92,20.85]},"properties":{"name":"Navsari","iso":"IN","pop":163000,"cap":0,"rank":7}},{"type":"Feature","geometry":{"type":"Point","coordinates":[69.67,23.23]},"properties":{"name":"Bhuj","iso":"IN","pop":289429,"cap":0,"rank":7}},{"type":"Feature","geometry":{"type":"Point","coordinates":[72.13,21.78]},"properties":{"name":"Bhavnagar","iso":"IN","pop":554978,"cap":0,"rank":7}},{"type":"Feature","geometry":{"type":"Point","coordinates":[72.64,23.22]},"properties":{"name":"Gandhinagar","iso":"IN","pop":195891,"cap":0,"rank":7}},{"type":"Feature","geometry":{"type":"Point","coordinates":[92.72,23.71]},"properties":{"name":"Aizawl","iso":"IN","pop":283021,"cap":0,"rank":7}},{"type":"Feature","geometry":{"type":"Point","coordinates":[91.28,23.84]},"properties":{"name":"Agartala","iso":"IN","pop":203264,"cap":0,"rank":7}},{"type":"Feature","geometry":{"type":"Point","coordinates":[12.67,-4.18]},"properties":{"name":"Loubomo","iso":"CG","pop":103894,"cap":0,"rank":7}},{"type":"Feature","geometry":{"type":"Point","coordinates":[10.38,55.4]},"properties":{"name":"Odense","iso":"DK","pop":158222,"cap":0,"rank":7}},{"type":"Feature","geometry":{"type":"Point","coordinates":[9.92,57.03]},"properties":{"name":"Aalborg","iso":"DK","pop":122219,"cap":0,"rank":7}},{"type":"Feature","geometry":{"type":"Point","coordinates":[-7.55,7.4]},"properties":{"name":"Man","iso":"CI","pop":146974,"cap":0,"rank":7}},{"type":"Feature","geometry":{"type":"Point","coordinates":[-5.88,6.15]},"properties":{"name":"Gagnoa","iso":"CI","pop":123184,"cap":0,"rank":7}},{"type":"Feature","geometry":{"type":"Point","coordinates":[-6.61,5.79]},"properties":{"name":"Soubr\u00e9","iso":"CI","pop":108933,"cap":0,"rank":7}},{"type":"Feature","geometry":{"type":"Point","coordinates":[-6.64,4.77]},"properties":{"name":"San-Pedro","iso":"CI","pop":210273,"cap":0,"rank":7}},{"type":"Feature","geometry":{"type":"Point","coordinates":[-3.49,6.73]},"properties":{"name":"Abengourou","iso":"CI","pop":104020,"cap":0,"rank":7}},{"type":"Feature","geometry":{"type":"Point","coordinates":[43.78,33.35]},"properties":{"name":"Al Fallujah","iso":"IQ","pop":231819,"cap":0,"rank":7}},{"type":"Feature","geometry":{"type":"Point","coordinates":[44.42,32.47]},"properties":{"name":"Al Hillah","iso":"IQ","pop":594605,"cap":0,"rank":7}},{"type":"Feature","geometry":{"type":"Point","coordinates":[-61.53,16.24]},"properties":{"name":"Pointe-\u00e0-Pitre","iso":"GP","pop":145511,"cap":0,"rank":7}},{"type":"Feature","geometry":{"type":"Point","coordinates":[-47.93,-1.29]},"properties":{"name":"Castanhal","iso":"BR","pop":137406,"cap":0,"rank":7}},{"type":"Feature","geometry":{"type":"Point","coordinates":[-44.25,-19.45]},"properties":{"name":"Sete Lagoas","iso":"BR","pop":201334,"cap":0,"rank":7}},{"type":"Feature","geometry":{"type":"Point","coordinates":[-44.9,-20.15]},"properties":{"name":"Divin\u00f3polis","iso":"BR","pop":193832,"cap":0,"rank":7}},{"type":"Feature","geometry":{"type":"Point","coordinates":[-42.52,-19.48]},"properties":{"name":"Ipatinga","iso":"BR","pop":407894,"cap":0,"rank":7}},{"type":"Feature","geometry":{"type":"Point","coordinates":[-54.64,-16.47]},"properties":{"name":"Rondon\u00f3polis","iso":"BR","pop":152912,"cap":0,"rank":7}},{"type":"Feature","geometry":{"type":"Point","coordinates":[-57.09,-29.77]},"properties":{"name":"Uruguaiana","iso":"BR","pop":123480,"cap":0,"rank":7}},{"type":"Feature","geometry":{"type":"Point","coordinates":[-51.14,-29.71]},"properties":{"name":"Novo Hamburgo","iso":"BR","pop":876990,"cap":0,"rank":7}},{"type":"Feature","geometry":{"type":"Point","coordinates":[-52.12,-32.05]},"properties":{"name":"Rio Grande","iso":"BR","pop":187838,"cap":0,"rank":7}},{"type":"Feature","geometry":{"type":"Point","coordinates":[-51.93,-23.41]},"properties":{"name":"Maring\u00e1","iso":"BR","pop":328335,"cap":0,"rank":7}},{"type":"Feature","geometry":{"type":"Point","coordinates":[-53.46,-24.96]},"properties":{"name":"Cascavel","iso":"BR","pop":257172,"cap":0,"rank":7}},{"type":"Feature","geometry":{"type":"Point","coordinates":[-54.53,-25.52]},"properties":{"name":"Foz do Igua\u00e7u","iso":"BR","pop":440455,"cap":0,"rank":7}},{"type":"Feature","geometry":{"type":"Point","coordinates":[-48.68,-26.9]},"properties":{"name":"Itaja\u00ed","iso":"BR","pop":327126,"cap":0,"rank":7}},{"type":"Feature","geometry":{"type":"Point","coordinates":[-50.31,-27.81]},"properties":{"name":"Lajes","iso":"BR","pop":164676,"cap":0,"rank":7}},{"type":"Feature","geometry":{"type":"Point","coordinates":[-39.42,-7.23]},"properties":{"name":"Crato","iso":"BR","pop":273883,"cap":0,"rank":7}},{"type":"Feature","geometry":{"type":"Point","coordinates":[-39.28,-14.79]},"properties":{"name":"Itabuna","iso":"BR","pop":221938,"cap":0,"rank":7}},{"type":"Feature","geometry":{"type":"Point","coordinates":[-39.08,-16.43]},"properties":{"name":"Porto Seguro","iso":"BR","pop":123173,"cap":0,"rank":7}},{"type":"Feature","geometry":{"type":"Point","coordinates":[-44.09,-22.52]},"properties":{"name":"Volta Redonda","iso":"BR","pop":456362,"cap":0,"rank":7}},{"type":"Feature","geometry":{"type":"Point","coordinates":[-43.2,-22.51]},"properties":{"name":"Petr\u00f3polis","iso":"BR","pop":286071,"cap":0,"rank":7}},{"type":"Feature","geometry":{"type":"Point","coordinates":[-122.3,49.05]},"properties":{"name":"Abbotsford","iso":"CA","pop":151683,"cap":0,"rank":7}},{"type":"Feature","geometry":{"type":"Point","coordinates":[-76.48,44.23]},"properties":{"name":"Kingston","iso":"CA","pop":114195,"cap":0,"rank":7}},{"type":"Feature","geometry":{"type":"Point","coordinates":[-79.7,44.38]},"properties":{"name":"Barrie","iso":"CA","pop":182041,"cap":0,"rank":7}},{"type":"Feature","geometry":{"type":"Point","coordinates":[10.41,5.49]},"properties":{"name":"Bafoussam","iso":"CM","pop":290768,"cap":0,"rank":7}},{"type":"Feature","geometry":{"type":"Point","coordinates":[9.44,4.64]},"properties":{"name":"Kumba","iso":"CM","pop":144413,"cap":0,"rank":7}},{"type":"Feature","geometry":{"type":"Point","coordinates":[9.19,4.03]},"properties":{"name":"Limbe","iso":"CM","pop":212474,"cap":0,"rank":7}},{"type":"Feature","geometry":{"type":"Point","coordinates":[20.33,43.89]},"properties":{"name":"\u010ca\u010dak","iso":"RS","pop":170000,"cap":0,"rank":7}},{"type":"Feature","geometry":{"type":"Point","coordinates":[21.9,43.33]},"properties":{"name":"Ni\u0161","iso":"RS","pop":250000,"cap":0,"rank":7}},{"type":"Feature","geometry":{"type":"Point","coordinates":[19.85,45.25]},"properties":{"name":"Novi Sad","iso":"RS","pop":225457,"cap":0,"rank":7}},{"type":"Feature","geometry":{"type":"Point","coordinates":[-48.96,-16.32]},"properties":{"name":"An\u00e1polis","iso":"BR","pop":319587,"cap":0,"rank":7}},{"type":"Feature","geometry":{"type":"Point","coordinates":[-57.95,-34.92]},"properties":{"name":"La Plata","iso":"AR","pop":694253,"cap":0,"rank":7}},{"type":"Feature","geometry":{"type":"Point","coordinates":[-58.03,-31.39]},"properties":{"name":"Concordia","iso":"AR","pop":145210,"cap":0,"rank":7}},{"type":"Feature","geometry":{"type":"Point","coordinates":[-49.39,-20.8]},"properties":{"name":"S\u00e3o Jos\u00e9 do Rio Preto","iso":"BR","pop":374699,"cap":0,"rank":7}},{"type":"Feature","geometry":{"type":"Point","coordinates":[-47.4,-22.57]},"properties":{"name":"Limeira","iso":"BR","pop":289665,"cap":0,"rank":7}},{"type":"Feature","geometry":{"type":"Point","coordinates":[-45.56,-23.02]},"properties":{"name":"Taubat\u00e9","iso":"BR","pop":403560,"cap":0,"rank":7}},{"type":"Feature","geometry":{"type":"Point","coordinates":[-48.57,-22.29]},"properties":{"name":"Ja\u00fa","iso":"BR","pop":119206,"cap":0,"rank":7}},{"type":"Feature","geometry":{"type":"Point","coordinates":[-48.45,-22.88]},"properties":{"name":"Botucatu","iso":"BR","pop":113862,"cap":0,"rank":7}},{"type":"Feature","geometry":{"type":"Point","coordinates":[9.94,4.96]},"properties":{"name":"Nkongsamba","iso":"CM","pop":117063,"cap":0,"rank":7}},{"type":"Feature","geometry":{"type":"Point","coordinates":[10.12,3.8]},"properties":{"name":"Ed\u00e9a","iso":"CM","pop":203149,"cap":0,"rank":7}},{"type":"Feature","geometry":{"type":"Point","coordinates":[10.68,6.22]},"properties":{"name":"Kumbo","iso":"CM","pop":125486,"cap":0,"rank":7}},{"type":"Feature","geometry":{"type":"Point","coordinates":[13.68,4.58]},"properties":{"name":"Bertoua","iso":"CM","pop":218111,"cap":0,"rank":7}},{"type":"Feature","geometry":{"type":"Point","coordinates":[13.58,7.32]},"properties":{"name":"Ngaound\u00e9r\u00e9","iso":"CM","pop":231357,"cap":0,"rank":7}},{"type":"Feature","geometry":{"type":"Point","coordinates":[19.45,41.32]},"properties":{"name":"Durr\u00ebs","iso":"AL","pop":142432,"cap":0,"rank":7}},{"type":"Feature","geometry":{"type":"Point","coordinates":[19.52,42.07]},"properties":{"name":"Shkod\u00ebr","iso":"AL","pop":155767,"cap":0,"rank":7}},{"type":"Feature","geometry":{"type":"Point","coordinates":[3.23,51.22]},"properties":{"name":"Brugge","iso":"BE","pop":146469,"cap":0,"rank":7}},{"type":"Feature","geometry":{"type":"Point","coordinates":[4.87,50.47]},"properties":{"name":"Namur","iso":"BE","pop":106284,"cap":0,"rank":7}},{"type":"Feature","geometry":{"type":"Point","coordinates":[4.45,50.42]},"properties":{"name":"Charleroi","iso":"BE","pop":345367,"cap":0,"rank":7}},{"type":"Feature","geometry":{"type":"Point","coordinates":[66.9,36.75]},"properties":{"name":"Balkh","iso":"AF","pop":179969,"cap":0,"rank":7}},{"type":"Feature","geometry":{"type":"Point","coordinates":[64.77,35.93]},"properties":{"name":"Meymaneh","iso":"AF","pop":199795,"cap":0,"rank":7}},{"type":"Feature","geometry":{"type":"Point","coordinates":[68.42,33.56]},"properties":{"name":"Ghazni","iso":"AF","pop":141000,"cap":0,"rank":7}},{"type":"Feature","geometry":{"type":"Point","coordinates":[68.87,36.73]},"properties":{"name":"Kondoz","iso":"AF","pop":259809,"cap":0,"rank":7}},{"type":"Feature","geometry":{"type":"Point","coordinates":[70.44,34.44]},"properties":{"name":"Jalalabad","iso":"AF","pop":597971,"cap":0,"rank":7}},{"type":"Feature","geometry":{"type":"Point","coordinates":[90.38,24.75]},"properties":{"name":"Mymensingh","iso":"BD","pop":330126,"cap":0,"rank":7}},{"type":"Feature","geometry":{"type":"Point","coordinates":[89.95,24.9]},"properties":{"name":"Jamalpur","iso":"BD","pop":167900,"cap":0,"rank":7}},{"type":"Feature","geometry":{"type":"Point","coordinates":[90.5,23.62]},"properties":{"name":"Narayanganj","iso":"BD","pop":223622,"cap":0,"rank":7}},{"type":"Feature","geometry":{"type":"Point","coordinates":[-65.75,-19.57]},"properties":{"name":"Potos\u00ed","iso":"BO","pop":179901,"cap":0,"rank":7}},{"type":"Feature","geometry":{"type":"Point","coordinates":[-0.64,35.19]},"properties":{"name":"Sidi bel Abbes","iso":"DZ","pop":208604,"cap":0,"rank":7}},{"type":"Feature","geometry":{"type":"Point","coordinates":[-1.32,34.89]},"properties":{"name":"Tlimcen","iso":"DZ","pop":229777,"cap":0,"rank":7}},{"type":"Feature","geometry":{"type":"Point","coordinates":[6.9,36.88]},"properties":{"name":"Skikda","iso":"DZ","pop":225181,"cap":0,"rank":7}},{"type":"Feature","geometry":{"type":"Point","coordinates":[2.94,11.13]},"properties":{"name":"Kandi","iso":"BJ","pop":109701,"cap":0,"rank":7}},{"type":"Feature","geometry":{"type":"Point","coordinates":[1.68,9.7]},"properties":{"name":"Djougou","iso":"BJ","pop":202810,"cap":0,"rank":7}},{"type":"Feature","geometry":{"type":"Point","coordinates":[6.86,33.37]},"properties":{"name":"El Oued","iso":"DZ","pop":177497,"cap":0,"rank":7}},{"type":"Feature","geometry":{"type":"Point","coordinates":[1.32,36.17]},"properties":{"name":"Chlef","iso":"DZ","pop":449167,"cap":0,"rank":7}},{"type":"Feature","geometry":{"type":"Point","coordinates":[0.14,35.4]},"properties":{"name":"Mascara","iso":"DZ","pop":108230,"cap":0,"rank":7}},{"type":"Feature","geometry":{"type":"Point","coordinates":[0.09,35.94]},"properties":{"name":"Mostaganem","iso":"DZ","pop":188354,"cap":0,"rank":7}},{"type":"Feature","geometry":{"type":"Point","coordinates":[0.14,34.84]},"properties":{"name":"Sa\u00efda","iso":"DZ","pop":142213,"cap":0,"rank":7}},{"type":"Feature","geometry":{"type":"Point","coordinates":[1.32,35.38]},"properties":{"name":"Tiarat","iso":"DZ","pop":184195,"cap":0,"rank":7}},{"type":"Feature","geometry":{"type":"Point","coordinates":[5.07,36.76]},"properties":{"name":"B\u00e9ja\u00efa","iso":"DZ","pop":384937,"cap":0,"rank":7}},{"type":"Feature","geometry":{"type":"Point","coordinates":[2.83,36.42]},"properties":{"name":"Blida","iso":"DZ","pop":511348,"cap":0,"rank":7}},{"type":"Feature","geometry":{"type":"Point","coordinates":[3.9,36.38]},"properties":{"name":"Bou\u00efra","iso":"DZ","pop":110144,"cap":0,"rank":7}},{"type":"Feature","geometry":{"type":"Point","coordinates":[2.77,36.27]},"properties":{"name":"M\u00e9d\u00e9a","iso":"DZ","pop":147707,"cap":0,"rank":7}},{"type":"Feature","geometry":{"type":"Point","coordinates":[7.95,36.29]},"properties":{"name":"Souk Ahras","iso":"DZ","pop":134947,"cap":0,"rank":7}},{"type":"Feature","geometry":{"type":"Point","coordinates":[8.12,35.41]},"properties":{"name":"T\u00e9bessa","iso":"DZ","pop":171742,"cap":0,"rank":7}},{"type":"Feature","geometry":{"type":"Point","coordinates":[17.82,43.35]},"properties":{"name":"Mostar","iso":"BA","pop":163067,"cap":0,"rank":7}},{"type":"Feature","geometry":{"type":"Point","coordinates":[25.62,42.42]},"properties":{"name":"Stara Zagora","iso":"BG","pop":143431,"cap":0,"rank":7}},{"type":"Feature","geometry":{"type":"Point","coordinates":[24.61,43.42]},"properties":{"name":"Pleven","iso":"BG","pop":118675,"cap":0,"rank":7}},{"type":"Feature","geometry":{"type":"Point","coordinates":[27.9,43.22]},"properties":{"name":"Varna","iso":"BG","pop":312770,"cap":0,"rank":7}},{"type":"Feature","geometry":{"type":"Point","coordinates":[25.97,43.85]},"properties":{"name":"Ruse","iso":"BG","pop":184270,"cap":0,"rank":7}},{"type":"Feature","geometry":{"type":"Point","coordinates":[15.41,47.08]},"properties":{"name":"Graz","iso":"AT","pop":263234,"cap":0,"rank":7}},{"type":"Feature","geometry":{"type":"Point","coordinates":[14.29,48.32]},"properties":{"name":"Linz","iso":"AT","pop":349161,"cap":0,"rank":7}},{"type":"Feature","geometry":{"type":"Point","coordinates":[13.04,47.81]},"properties":{"name":"Salzburg","iso":"AT","pop":206279,"cap":0,"rank":7}},{"type":"Feature","geometry":{"type":"Point","coordinates":[11.41,47.28]},"properties":{"name":"Innsbruck","iso":"AT","pop":155214,"cap":0,"rank":7}},{"type":"Feature","geometry":{"type":"Point","coordinates":[26.09,52.13]},"properties":{"name":"Pinsk","iso":"BY","pop":130777,"cap":0,"rank":7}},{"type":"Feature","geometry":{"type":"Point","coordinates":[29.27,52.05]},"properties":{"name":"Mazyr","iso":"BY","pop":112137,"cap":0,"rank":7}},{"type":"Feature","geometry":{"type":"Point","coordinates":[30.32,53.9]},"properties":{"name":"Mahilyow","iso":"BY","pop":369200,"cap":0,"rank":7}},{"type":"Feature","geometry":{"type":"Point","coordinates":[29.19,53.13]},"properties":{"name":"Babruysk","iso":"BY","pop":220517,"cap":0,"rank":7}},{"type":"Feature","geometry":{"type":"Point","coordinates":[30.42,54.52]},"properties":{"name":"Orsha","iso":"BY","pop":135206,"cap":0,"rank":7}},{"type":"Feature","geometry":{"type":"Point","coordinates":[25.28,53.89]},"properties":{"name":"Lida","iso":"BY","pop":100216,"cap":0,"rank":7}},{"type":"Feature","geometry":{"type":"Point","coordinates":[23.83,53.68]},"properties":{"name":"Hrodna","iso":"BY","pop":317365,"cap":0,"rank":7}},{"type":"Feature","geometry":{"type":"Point","coordinates":[28.49,54.23]},"properties":{"name":"Barysaw","iso":"BY","pop":155389,"cap":0,"rank":7}},{"type":"Feature","geometry":{"type":"Point","coordinates":[89.2,23.17]},"properties":{"name":"Jashore","iso":"BD","pop":243987,"cap":0,"rank":7}},{"type":"Feature","geometry":{"type":"Point","coordinates":[90.37,22.7]},"properties":{"name":"Barishal","iso":"BD","pop":202242,"cap":0,"rank":7}},{"type":"Feature","geometry":{"type":"Point","coordinates":[91.17,23.47]},"properties":{"name":"Comilla","iso":"BD","pop":389411,"cap":0,"rank":7}},{"type":"Feature","geometry":{"type":"Point","coordinates":[145.28,-38.1]},"properties":{"name":"Cranbourne","iso":"AU","pop":460491,"cap":0,"rank":7}},{"type":"Feature","geometry":{"type":"Point","coordinates":[18.68,44.55]},"properties":{"name":"Tuzla","iso":"BA","pop":144334,"cap":0,"rank":7}},{"type":"Feature","geometry":{"type":"Point","coordinates":[16.7,44.98]},"properties":{"name":"Prijedor","iso":"BA","pop":104858,"cap":0,"rank":7}},{"type":"Feature","geometry":{"type":"Point","coordinates":[17.18,44.78]},"properties":{"name":"Banja Luka","iso":"BA","pop":221738,"cap":0,"rank":7}},{"type":"Feature","geometry":{"type":"Point","coordinates":[89.25,24.0]},"properties":{"name":"Pabna","iso":"BD","pop":137888,"cap":0,"rank":7}},{"type":"Feature","geometry":{"type":"Point","coordinates":[88.35,24.58]},"properties":{"name":"Nawabganj","iso":"BD","pop":142361,"cap":0,"rank":7}},{"type":"Feature","geometry":{"type":"Point","coordinates":[89.0,25.8]},"properties":{"name":"Saidpur","iso":"BD","pop":232209,"cap":0,"rank":7}},{"type":"Feature","geometry":{"type":"Point","coordinates":[95.39,21.46]},"properties":{"name":"Myingyan","iso":"MM","pop":163812,"cap":0,"rank":7}},{"type":"Feature","geometry":{"type":"Point","coordinates":[95.74,17.78]},"properties":{"name":"Letpadan","iso":"MM","pop":176571,"cap":0,"rank":7}},{"type":"Feature","geometry":{"type":"Point","coordinates":[96.42,18.95]},"properties":{"name":"Taungoo","iso":"MM","pop":106945,"cap":0,"rank":7}},{"type":"Feature","geometry":{"type":"Point","coordinates":[97.72,16.26]},"properties":{"name":"Mudon","iso":"MM","pop":152300,"cap":0,"rank":7}},{"type":"Feature","geometry":{"type":"Point","coordinates":[97.67,16.5]},"properties":{"name":"Mawlamyine","iso":"MM","pop":438861,"cap":0,"rank":7}},{"type":"Feature","geometry":{"type":"Point","coordinates":[95.47,17.65]},"properties":{"name":"Hinthada","iso":"MM","pop":180728,"cap":0,"rank":7}},{"type":"Feature","geometry":{"type":"Point","coordinates":[94.75,16.77]},"properties":{"name":"Pathein","iso":"MM","pop":237089,"cap":0,"rank":7}},{"type":"Feature","geometry":{"type":"Point","coordinates":[94.88,20.46]},"properties":{"name":"Yaynangyoung","iso":"MM","pop":110553,"cap":0,"rank":7}},{"type":"Feature","geometry":{"type":"Point","coordinates":[95.09,21.33]},"properties":{"name":"Pakokku","iso":"MM","pop":126938,"cap":0,"rank":7}},{"type":"Feature","geometry":{"type":"Point","coordinates":[98.19,14.1]},"properties":{"name":"Dawei","iso":"MM","pop":146212,"cap":0,"rank":7}},{"type":"Feature","geometry":{"type":"Point","coordinates":[69.21,33.6]},"properties":{"name":"Gardiz","iso":"AF","pop":103601,"cap":0,"rank":7}},{"type":"Feature","geometry":{"type":"Point","coordinates":[33.03,34.68]},"properties":{"name":"Lemosos","iso":"CY","pop":154000,"cap":0,"rank":7}},{"type":"Feature","geometry":{"type":"Point","coordinates":[84.01,28.2]},"properties":{"name":"Pokhara","iso":"NP","pop":200000,"cap":0,"rank":7}},{"type":"Feature","geometry":{"type":"Point","coordinates":[126.78,37.5]},"properties":{"name":"Bucheon","iso":"KR","pop":866000,"cap":0,"rank":7}},{"type":"Feature","geometry":{"type":"Point","coordinates":[127.14,37.44]},"properties":{"name":"Songnam","iso":"KR","pop":942000,"cap":0,"rank":7}},{"type":"Feature","geometry":{"type":"Point","coordinates":[126.84,37.65]},"properties":{"name":"Goyang","iso":"KR","pop":903000,"cap":0,"rank":7}},{"type":"Feature","geometry":{"type":"Point","coordinates":[-66.62,18.0]},"properties":{"name":"Ponce","iso":"PR","pop":160334,"cap":0,"rank":7}},{"type":"Feature","geometry":{"type":"Point","coordinates":[-67.14,18.2]},"properties":{"name":"Mayag\u00fcez","iso":"PR","pop":291339,"cap":0,"rank":7}},{"type":"Feature","geometry":{"type":"Point","coordinates":[45.54,9.52]},"properties":{"name":"Burco","iso":"-99","pop":106593,"cap":0,"rank":7}},{"type":"Feature","geometry":{"type":"Point","coordinates":[12.44,43.94]},"properties":{"name":"San Marino","iso":"SM","pop":29579,"cap":1,"rank":7}},{"type":"Feature","geometry":{"type":"Point","coordinates":[-68.87,12.11]},"properties":{"name":"Willemstad","iso":"CW","pop":146813,"cap":0,"rank":7}},{"type":"Feature","geometry":{"type":"Point","coordinates":[57.52,-20.32]},"properties":{"name":"Curepipe","iso":"MU","pop":299975,"cap":0,"rank":7}},{"type":"Feature","geometry":{"type":"Point","coordinates":[9.52,47.13]},"properties":{"name":"Vaduz","iso":"LI","pop":36281,"cap":1,"rank":7}},{"type":"Feature","geometry":{"type":"Point","coordinates":[35.25,32.22]},"properties":{"name":"Nablus","iso":"PS","pop":215981,"cap":0,"rank":7}},{"type":"Feature","geometry":{"type":"Point","coordinates":[-68.97,18.42]},"properties":{"name":"La Romana","iso":"DO","pop":208437,"cap":0,"rank":7}},{"type":"Feature","geometry":{"type":"Point","coordinates":[120.51,24.07]},"properties":{"name":"Changhua","iso":"TW","pop":750000,"cap":0,"rank":7}},{"type":"Feature","geometry":{"type":"Point","coordinates":[120.44,23.48]},"properties":{"name":"Chiayi","iso":"TW","pop":500000,"cap":0,"rank":7}},{"type":"Feature","geometry":{"type":"Point","coordinates":[120.98,24.82]},"properties":{"name":"Hsinchu","iso":"TW","pop":750000,"cap":0,"rank":6}},{"type":"Feature","geometry":{"type":"Point","coordinates":[120.82,24.57]},"properties":{"name":"Miaoli","iso":"TW","pop":150000,"cap":0,"rank":7}},{"type":"Feature","geometry":{"type":"Point","coordinates":[120.48,22.68]},"properties":{"name":"Pingtung","iso":"TW","pop":503530,"cap":0,"rank":7}},{"type":"Feature","geometry":{"type":"Point","coordinates":[174.55,-36.85]},"properties":{"name":"Waitakere","iso":"NZ","pop":208100,"cap":0,"rank":7}},{"type":"Feature","geometry":{"type":"Point","coordinates":[174.78,-36.79]},"properties":{"name":"North Shore","iso":"NZ","pop":205605,"cap":0,"rank":7}},{"type":"Feature","geometry":{"type":"Point","coordinates":[-122.45,47.24]},"properties":{"name":"Tacoma","iso":"US","pop":719868,"cap":0,"rank":6}},{"type":"Feature","geometry":{"type":"Point","coordinates":[-118.2,33.78]},"properties":{"name":"Long Beach","iso":"US","pop":2036134,"cap":0,"rank":6}},{"type":"Feature","geometry":{"type":"Point","coordinates":[-108.55,39.09]},"properties":{"name":"Grand Junction","iso":"US","pop":104214,"cap":0,"rank":6}},{"type":"Feature","geometry":{"type":"Point","coordinates":[-122.87,42.33]},"properties":{"name":"Medford","iso":"US","pop":108525,"cap":0,"rank":6}},{"type":"Feature","geometry":{"type":"Point","coordinates":[-111.64,40.25]},"properties":{"name":"Provo","iso":"US","pop":356712,"cap":0,"rank":6}},{"type":"Feature","geometry":{"type":"Point","coordinates":[-92.33,34.74]},"properties":{"name":"Little Rock","iso":"US","pop":270893,"cap":0,"rank":6}},{"type":"Feature","geometry":{"type":"Point","coordinates":[-97.33,37.68]},"properties":{"name":"Wichita","iso":"US","pop":401843,"cap":0,"rank":6}},{"type":"Feature","geometry":{"type":"Point","coordinates":[-92.02,30.2]},"properties":{"name":"Lafayette","iso":"US","pop":158214,"cap":0,"rank":6}},{"type":"Feature","geometry":{"type":"Point","coordinates":[-102.37,31.85]},"properties":{"name":"Odessa","iso":"US","pop":106054,"cap":0,"rank":6}},{"type":"Feature","geometry":{"type":"Point","coordinates":[-98.49,33.91]},"properties":{"name":"Wichita Falls","iso":"US","pop":101212,"cap":0,"rank":6}},{"type":"Feature","geometry":{"type":"Point","coordinates":[-97.15,31.55]},"properties":{"name":"Waco","iso":"US","pop":167347,"cap":0,"rank":6}},{"type":"Feature","geometry":{"type":"Point","coordinates":[-101.88,33.58]},"properties":{"name":"Lubbock","iso":"US","pop":213300,"cap":0,"rank":6}},{"type":"Feature","geometry":{"type":"Point","coordinates":[-67.47,7.9]},"properties":{"name":"San Fernando de Apure","iso":"VE","pop":122701,"cap":0,"rank":6}},{"type":"Feature","geometry":{"type":"Point","coordinates":[-69.3,10.05]},"properties":{"name":"Barquisimeto","iso":"VE","pop":1116000,"cap":0,"rank":6}},{"type":"Feature","geometry":{"type":"Point","coordinates":[-72.68,41.77]},"properties":{"name":"Hartford","iso":"US","pop":913000,"cap":0,"rank":6}},{"type":"Feature","geometry":{"type":"Point","coordinates":[-71.42,41.82]},"properties":{"name":"Providence","iso":"US","pop":1277000,"cap":0,"rank":6}},{"type":"Feature","geometry":{"type":"Point","coordinates":[-86.82,33.53]},"properties":{"name":"Birmingham","iso":"US","pop":1128047,"cap":0,"rank":6}},{"type":"Feature","geometry":{"type":"Point","coordinates":[-88.05,30.68]},"properties":{"name":"Mobile","iso":"US","pop":253466,"cap":0,"rank":6}},{"type":"Feature","geometry":{"type":"Point","coordinates":[-87.22,30.42]},"properties":{"name":"Pensacola","iso":"US","pop":234384,"cap":0,"rank":6}},{"type":"Feature","geometry":{"type":"Point","coordinates":[-82.68,27.77]},"properties":{"name":"St. Petersburg","iso":"US","pop":800313,"cap":0,"rank":6}},{"type":"Feature","geometry":{"type":"Point","coordinates":[-89.64,39.79]},"properties":{"name":"Springfield","iso":"US","pop":134715,"cap":0,"rank":6}},{"type":"Feature","geometry":{"type":"Point","coordinates":[-79.8,36.07]},"properties":{"name":"Greensboro","iso":"US","pop":388887,"cap":0,"rank":6}},{"type":"Feature","geometry":{"type":"Point","coordinates":[-84.2,39.75]},"properties":{"name":"Dayton","iso":"US","pop":773000,"cap":0,"rank":6}},{"type":"Feature","geometry":{"type":"Point","coordinates":[-75.98,36.86]},"properties":{"name":"Virginia Beach","iso":"US","pop":1491000,"cap":0,"rank":6}},{"type":"Feature","geometry":{"type":"Point","coordinates":[-89.4,43.07]},"properties":{"name":"Madison","iso":"US","pop":327447,"cap":0,"rank":6}},{"type":"Feature","geometry":{"type":"Point","coordinates":[-88.0,44.53]},"properties":{"name":"Green Bay","iso":"US","pop":198611,"cap":0,"rank":6}},{"type":"Feature","geometry":{"type":"Point","coordinates":[-74.74,40.22]},"properties":{"name":"Trenton","iso":"US","pop":366513,"cap":0,"rank":6}},{"type":"Feature","geometry":{"type":"Point","coordinates":[-63.17,9.75]},"properties":{"name":"Matur\u00edn","iso":"VE","pop":410972,"cap":0,"rank":6}},{"type":"Feature","geometry":{"type":"Point","coordinates":[-64.18,10.45]},"properties":{"name":"Cuman\u00e1","iso":"VE","pop":317603,"cap":0,"rank":6}},{"type":"Feature","geometry":{"type":"Point","coordinates":[-84.55,42.73]},"properties":{"name":"Lansing","iso":"US","pop":279952,"cap":0,"rank":6}},{"type":"Feature","geometry":{"type":"Point","coordinates":[-6.29,36.52]},"properties":{"name":"C\u00e1diz","iso":"ES","pop":283157,"cap":0,"rank":6}},{"type":"Feature","geometry":{"type":"Point","coordinates":[-3.59,37.16]},"properties":{"name":"Granada\u200e","iso":"ES","pop":388290,"cap":0,"rank":6}},{"type":"Feature","geometry":{"type":"Point","coordinates":[-5.35,36.13]},"properties":{"name":"Gibraltar","iso":"GI","pop":187083,"cap":0,"rank":6}},{"type":"Feature","geometry":{"type":"Point","coordinates":[35.17,47.86]},"properties":{"name":"Zaporizhzhya","iso":"UA","pop":788000,"cap":0,"rank":6}},{"type":"Feature","geometry":{"type":"Point","coordinates":[67.27,37.23]},"properties":{"name":"Termiz","iso":"UZ","pop":177687,"cap":0,"rank":6}},{"type":"Feature","geometry":{"type":"Point","coordinates":[71.78,40.39]},"properties":{"name":"Fargona","iso":"UZ","pop":750000,"cap":0,"rank":6}},{"type":"Feature","geometry":{"type":"Point","coordinates":[71.67,41.0]},"properties":{"name":"Namangan","iso":"UZ","pop":750000,"cap":0,"rank":6}},{"type":"Feature","geometry":{"type":"Point","coordinates":[69.62,40.29]},"properties":{"name":"Khujand","iso":"TJ","pop":437684,"cap":0,"rank":6}},{"type":"Feature","geometry":{"type":"Point","coordinates":[102.83,16.42]},"properties":{"name":"Khon Kaen","iso":"TH","pop":251056,"cap":0,"rank":6}},{"type":"Feature","geometry":{"type":"Point","coordinates":[105.83,21.6]},"properties":{"name":"Th\u00e1i Nguy\u00ean","iso":"VN","pop":500000,"cap":0,"rank":6}},{"type":"Feature","geometry":{"type":"Point","coordinates":[105.8,19.82]},"properties":{"name":"Thanh H\u00f3a","iso":"VN","pop":197551,"cap":0,"rank":6}},{"type":"Feature","geometry":{"type":"Point","coordinates":[106.2,20.42]},"properties":{"name":"Nam \u0110\u1ecbnh","iso":"VN","pop":243186,"cap":0,"rank":6}},{"type":"Feature","geometry":{"type":"Point","coordinates":[105.68,18.7]},"properties":{"name":"Vinh","iso":"VN","pop":593645,"cap":0,"rank":6}},{"type":"Feature","geometry":{"type":"Point","coordinates":[106.6,17.48]},"properties":{"name":"\u0110\u1ed3ng H\u1edbi","iso":"VN","pop":189265,"cap":0,"rank":6}},{"type":"Feature","geometry":{"type":"Point","coordinates":[-86.8,15.76]},"properties":{"name":"La Ceiba","iso":"HN","pop":145926,"cap":0,"rank":6}},{"type":"Feature","geometry":{"type":"Point","coordinates":[-88.03,15.5]},"properties":{"name":"San Pedro Sula","iso":"HN","pop":680091,"cap":0,"rank":6}},{"type":"Feature","geometry":{"type":"Point","coordinates":[-1.13,37.98]},"properties":{"name":"Murcia","iso":"ES","pop":406807,"cap":0,"rank":6}},{"type":"Feature","geometry":{"type":"Point","coordinates":[-8.42,43.33]},"properties":{"name":"La Coru\u00f1a","iso":"ES","pop":370610,"cap":0,"rank":6}},{"type":"Feature","geometry":{"type":"Point","coordinates":[-7.87,42.33]},"properties":{"name":"Ourense","iso":"ES","pop":118107,"cap":0,"rank":6}},{"type":"Feature","geometry":{"type":"Point","coordinates":[-72.21,19.76]},"properties":{"name":"Cap-Ha\u00eftien","iso":"HT","pop":281487,"cap":0,"rank":6}},{"type":"Feature","geometry":{"type":"Point","coordinates":[-3.22,55.95]},"properties":{"name":"Edinburgh","iso":"GB","pop":504966,"cap":0,"rank":6}},{"type":"Feature","geometry":{"type":"Point","coordinates":[-1.61,54.99]},"properties":{"name":"Newcastle","iso":"GB","pop":882000,"cap":0,"rank":6}},{"type":"Feature","geometry":{"type":"Point","coordinates":[-2.96,53.41]},"properties":{"name":"Liverpool","iso":"GB","pop":811000,"cap":0,"rank":6}},{"type":"Feature","geometry":{"type":"Point","coordinates":[-3.17,51.48]},"properties":{"name":"Cardiff","iso":"GB","pop":861400,"cap":0,"rank":6}},{"type":"Feature","geometry":{"type":"Point","coordinates":[30.42,40.8]},"properties":{"name":"Adapazar\u0131","iso":"TR","pop":260109,"cap":0,"rank":6}},{"type":"Feature","geometry":{"type":"Point","coordinates":[39.72,40.98]},"properties":{"name":"Trabzon","iso":"TR","pop":764714,"cap":0,"rank":6}},{"type":"Feature","geometry":{"type":"Point","coordinates":[127.01,37.26]},"properties":{"name":"Suwon","iso":"KR","pop":1078000,"cap":0,"rank":6}},{"type":"Feature","geometry":{"type":"Point","coordinates":[-1.55,53.79]},"properties":{"name":"Leeds","iso":"GB","pop":1529000,"cap":0,"rank":6}},{"type":"Feature","geometry":{"type":"Point","coordinates":[38.79,37.17]},"properties":{"name":"\u015eanl\u0131urfa","iso":"TR","pop":449549,"cap":0,"rank":6}},{"type":"Feature","geometry":{"type":"Point","coordinates":[-1.65,42.82]},"properties":{"name":"Pamplona","iso":"ES","pop":274545,"cap":0,"rank":6}},{"type":"Feature","geometry":{"type":"Point","coordinates":[-79.84,-6.76]},"properties":{"name":"Chiclayo","iso":"PE","pop":596792,"cap":0,"rank":6}},{"type":"Feature","geometry":{"type":"Point","coordinates":[-70.14,-15.5]},"properties":{"name":"Juliaca","iso":"PE","pop":245675,"cap":0,"rank":6}},{"type":"Feature","geometry":{"type":"Point","coordinates":[-76.27,-10.69]},"properties":{"name":"Cerro de Pasco","iso":"PE","pop":137232,"cap":0,"rank":6}},{"type":"Feature","geometry":{"type":"Point","coordinates":[-74.22,-13.18]},"properties":{"name":"Ayacucho","iso":"PE","pop":166314,"cap":0,"rank":6}},{"type":"Feature","geometry":{"type":"Point","coordinates":[-77.13,-12.07]},"properties":{"name":"Callao","iso":"PE","pop":876877,"cap":0,"rank":6}},{"type":"Feature","geometry":{"type":"Point","coordinates":[-86.88,12.44]},"properties":{"name":"Le\u00f3n","iso":"NI","pop":164441,"cap":0,"rank":6}},{"type":"Feature","geometry":{"type":"Point","coordinates":[-8.9,38.53]},"properties":{"name":"Set\u00fabal","iso":"PT","pop":117974,"cap":0,"rank":6}},{"type":"Feature","geometry":{"type":"Point","coordinates":[-8.62,41.15]},"properties":{"name":"Porto","iso":"PT","pop":1337000,"cap":0,"rank":6}},{"type":"Feature","geometry":{"type":"Point","coordinates":[4.48,51.92]},"properties":{"name":"Rotterdam","iso":"NL","pop":1005000,"cap":0,"rank":6}},{"type":"Feature","geometry":{"type":"Point","coordinates":[6.13,49.61]},"properties":{"name":"Luxembourg","iso":"LU","pop":107260,"cap":1,"rank":6}},{"type":"Feature","geometry":{"type":"Point","coordinates":[5.68,58.97]},"properties":{"name":"Stavanger","iso":"NO","pop":173132,"cap":0,"rank":6}},{"type":"Feature","geometry":{"type":"Point","coordinates":[49.59,25.35]},"properties":{"name":"Hofuf","iso":"SA","pop":637389,"cap":0,"rank":6}},{"type":"Feature","geometry":{"type":"Point","coordinates":[63.07,25.99]},"properties":{"name":"Turbat","iso":"PK","pop":147791,"cap":0,"rank":6}},{"type":"Feature","geometry":{"type":"Point","coordinates":[73.11,31.41]},"properties":{"name":"Faisalabad","iso":"PK","pop":2617000,"cap":0,"rank":6}},{"type":"Feature","geometry":{"type":"Point","coordinates":[73.07,33.59]},"properties":{"name":"Rawalpindi","iso":"PK","pop":1858000,"cap":0,"rank":6}},{"type":"Feature","geometry":{"type":"Point","coordinates":[71.67,29.39]},"properties":{"name":"Bahawalpur","iso":"PK","pop":552607,"cap":0,"rank":6}},{"type":"Feature","geometry":{"type":"Point","coordinates":[69.01,25.53]},"properties":{"name":"Mirpur Khas","iso":"PK","pop":356435,"cap":0,"rank":6}},{"type":"Feature","geometry":{"type":"Point","coordinates":[68.85,27.71]},"properties":{"name":"Sukkur","iso":"PK","pop":417767,"cap":0,"rank":6}},{"type":"Feature","geometry":{"type":"Point","coordinates":[72.35,34.75]},"properties":{"name":"Saidu","iso":"PK","pop":1860310,"cap":0,"rank":6}},{"type":"Feature","geometry":{"type":"Point","coordinates":[103.73,1.48]},"properties":{"name":"Johor Bahru","iso":"MY","pop":875000,"cap":0,"rank":6}},{"type":"Feature","geometry":{"type":"Point","coordinates":[101.45,3.04]},"properties":{"name":"Kelang","iso":"MY","pop":956000,"cap":0,"rank":6}},{"type":"Feature","geometry":{"type":"Point","coordinates":[28.33,-26.15]},"properties":{"name":"Benoni","iso":"ZA","pop":2986000,"cap":0,"rank":6}},{"type":"Feature","geometry":{"type":"Point","coordinates":[27.96,-26.65]},"properties":{"name":"Vereeniging","iso":"ZA","pop":1074000,"cap":0,"rank":6}},{"type":"Feature","geometry":{"type":"Point","coordinates":[-79.87,9.37]},"properties":{"name":"Col\u00f3n","iso":"PA","pop":204000,"cap":0,"rank":6}},{"type":"Feature","geometry":{"type":"Point","coordinates":[31.33,58.5]},"properties":{"name":"Velikiy Novgorod","iso":"RU","pop":218717,"cap":0,"rank":6}},{"type":"Feature","geometry":{"type":"Point","coordinates":[30.52,56.32]},"properties":{"name":"Velikiye Luki","iso":"RU","pop":103149,"cap":0,"rank":6}},{"type":"Feature","geometry":{"type":"Point","coordinates":[39.83,64.57]},"properties":{"name":"Severodvinsk","iso":"RU","pop":194292,"cap":0,"rank":6}},{"type":"Feature","geometry":{"type":"Point","coordinates":[36.19,51.74]},"properties":{"name":"Kursk","iso":"RU","pop":409431,"cap":0,"rank":6}},{"type":"Feature","geometry":{"type":"Point","coordinates":[37.63,54.2]},"properties":{"name":"Tula","iso":"RU","pop":489486,"cap":0,"rank":6}},{"type":"Feature","geometry":{"type":"Point","coordinates":[41.43,52.73]},"properties":{"name":"Tambov","iso":"RU","pop":301482,"cap":0,"rank":6}},{"type":"Feature","geometry":{"type":"Point","coordinates":[55.96,53.63]},"properties":{"name":"Sterlitamak","iso":"RU","pop":267231,"cap":0,"rank":6}},{"type":"Feature","geometry":{"type":"Point","coordinates":[65.34,55.46]},"properties":{"name":"Kurgan","iso":"RU","pop":343129,"cap":0,"rank":6}},{"type":"Feature","geometry":{"type":"Point","coordinates":[75.62,63.17]},"properties":{"name":"Noyabrsk","iso":"RU","pop":110572,"cap":0,"rank":6}},{"type":"Feature","geometry":{"type":"Point","coordinates":[50.82,61.66]},"properties":{"name":"Syktyvkar","iso":"RU","pop":230910,"cap":0,"rank":6}},{"type":"Feature","geometry":{"type":"Point","coordinates":[53.69,63.56]},"properties":{"name":"Ukhta","iso":"RU","pop":102187,"cap":0,"rank":6}},{"type":"Feature","geometry":{"type":"Point","coordinates":[47.25,56.13]},"properties":{"name":"Cheboksary","iso":"RU","pop":446781,"cap":0,"rank":6}},{"type":"Feature","geometry":{"type":"Point","coordinates":[58.63,51.21]},"properties":{"name":"Orsk","iso":"RU","pop":246836,"cap":0,"rank":6}},{"type":"Feature","geometry":{"type":"Point","coordinates":[47.8,52.03]},"properties":{"name":"Balakovo","iso":"RU","pop":199572,"cap":0,"rank":6}},{"type":"Feature","geometry":{"type":"Point","coordinates":[76.58,60.93]},"properties":{"name":"Nizhenvartovsk","iso":"RU","pop":244937,"cap":0,"rank":6}},{"type":"Feature","geometry":{"type":"Point","coordinates":[68.26,58.2]},"properties":{"name":"Tobolsk","iso":"RU","pop":113800,"cap":0,"rank":6}},{"type":"Feature","geometry":{"type":"Point","coordinates":[81.21,51.52]},"properties":{"name":"Rubtsovsk","iso":"RU","pop":161065,"cap":0,"rank":6}},{"type":"Feature","geometry":{"type":"Point","coordinates":[86.71,53.9]},"properties":{"name":"Prokopyevsk","iso":"RU","pop":275615,"cap":0,"rank":6}},{"type":"Feature","geometry":{"type":"Point","coordinates":[54.09,17.03]},"properties":{"name":"Salalah","iso":"OM","pop":203877,"cap":0,"rank":6}},{"type":"Feature","geometry":{"type":"Point","coordinates":[47.5,42.98]},"properties":{"name":"Makhachkala","iso":"RU","pop":554981,"cap":0,"rank":6}},{"type":"Feature","geometry":{"type":"Point","coordinates":[56.73,24.36]},"properties":{"name":"Suhar","iso":"OM","pop":151349,"cap":0,"rank":6}},{"type":"Feature","geometry":{"type":"Point","coordinates":[58.18,23.68]},"properties":{"name":"Seeb","iso":"OM","pop":237816,"cap":0,"rank":6}},{"type":"Feature","geometry":{"type":"Point","coordinates":[129.37,36.02]},"properties":{"name":"Pohang","iso":"KR","pop":435266,"cap":0,"rank":6}},{"type":"Feature","geometry":{"type":"Point","coordinates":[129.32,35.55]},"properties":{"name":"Ulsan","iso":"KR","pop":1061000,"cap":0,"rank":6}},{"type":"Feature","geometry":{"type":"Point","coordinates":[128.61,35.87]},"properties":{"name":"Daegu","iso":"KR","pop":2460000,"cap":0,"rank":6}},{"type":"Feature","geometry":{"type":"Point","coordinates":[123.75,13.17]},"properties":{"name":"Legazpi","iso":"PH","pop":320081,"cap":0,"rank":6}},{"type":"Feature","geometry":{"type":"Point","coordinates":[121.73,17.61]},"properties":{"name":"Tuguegarao","iso":"PH","pop":115105,"cap":0,"rank":6}},{"type":"Feature","geometry":{"type":"Point","coordinates":[91.23,64.48]},"properties":{"name":"Noginsk","iso":"RU","pop":229731,"cap":0,"rank":6}},{"type":"Feature","geometry":{"type":"Point","coordinates":[95.71,56.19]},"properties":{"name":"Kansk","iso":"RU","pop":101502,"cap":0,"rank":6}},{"type":"Feature","geometry":{"type":"Point","coordinates":[90.5,56.27]},"properties":{"name":"Achinsk","iso":"RU","pop":117634,"cap":0,"rank":6}},{"type":"Feature","geometry":{"type":"Point","coordinates":[132.89,42.84]},"properties":{"name":"Nakhodka","iso":"RU","pop":159551,"cap":0,"rank":6}},{"type":"Feature","geometry":{"type":"Point","coordinates":[132.02,43.8]},"properties":{"name":"Ussuriysk","iso":"RU","pop":157068,"cap":0,"rank":6}},{"type":"Feature","geometry":{"type":"Point","coordinates":[137.02,50.55]},"properties":{"name":"Komsomolsk na Amure","iso":"RU","pop":275908,"cap":0,"rank":6}},{"type":"Feature","geometry":{"type":"Point","coordinates":[-116.62,31.87]},"properties":{"name":"Ensenada","iso":"MX","pop":256565,"cap":0,"rank":6}},{"type":"Feature","geometry":{"type":"Point","coordinates":[-101.01,25.42]},"properties":{"name":"Saltillo","iso":"MX","pop":754000,"cap":0,"rank":6}},{"type":"Feature","geometry":{"type":"Point","coordinates":[-106.49,31.69]},"properties":{"name":"Ciudad Ju\u00e1rez","iso":"MX","pop":1343000,"cap":0,"rank":6}},{"type":"Feature","geometry":{"type":"Point","coordinates":[-105.5,28.2]},"properties":{"name":"Delicias","iso":"MX","pop":114783,"cap":0,"rank":6}},{"type":"Feature","geometry":{"type":"Point","coordinates":[-104.67,24.03]},"properties":{"name":"Durango","iso":"MX","pop":457140,"cap":0,"rank":6}},{"type":"Feature","geometry":{"type":"Point","coordinates":[-109,25.79]},"properties":{"name":"Los Mochis","iso":"MX","pop":249047,"cap":0,"rank":6}},{"type":"Feature","geometry":{"type":"Point","coordinates":[-99.13,23.72]},"properties":{"name":"Ciudad Victoria","iso":"MX","pop":274900,"cap":0,"rank":6}},{"type":"Feature","geometry":{"type":"Point","coordinates":[-102.29,21.88]},"properties":{"name":"Aguascalientes","iso":"MX","pop":869000,"cap":0,"rank":6}},{"type":"Feature","geometry":{"type":"Point","coordinates":[-104.32,19.05]},"properties":{"name":"Manzanillo","iso":"MX","pop":110735,"cap":0,"rank":6}},{"type":"Feature","geometry":{"type":"Point","coordinates":[-92.9,18.0]},"properties":{"name":"Villahermosa","iso":"MX","pop":428564,"cap":0,"rank":6}},{"type":"Feature","geometry":{"type":"Point","coordinates":[-99.24,18.92]},"properties":{"name":"Cuernavaca","iso":"MX","pop":834001,"cap":0,"rank":6}},{"type":"Feature","geometry":{"type":"Point","coordinates":[-100.39,20.58]},"properties":{"name":"Quer\u00e9taro","iso":"MX","pop":961000,"cap":0,"rank":6}},{"type":"Feature","geometry":{"type":"Point","coordinates":[-92.27,14.9]},"properties":{"name":"Tapachula","iso":"MX","pop":221521,"cap":0,"rank":6}},{"type":"Feature","geometry":{"type":"Point","coordinates":[-88.3,18.5]},"properties":{"name":"Chetumal","iso":"MX","pop":154517,"cap":0,"rank":6}},{"type":"Feature","geometry":{"type":"Point","coordinates":[125.45,38.77]},"properties":{"name":"Nampo","iso":"KP","pop":1127000,"cap":0,"rank":6}},{"type":"Feature","geometry":{"type":"Point","coordinates":[129.79,41.78]},"properties":{"name":"Chongjin","iso":"KP","pop":672614,"cap":0,"rank":6}},{"type":"Feature","geometry":{"type":"Point","coordinates":[129.2,40.67]},"properties":{"name":"Kimchaek","iso":"KP","pop":187270,"cap":0,"rank":6}},{"type":"Feature","geometry":{"type":"Point","coordinates":[127.54,39.91]},"properties":{"name":"Hamhung","iso":"KP","pop":773000,"cap":0,"rank":6}},{"type":"Feature","geometry":{"type":"Point","coordinates":[-8.47,51.89]},"properties":{"name":"Cork","iso":"IE","pop":188907,"cap":0,"rank":6}},{"type":"Feature","geometry":{"type":"Point","coordinates":[8.57,40.73]},"properties":{"name":"Sassari","iso":"IT","pop":120729,"cap":0,"rank":6}},{"type":"Feature","geometry":{"type":"Point","coordinates":[7.67,45.07]},"properties":{"name":"Turin","iso":"IT","pop":1652000,"cap":0,"rank":6}},{"type":"Feature","geometry":{"type":"Point","coordinates":[109.41,24.32]},"properties":{"name":"Liuzhou","iso":"CN","pop":1497000,"cap":0,"rank":6}},{"type":"Feature","geometry":{"type":"Point","coordinates":[104.89,25.09]},"properties":{"name":"Xingyi","iso":"CN","pop":816000,"cap":0,"rank":6}},{"type":"Feature","geometry":{"type":"Point","coordinates":[105.93,26.25]},"properties":{"name":"Anshun","iso":"CN","pop":849000,"cap":0,"rank":6}},{"type":"Feature","geometry":{"type":"Point","coordinates":[106.92,27.7]},"properties":{"name":"Zunyi","iso":"CN","pop":849000,"cap":0,"rank":6}},{"type":"Feature","geometry":{"type":"Point","coordinates":[108.4,30.82]},"properties":{"name":"Wanzhou","iso":"CN","pop":1680000,"cap":0,"rank":6}},{"type":"Feature","geometry":{"type":"Point","coordinates":[116.75,33.95]},"properties":{"name":"Huaibei","iso":"CN","pop":913000,"cap":0,"rank":6}},{"type":"Feature","geometry":{"type":"Point","coordinates":[118.37,31.35]},"properties":{"name":"Wuhu","iso":"CN","pop":810000,"cap":0,"rank":6}},{"type":"Feature","geometry":{"type":"Point","coordinates":[116.48,31.75]},"properties":{"name":"Luan","iso":"CN","pop":1690000,"cap":0,"rank":6}},{"type":"Feature","geometry":{"type":"Point","coordinates":[117.33,32.95]},"properties":{"name":"Bengbu","iso":"CN","pop":894000,"cap":0,"rank":6}},{"type":"Feature","geometry":{"type":"Point","coordinates":[117.05,30.5]},"properties":{"name":"Anqing","iso":"CN","pop":580497,"cap":0,"rank":6}},{"type":"Feature","geometry":{"type":"Point","coordinates":[113.11,23.01]},"properties":{"name":"Foshan","iso":"CN","pop":943000,"cap":0,"rank":6}},{"type":"Feature","geometry":{"type":"Point","coordinates":[117.5,0.13]},"properties":{"name":"Bontang","iso":"ID","pop":101691,"cap":0,"rank":6}},{"type":"Feature","geometry":{"type":"Point","coordinates":[115.22,-8.65]},"properties":{"name":"Denpasar","iso":"ID","pop":732344,"cap":0,"rank":6}},{"type":"Feature","geometry":{"type":"Point","coordinates":[-80.46,-1.06]},"properties":{"name":"Portoviejo","iso":"EC","pop":213601,"cap":0,"rank":6}},{"type":"Feature","geometry":{"type":"Point","coordinates":[-75.57,6.33]},"properties":{"name":"Bello","iso":"CO","pop":519670,"cap":0,"rank":6}},{"type":"Feature","geometry":{"type":"Point","coordinates":[-75.89,8.76]},"properties":{"name":"Monter\u00eda","iso":"CO","pop":275198,"cap":0,"rank":6}},{"type":"Feature","geometry":{"type":"Point","coordinates":[-73.13,7.13]},"properties":{"name":"Bucaramanga","iso":"CO","pop":1009000,"cap":0,"rank":6}},{"type":"Feature","geometry":{"type":"Point","coordinates":[-83.7,22.42]},"properties":{"name":"Pinar del Rio","iso":"CU","pop":186990,"cap":0,"rank":6}},{"type":"Feature","geometry":{"type":"Point","coordinates":[-77.92,21.38]},"properties":{"name":"Camag\u00fcey","iso":"CU","pop":347562,"cap":0,"rank":6}},{"type":"Feature","geometry":{"type":"Point","coordinates":[-75.21,20.15]},"properties":{"name":"Guant\u00e1namo","iso":"CU","pop":272801,"cap":0,"rank":6}},{"type":"Feature","geometry":{"type":"Point","coordinates":[-76.26,20.89]},"properties":{"name":"Holgu\u00edn","iso":"CU","pop":319102,"cap":0,"rank":6}},{"type":"Feature","geometry":{"type":"Point","coordinates":[-77.92,18.47]},"properties":{"name":"Montego Bay","iso":"JM","pop":126008,"cap":0,"rank":6}},{"type":"Feature","geometry":{"type":"Point","coordinates":[-75.23,4.44]},"properties":{"name":"Ibagu\u00e9","iso":"CO","pop":421685,"cap":0,"rank":6}},{"type":"Feature","geometry":{"type":"Point","coordinates":[-76.61,2.42]},"properties":{"name":"Popay\u00e1n","iso":"CO","pop":258750,"cap":0,"rank":6}},{"type":"Feature","geometry":{"type":"Point","coordinates":[-74.2,11.25]},"properties":{"name":"Santa Marta","iso":"CO","pop":431781,"cap":0,"rank":6}},{"type":"Feature","geometry":{"type":"Point","coordinates":[-72.52,7.92]},"properties":{"name":"C\u00facuta","iso":"CO","pop":722146,"cap":0,"rank":6}},{"type":"Feature","geometry":{"type":"Point","coordinates":[-73.63,4.15]},"properties":{"name":"Villavicencio","iso":"CO","pop":374763,"cap":0,"rank":6}},{"type":"Feature","geometry":{"type":"Point","coordinates":[-79.97,22.4]},"properties":{"name":"Santa Clara","iso":"CU","pop":250512,"cap":0,"rank":6}},{"type":"Feature","geometry":{"type":"Point","coordinates":[31.19,30.01]},"properties":{"name":"Giza","iso":"EG","pop":2681863,"cap":0,"rank":6}},{"type":"Feature","geometry":{"type":"Point","coordinates":[9.2,48.78]},"properties":{"name":"Stuttgart","iso":"DE","pop":2944700,"cap":0,"rank":6}},{"type":"Feature","geometry":{"type":"Point","coordinates":[8.8,53.08]},"properties":{"name":"Bremen","iso":"DE","pop":724909,"cap":0,"rank":6}},{"type":"Feature","geometry":{"type":"Point","coordinates":[11.08,49.45]},"properties":{"name":"N\u00fcrnberg","iso":"DE","pop":737304,"cap":0,"rank":6}},{"type":"Feature","geometry":{"type":"Point","coordinates":[97.18,31.14]},"properties":{"name":"Chamdo","iso":"CN","pop":100000,"cap":0,"rank":6}},{"type":"Feature","geometry":{"type":"Point","coordinates":[86.15,41.73]},"properties":{"name":"Korla","iso":"CN","pop":613000,"cap":0,"rank":6}},{"type":"Feature","geometry":{"type":"Point","coordinates":[82.94,41.73]},"properties":{"name":"Kuqa","iso":"CN","pop":470600,"cap":0,"rank":6}},{"type":"Feature","geometry":{"type":"Point","coordinates":[86.03,44.3]},"properties":{"name":"Shihezi","iso":"CN","pop":640000,"cap":0,"rank":6}},{"type":"Feature","geometry":{"type":"Point","coordinates":[84.86,45.59]},"properties":{"name":"Karamay","iso":"CN","pop":261445,"cap":0,"rank":6}},{"type":"Feature","geometry":{"type":"Point","coordinates":[80.25,41.15]},"properties":{"name":"Aksu","iso":"CN","pop":695000,"cap":0,"rank":6}},{"type":"Feature","geometry":{"type":"Point","coordinates":[109.5,18.26]},"properties":{"name":"Sanya","iso":"CN","pop":362689,"cap":0,"rank":6}},{"type":"Feature","geometry":{"type":"Point","coordinates":[110.32,20.05]},"properties":{"name":"Haikou","iso":"CN","pop":2046189,"cap":0,"rank":6}},{"type":"Feature","geometry":{"type":"Point","coordinates":[107.03,33.13]},"properties":{"name":"Hanzhong","iso":"CN","pop":145986,"cap":0,"rank":6}},{"type":"Feature","geometry":{"type":"Point","coordinates":[107.15,34.38]},"properties":{"name":"Baoji","iso":"CN","pop":800000,"cap":0,"rank":6}},{"type":"Feature","geometry":{"type":"Point","coordinates":[109.03,35.08]},"properties":{"name":"Tongchuan","iso":"CN","pop":282258,"cap":0,"rank":6}},{"type":"Feature","geometry":{"type":"Point","coordinates":[111.52,36.08]},"properties":{"name":"Linfen","iso":"CN","pop":834000,"cap":0,"rank":6}},{"type":"Feature","geometry":{"type":"Point","coordinates":[112.73,37.68]},"properties":{"name":"Yuci","iso":"CN","pop":840000,"cap":0,"rank":6}},{"type":"Feature","geometry":{"type":"Point","coordinates":[113.3,40.08]},"properties":{"name":"Datong","iso":"CN","pop":1873000,"cap":0,"rank":6}},{"type":"Feature","geometry":{"type":"Point","coordinates":[113.16,30.65]},"properties":{"name":"Jianmen","iso":"CN","pop":1708000,"cap":0,"rank":6}},{"type":"Feature","geometry":{"type":"Point","coordinates":[111.28,30.7]},"properties":{"name":"Yichang","iso":"CN","pop":875000,"cap":0,"rank":6}},{"type":"Feature","geometry":{"type":"Point","coordinates":[113.44,30.37]},"properties":{"name":"Xiantao","iso":"CN","pop":1556000,"cap":0,"rank":6}},{"type":"Feature","geometry":{"type":"Point","coordinates":[115.03,31.18]},"properties":{"name":"Macheng","iso":"CN","pop":126366,"cap":0,"rank":6}},{"type":"Feature","geometry":{"type":"Point","coordinates":[115.1,30.22]},"properties":{"name":"Huangshi","iso":"CN","pop":688090,"cap":0,"rank":6}},{"type":"Feature","geometry":{"type":"Point","coordinates":[113.15,27.83]},"properties":{"name":"Zhuzhou","iso":"CN","pop":1080000,"cap":0,"rank":6}},{"type":"Feature","geometry":{"type":"Point","coordinates":[111.61,26.42]},"properties":{"name":"Yongzhou","iso":"CN","pop":1000000,"cap":0,"rank":6}},{"type":"Feature","geometry":{"type":"Point","coordinates":[112.33,28.6]},"properties":{"name":"Yiyang","iso":"CN","pop":1352000,"cap":0,"rank":6}},{"type":"Feature","geometry":{"type":"Point","coordinates":[111.68,29.03]},"properties":{"name":"Changde","iso":"CN","pop":1469000,"cap":0,"rank":6}},{"type":"Feature","geometry":{"type":"Point","coordinates":[103.73,29.57]},"properties":{"name":"Leshan","iso":"CN","pop":1157000,"cap":0,"rank":6}},{"type":"Feature","geometry":{"type":"Point","coordinates":[101.73,26.55]},"properties":{"name":"Panzhihua","iso":"CN","pop":461513,"cap":0,"rank":6}},{"type":"Feature","geometry":{"type":"Point","coordinates":[105.87,32.43]},"properties":{"name":"Guangyuan","iso":"CN","pop":437435,"cap":0,"rank":6}},{"type":"Feature","geometry":{"type":"Point","coordinates":[105.38,28.88]},"properties":{"name":"Luzhou","iso":"CN","pop":1537000,"cap":0,"rank":6}},{"type":"Feature","geometry":{"type":"Point","coordinates":[104.57,28.77]},"properties":{"name":"Yibin","iso":"CN","pop":902000,"cap":0,"rank":6}},{"type":"Feature","geometry":{"type":"Point","coordinates":[103.72,27.32]},"properties":{"name":"Zhaotang","iso":"CN","pop":809000,"cap":0,"rank":6}},{"type":"Feature","geometry":{"type":"Point","coordinates":[102.57,24.38]},"properties":{"name":"Yuxi","iso":"CN","pop":396325,"cap":0,"rank":6}},{"type":"Feature","geometry":{"type":"Point","coordinates":[100.25,25.59]},"properties":{"name":"Dali","iso":"CN","pop":156685,"cap":0,"rank":6}},{"type":"Feature","geometry":{"type":"Point","coordinates":[119.62,39.93]},"properties":{"name":"Qinhuangdao","iso":"CN","pop":1003000,"cap":0,"rank":6}},{"type":"Feature","geometry":{"type":"Point","coordinates":[116.68,39.52]},"properties":{"name":"Langfang","iso":"CN","pop":810000,"cap":0,"rank":6}},{"type":"Feature","geometry":{"type":"Point","coordinates":[114.85,40.81]},"properties":{"name":"Zhangjiakou","iso":"CN","pop":1046000,"cap":0,"rank":6}},{"type":"Feature","geometry":{"type":"Point","coordinates":[118.19,39.63]},"properties":{"name":"Tangshan","iso":"CN","pop":1879000,"cap":0,"rank":6}},{"type":"Feature","geometry":{"type":"Point","coordinates":[114.35,36.08]},"properties":{"name":"Anyang","iso":"CN","pop":887000,"cap":0,"rank":6}},{"type":"Feature","geometry":{"type":"Point","coordinates":[113.26,35.2]},"properties":{"name":"Jiaozuo","iso":"CN","pop":857000,"cap":0,"rank":6}},{"type":"Feature","geometry":{"type":"Point","coordinates":[114.35,34.79]},"properties":{"name":"Kaifeng","iso":"CN","pop":872000,"cap":0,"rank":6}},{"type":"Feature","geometry":{"type":"Point","coordinates":[115.65,34.41]},"properties":{"name":"Shangqiu","iso":"CN","pop":1753000,"cap":0,"rank":6}},{"type":"Feature","geometry":{"type":"Point","coordinates":[113.3,33.73]},"properties":{"name":"Pingdingshan","iso":"CN","pop":849000,"cap":0,"rank":6}},{"type":"Feature","geometry":{"type":"Point","coordinates":[114.07,32.13]},"properties":{"name":"Xinyang","iso":"CN","pop":1541000,"cap":0,"rank":6}},{"type":"Feature","geometry":{"type":"Point","coordinates":[113.91,35.3]},"properties":{"name":"Xinxiang","iso":"CN","pop":903000,"cap":0,"rank":6}},{"type":"Feature","geometry":{"type":"Point","coordinates":[112.44,34.64]},"properties":{"name":"Luoyang","iso":"CN","pop":1715000,"cap":0,"rank":6}},{"type":"Feature","geometry":{"type":"Point","coordinates":[123.18,41.28]},"properties":{"name":"Liaoyang","iso":"CN","pop":794000,"cap":0,"rank":6}},{"type":"Feature","geometry":{"type":"Point","coordinates":[124.39,40.15]},"properties":{"name":"Dandong","iso":"CN","pop":870000,"cap":0,"rank":6}},{"type":"Feature","geometry":{"type":"Point","coordinates":[122.28,40.67]},"properties":{"name":"Yingkow","iso":"CN","pop":795000,"cap":0,"rank":6}},{"type":"Feature","geometry":{"type":"Point","coordinates":[121.1,41.12]},"properties":{"name":"Jinzhou","iso":"CN","pop":956000,"cap":0,"rank":6}},{"type":"Feature","geometry":{"type":"Point","coordinates":[121.66,42.01]},"properties":{"name":"Fuxin","iso":"CN","pop":770000,"cap":0,"rank":6}},{"type":"Feature","geometry":{"type":"Point","coordinates":[123.75,41.33]},"properties":{"name":"Benxi","iso":"CN","pop":1012000,"cap":0,"rank":6}},{"type":"Feature","geometry":{"type":"Point","coordinates":[123.87,41.87]},"properties":{"name":"Fushun","iso":"CN","pop":1470000,"cap":0,"rank":6}},{"type":"Feature","geometry":{"type":"Point","coordinates":[116.55,35.4]},"properties":{"name":"Jining","iso":"CN","pop":1186000,"cap":0,"rank":6}},{"type":"Feature","geometry":{"type":"Point","coordinates":[119.16,36.7]},"properties":{"name":"Weifang","iso":"CN","pop":1553000,"cap":0,"rank":6}},{"type":"Feature","geometry":{"type":"Point","coordinates":[117.12,36.2]},"properties":{"name":"Taian","iso":"CN","pop":1629000,"cap":0,"rank":6}},{"type":"Feature","geometry":{"type":"Point","coordinates":[115.45,35.23]},"properties":{"name":"Heze","iso":"CN","pop":1338000,"cap":0,"rank":6}},{"type":"Feature","geometry":{"type":"Point","coordinates":[120.71,36.97]},"properties":{"name":"Laiyang","iso":"CN","pop":250000,"cap":0,"rank":6}},{"type":"Feature","geometry":{"type":"Point","coordinates":[114.93,27.8]},"properties":{"name":"Xinyu","iso":"CN","pop":913000,"cap":0,"rank":6}},{"type":"Feature","geometry":{"type":"Point","coordinates":[114.95,25.92]},"properties":{"name":"Ganzhou","iso":"CN","pop":1500000,"cap":0,"rank":6}},{"type":"Feature","geometry":{"type":"Point","coordinates":[115.98,29.73]},"properties":{"name":"Jiujiang","iso":"CN","pop":545616,"cap":0,"rank":6}},{"type":"Feature","geometry":{"type":"Point","coordinates":[119.97,31.78]},"properties":{"name":"Changzhou","iso":"CN","pop":1327000,"cap":0,"rank":6}},{"type":"Feature","geometry":{"type":"Point","coordinates":[119.43,32.18]},"properties":{"name":"Zhenjiang","iso":"CN","pop":854000,"cap":0,"rank":6}},{"type":"Feature","geometry":{"type":"Point","coordinates":[120.92,31.98]},"properties":{"name":"Nantong","iso":"CN","pop":947000,"cap":0,"rank":6}},{"type":"Feature","geometry":{"type":"Point","coordinates":[120.75,30.77]},"properties":{"name":"Jiaxing","iso":"CN","pop":988000,"cap":0,"rank":6}},{"type":"Feature","geometry":{"type":"Point","coordinates":[120.1,30.87]},"properties":{"name":"Huzhou","iso":"CN","pop":1231000,"cap":0,"rank":6}},{"type":"Feature","geometry":{"type":"Point","coordinates":[120.57,30.0]},"properties":{"name":"Shaoxing","iso":"CN","pop":777000,"cap":0,"rank":6}},{"type":"Feature","geometry":{"type":"Point","coordinates":[119.65,29.12]},"properties":{"name":"Jinhua","iso":"CN","pop":1092852,"cap":0,"rank":6}},{"type":"Feature","geometry":{"type":"Point","coordinates":[125.13,42.9]},"properties":{"name":"Liaoyuan","iso":"CN","pop":506548,"cap":0,"rank":6}},{"type":"Feature","geometry":{"type":"Point","coordinates":[124.33,43.17]},"properties":{"name":"Siping","iso":"CN","pop":555609,"cap":0,"rank":6}},{"type":"Feature","geometry":{"type":"Point","coordinates":[122.82,45.62]},"properties":{"name":"Baicheng","iso":"CN","pop":386861,"cap":0,"rank":6}},{"type":"Feature","geometry":{"type":"Point","coordinates":[130.56,31.59]},"properties":{"name":"Kagoshima","iso":"JP","pop":555352,"cap":0,"rank":6}},{"type":"Feature","geometry":{"type":"Point","coordinates":[132.77,33.85]},"properties":{"name":"Matsuyama","iso":"JP","pop":533541,"cap":0,"rank":6}},{"type":"Feature","geometry":{"type":"Point","coordinates":[106.81,39.66]},"properties":{"name":"Wuhai","iso":"CN","pop":218427,"cap":0,"rank":6}},{"type":"Feature","geometry":{"type":"Point","coordinates":[113.08,41.03]},"properties":{"name":"Jining","iso":"CN","pop":281716,"cap":0,"rank":6}},{"type":"Feature","geometry":{"type":"Point","coordinates":[116.04,43.94]},"properties":{"name":"Xilinhot","iso":"CN","pop":120965,"cap":0,"rank":6}},{"type":"Feature","geometry":{"type":"Point","coordinates":[127.45,50.25]},"properties":{"name":"Heihe","iso":"CN","pop":109427,"cap":0,"rank":6}},{"type":"Feature","geometry":{"type":"Point","coordinates":[131.01,45.77]},"properties":{"name":"Qitaihe","iso":"CN","pop":450617,"cap":0,"rank":6}},{"type":"Feature","geometry":{"type":"Point","coordinates":[128.9,47.7]},"properties":{"name":"Yichun","iso":"CN","pop":777000,"cap":0,"rank":6}},{"type":"Feature","geometry":{"type":"Point","coordinates":[130.3,47.35]},"properties":{"name":"Hegang","iso":"CN","pop":743307,"cap":0,"rank":6}},{"type":"Feature","geometry":{"type":"Point","coordinates":[124.88,48.49]},"properties":{"name":"Nehe","iso":"CN","pop":108253,"cap":0,"rank":6}},{"type":"Feature","geometry":{"type":"Point","coordinates":[129.59,44.58]},"properties":{"name":"Mudangiang","iso":"CN","pop":1244000,"cap":0,"rank":6}},{"type":"Feature","geometry":{"type":"Point","coordinates":[136.64,36.56]},"properties":{"name":"Kanazawa","iso":"JP","pop":551249,"cap":0,"rank":6}},{"type":"Feature","geometry":{"type":"Point","coordinates":[140.98,42.35]},"properties":{"name":"Muroran","iso":"JP","pop":155676,"cap":0,"rank":6}},{"type":"Feature","geometry":{"type":"Point","coordinates":[142.38,43.76]},"properties":{"name":"Asahikawa","iso":"JP","pop":356612,"cap":0,"rank":6}},{"type":"Feature","geometry":{"type":"Point","coordinates":[135.17,34.68]},"properties":{"name":"K\u014dbe","iso":"JP","pop":1528478,"cap":0,"rank":6}},{"type":"Feature","geometry":{"type":"Point","coordinates":[139.6,35.43]},"properties":{"name":"Yokohama","iso":"JP","pop":3697894,"cap":0,"rank":6}},{"type":"Feature","geometry":{"type":"Point","coordinates":[140.09,39.71]},"properties":{"name":"Akita","iso":"JP","pop":320069,"cap":0,"rank":6}},{"type":"Feature","geometry":{"type":"Point","coordinates":[140.71,40.83]},"properties":{"name":"Aomori","iso":"JP","pop":298394,"cap":0,"rank":6}},{"type":"Feature","geometry":{"type":"Point","coordinates":[140.47,40.57]},"properties":{"name":"Hirosaki","iso":"JP","pop":174972,"cap":0,"rank":6}},{"type":"Feature","geometry":{"type":"Point","coordinates":[141.54,40.51]},"properties":{"name":"Hachinohe","iso":"JP","pop":239046,"cap":0,"rank":6}},{"type":"Feature","geometry":{"type":"Point","coordinates":[140.47,37.74]},"properties":{"name":"Fukushima","iso":"JP","pop":294237,"cap":0,"rank":6}},{"type":"Feature","geometry":{"type":"Point","coordinates":[141.13,39.72]},"properties":{"name":"Morioka","iso":"JP","pop":295172,"cap":0,"rank":6}},{"type":"Feature","geometry":{"type":"Point","coordinates":[139.04,37.92]},"properties":{"name":"Niigata","iso":"JP","pop":569797,"cap":0,"rank":6}},{"type":"Feature","geometry":{"type":"Point","coordinates":[131.28,-0.86]},"properties":{"name":"Sorong","iso":"ID","pop":125535,"cap":0,"rank":6}},{"type":"Feature","geometry":{"type":"Point","coordinates":[82.24,16.97]},"properties":{"name":"Kakinada","iso":"IN","pop":292923,"cap":0,"rank":6}},{"type":"Feature","geometry":{"type":"Point","coordinates":[79.58,18.01]},"properties":{"name":"Warangal","iso":"IN","pop":1203853,"cap":0,"rank":6}},{"type":"Feature","geometry":{"type":"Point","coordinates":[84.8,19.32]},"properties":{"name":"Brahmapur","iso":"IN","pop":324726,"cap":0,"rank":6}},{"type":"Feature","geometry":{"type":"Point","coordinates":[75.71,16.84]},"properties":{"name":"Vijayapura","iso":"IN","pop":271064,"cap":0,"rank":6}},{"type":"Feature","geometry":{"type":"Point","coordinates":[73.13,19.35]},"properties":{"name":"Bhiwandi","iso":"IN","pop":795000,"cap":0,"rank":6}},{"type":"Feature","geometry":{"type":"Point","coordinates":[76.57,18.4]},"properties":{"name":"Latur","iso":"IN","pop":374394,"cap":0,"rank":6}},{"type":"Feature","geometry":{"type":"Point","coordinates":[74.75,19.08]},"properties":{"name":"Ahmednagar","iso":"IN","pop":391760,"cap":0,"rank":6}},{"type":"Feature","geometry":{"type":"Point","coordinates":[79.3,19.97]},"properties":{"name":"Chandrapur","iso":"IN","pop":595118,"cap":0,"rank":6}},{"type":"Feature","geometry":{"type":"Point","coordinates":[77.78,20.93]},"properties":{"name":"Amravati","iso":"IN","pop":734451,"cap":0,"rank":6}},{"type":"Feature","geometry":{"type":"Point","coordinates":[74.77,20.9]},"properties":{"name":"Dhule","iso":"IN","pop":479073,"cap":0,"rank":6}},{"type":"Feature","geometry":{"type":"Point","coordinates":[94.9,27.48]},"properties":{"name":"Dibrugarh","iso":"IN","pop":166366,"cap":0,"rank":6}},{"type":"Feature","geometry":{"type":"Point","coordinates":[93.95,24.8]},"properties":{"name":"Imphal","iso":"IN","pop":264986,"cap":0,"rank":6}},{"type":"Feature","geometry":{"type":"Point","coordinates":[-1.67,48.1]},"properties":{"name":"Rennes","iso":"FR","pop":209375,"cap":0,"rank":6}},{"type":"Feature","geometry":{"type":"Point","coordinates":[7.26,43.72]},"properties":{"name":"Nice","iso":"FR","pop":927000,"cap":0,"rank":6}},{"type":"Feature","geometry":{"type":"Point","coordinates":[1.45,43.62]},"properties":{"name":"Toulouse","iso":"FR","pop":847000,"cap":0,"rank":6}},{"type":"Feature","geometry":{"type":"Point","coordinates":[1.25,45.83]},"properties":{"name":"Limoges","iso":"FR","pop":152199,"cap":0,"rank":6}},{"type":"Feature","geometry":{"type":"Point","coordinates":[3.08,50.65]},"properties":{"name":"Lille","iso":"FR","pop":1044000,"cap":0,"rank":6}},{"type":"Feature","geometry":{"type":"Point","coordinates":[7.75,48.58]},"properties":{"name":"Strasbourg","iso":"FR","pop":439972,"cap":0,"rank":6}},{"type":"Feature","geometry":{"type":"Point","coordinates":[-72.58,-38.73]},"properties":{"name":"Temuco","iso":"CL","pop":265901,"cap":0,"rank":6}},{"type":"Feature","geometry":{"type":"Point","coordinates":[21.73,38.23]},"properties":{"name":"Patra","iso":"GR","pop":163360,"cap":0,"rank":6}},{"type":"Feature","geometry":{"type":"Point","coordinates":[41.63,41.6]},"properties":{"name":"Batumi","iso":"GE","pop":155542,"cap":0,"rank":6}},{"type":"Feature","geometry":{"type":"Point","coordinates":[44.01,36.18]},"properties":{"name":"Irbil","iso":"IQ","pop":926000,"cap":0,"rank":6}},{"type":"Feature","geometry":{"type":"Point","coordinates":[22.25,60.45]},"properties":{"name":"Turku","iso":"FI","pop":175945,"cap":0,"rank":6}},{"type":"Feature","geometry":{"type":"Point","coordinates":[63.63,53.22]},"properties":{"name":"Oostanay","iso":"KZ","pop":236901,"cap":0,"rank":6}},{"type":"Feature","geometry":{"type":"Point","coordinates":[69.42,53.3]},"properties":{"name":"Kokshetau","iso":"KZ","pop":128873,"cap":0,"rank":6}},{"type":"Feature","geometry":{"type":"Point","coordinates":[72.96,50.07]},"properties":{"name":"Temirtau","iso":"KZ","pop":170600,"cap":0,"rank":6}},{"type":"Feature","geometry":{"type":"Point","coordinates":[67.77,47.78]},"properties":{"name":"Zhezqazghan","iso":"KZ","pop":104357,"cap":0,"rank":6}},{"type":"Feature","geometry":{"type":"Point","coordinates":[69.22,54.88]},"properties":{"name":"Petropavlovsk","iso":"KZ","pop":228238,"cap":0,"rank":6}},{"type":"Feature","geometry":{"type":"Point","coordinates":[58.45,35.18]},"properties":{"name":"Kashmar","iso":"IR","pop":157135,"cap":0,"rank":6}},{"type":"Feature","geometry":{"type":"Point","coordinates":[57.08,30.3]},"properties":{"name":"Kerman","iso":"IR","pop":577514,"cap":0,"rank":6}},{"type":"Feature","geometry":{"type":"Point","coordinates":[73.73,24.6]},"properties":{"name":"Udaipur","iso":"IN","pop":469737,"cap":0,"rank":6}},{"type":"Feature","geometry":{"type":"Point","coordinates":[83.38,26.75]},"properties":{"name":"Gorakhpur","iso":"IN","pop":674246,"cap":0,"rank":6}},{"type":"Feature","geometry":{"type":"Point","coordinates":[87.86,23.25]},"properties":{"name":"Barddhaman","iso":"IN","pop":301725,"cap":0,"rank":6}},{"type":"Feature","geometry":{"type":"Point","coordinates":[88.53,23.38]},"properties":{"name":"Krishnanagar","iso":"IN","pop":145926,"cap":0,"rank":6}},{"type":"Feature","geometry":{"type":"Point","coordinates":[85.0,24.8]},"properties":{"name":"Gaya","iso":"IN","pop":423692,"cap":0,"rank":6}},{"type":"Feature","geometry":{"type":"Point","coordinates":[69.67,21.67]},"properties":{"name":"Porbandar","iso":"IN","pop":234684,"cap":0,"rank":6}},{"type":"Feature","geometry":{"type":"Point","coordinates":[-57.97,-31.39]},"properties":{"name":"Salto","iso":"UY","pop":105690,"cap":0,"rank":6}},{"type":"Feature","geometry":{"type":"Point","coordinates":[-119.02,35.37]},"properties":{"name":"Bakersfield","iso":"US","pop":443129,"cap":0,"rank":6}},{"type":"Feature","geometry":{"type":"Point","coordinates":[-122.28,37.8]},"properties":{"name":"Oakland","iso":"US","pop":1510271,"cap":0,"rank":6}},{"type":"Feature","geometry":{"type":"Point","coordinates":[-118.14,34.7]},"properties":{"name":"Lancaster","iso":"US","pop":225799,"cap":0,"rank":6}},{"type":"Feature","geometry":{"type":"Point","coordinates":[-121.89,36.6]},"properties":{"name":"Monterey","iso":"US","pop":124288,"cap":0,"rank":6}},{"type":"Feature","geometry":{"type":"Point","coordinates":[-121.64,36.68]},"properties":{"name":"Salinas","iso":"US","pop":156784,"cap":0,"rank":6}},{"type":"Feature","geometry":{"type":"Point","coordinates":[-123.1,44.05]},"properties":{"name":"Eugene","iso":"US","pop":245158,"cap":0,"rank":6}},{"type":"Feature","geometry":{"type":"Point","coordinates":[-91.66,41.97]},"properties":{"name":"Cedar Rapids","iso":"US","pop":170621,"cap":0,"rank":6}},{"type":"Feature","geometry":{"type":"Point","coordinates":[-93.32,37.18]},"properties":{"name":"Springfield","iso":"US","pop":210939,"cap":0,"rank":6}},{"type":"Feature","geometry":{"type":"Point","coordinates":[-96.68,40.82]},"properties":{"name":"Lincoln","iso":"US","pop":246220,"cap":0,"rank":6}},{"type":"Feature","geometry":{"type":"Point","coordinates":[-99.73,32.45]},"properties":{"name":"Abilene","iso":"US","pop":114247,"cap":0,"rank":6}},{"type":"Feature","geometry":{"type":"Point","coordinates":[-97.5,25.92]},"properties":{"name":"Brownsville","iso":"US","pop":181399,"cap":0,"rank":6}},{"type":"Feature","geometry":{"type":"Point","coordinates":[-95.3,32.35]},"properties":{"name":"Tyler","iso":"US","pop":112245,"cap":0,"rank":6}},{"type":"Feature","geometry":{"type":"Point","coordinates":[-69.68,11.42]},"properties":{"name":"Coro","iso":"VE","pop":195227,"cap":0,"rank":6}},{"type":"Feature","geometry":{"type":"Point","coordinates":[-70.21,11.72]},"properties":{"name":"Punto Fijo","iso":"VE","pop":234736,"cap":0,"rank":6}},{"type":"Feature","geometry":{"type":"Point","coordinates":[-86.61,34.72]},"properties":{"name":"Huntsville","iso":"US","pop":212733,"cap":0,"rank":6}},{"type":"Feature","geometry":{"type":"Point","coordinates":[-80.12,26.75]},"properties":{"name":"West Palm Beach","iso":"US","pop":1250000,"cap":0,"rank":6}},{"type":"Feature","geometry":{"type":"Point","coordinates":[-82.53,27.34]},"properties":{"name":"Sarasota","iso":"US","pop":589959,"cap":0,"rank":6}},{"type":"Feature","geometry":{"type":"Point","coordinates":[-81.02,29.21]},"properties":{"name":"Daytona Beach","iso":"US","pop":216890,"cap":0,"rank":6}},{"type":"Feature","geometry":{"type":"Point","coordinates":[-82.33,29.65]},"properties":{"name":"Gainesville","iso":"US","pop":191097,"cap":0,"rank":6}},{"type":"Feature","geometry":{"type":"Point","coordinates":[-81.86,26.64]},"properties":{"name":"Ft. Myers","iso":"US","pop":188606,"cap":0,"rank":6}},{"type":"Feature","geometry":{"type":"Point","coordinates":[-81.98,33.46]},"properties":{"name":"Augusta","iso":"US","pop":262332,"cap":0,"rank":6}},{"type":"Feature","geometry":{"type":"Point","coordinates":[-79.99,32.79]},"properties":{"name":"Charleston","iso":"US","pop":411940,"cap":0,"rank":6}},{"type":"Feature","geometry":{"type":"Point","coordinates":[-89.58,40.69]},"properties":{"name":"Peoria","iso":"US","pop":172308,"cap":0,"rank":6}},{"type":"Feature","geometry":{"type":"Point","coordinates":[-87.56,37.97]},"properties":{"name":"Evansville","iso":"US","pop":174102,"cap":0,"rank":6}},{"type":"Feature","geometry":{"type":"Point","coordinates":[-85.75,38.23]},"properties":{"name":"Louisville","iso":"US","pop":948000,"cap":0,"rank":6}},{"type":"Feature","geometry":{"type":"Point","coordinates":[-84.5,38.05]},"properties":{"name":"Lexington","iso":"US","pop":264578,"cap":0,"rank":6}},{"type":"Feature","geometry":{"type":"Point","coordinates":[-80.83,35.21]},"properties":{"name":"Charlotte","iso":"US","pop":995000,"cap":0,"rank":6}},{"type":"Feature","geometry":{"type":"Point","coordinates":[-80.65,41.1]},"properties":{"name":"Youngstown","iso":"US","pop":311990,"cap":0,"rank":6}},{"type":"Feature","geometry":{"type":"Point","coordinates":[-81.38,40.8]},"properties":{"name":"Canton","iso":"US","pop":258660,"cap":0,"rank":6}},{"type":"Feature","geometry":{"type":"Point","coordinates":[-83.55,41.64]},"properties":{"name":"Toledo","iso":"US","pop":469924,"cap":0,"rank":6}},{"type":"Feature","geometry":{"type":"Point","coordinates":[-82.99,39.98]},"properties":{"name":"Columbus","iso":"US","pop":1270000,"cap":0,"rank":6}},{"type":"Feature","geometry":{"type":"Point","coordinates":[-85.25,35.07]},"properties":{"name":"Chattanooga","iso":"US","pop":257589,"cap":0,"rank":6}},{"type":"Feature","geometry":{"type":"Point","coordinates":[-79.14,37.41]},"properties":{"name":"Lynchburg","iso":"US","pop":103893,"cap":0,"rank":6}},{"type":"Feature","geometry":{"type":"Point","coordinates":[-73.76,42.65]},"properties":{"name":"Albany","iso":"US","pop":870716,"cap":0,"rank":6}},{"type":"Feature","geometry":{"type":"Point","coordinates":[-76.88,40.27]},"properties":{"name":"Harrisburg","iso":"US","pop":528892,"cap":0,"rank":6}},{"type":"Feature","geometry":{"type":"Point","coordinates":[-63.6,8.1]},"properties":{"name":"Ciudad Bol\u00edvar","iso":"VE","pop":338000,"cap":0,"rank":6}},{"type":"Feature","geometry":{"type":"Point","coordinates":[-67.6,10.25]},"properties":{"name":"Maracay","iso":"VE","pop":1007000,"cap":0,"rank":6}},{"type":"Feature","geometry":{"type":"Point","coordinates":[-70.25,43.67]},"properties":{"name":"Portland","iso":"US","pop":135866,"cap":0,"rank":6}},{"type":"Feature","geometry":{"type":"Point","coordinates":[-83.95,43.42]},"properties":{"name":"Saginaw","iso":"US","pop":121379,"cap":0,"rank":6}},{"type":"Feature","geometry":{"type":"Point","coordinates":[10.72,34.75]},"properties":{"name":"Sfax","iso":"TN","pop":453050,"cap":0,"rank":6}},{"type":"Feature","geometry":{"type":"Point","coordinates":[43.85,16.94]},"properties":{"name":"Sadah","iso":"YE","pop":105542,"cap":0,"rank":6}},{"type":"Feature","geometry":{"type":"Point","coordinates":[42.95,14.8]},"properties":{"name":"Al Hudaydah","iso":"YE","pop":780000,"cap":0,"rank":6}},{"type":"Feature","geometry":{"type":"Point","coordinates":[34.78,50.92]},"properties":{"name":"Sumy","iso":"UA","pop":294456,"cap":0,"rank":6}},{"type":"Feature","geometry":{"type":"Point","coordinates":[37.56,47.1]},"properties":{"name":"Mariupol","iso":"UA","pop":481626,"cap":0,"rank":6}},{"type":"Feature","geometry":{"type":"Point","coordinates":[49.13,14.54]},"properties":{"name":"Al Mukalla","iso":"YE","pop":258132,"cap":0,"rank":6}},{"type":"Feature","geometry":{"type":"Point","coordinates":[59.96,41.84]},"properties":{"name":"Da\u015foguz","iso":"TM","pop":201424,"cap":0,"rank":6}},{"type":"Feature","geometry":{"type":"Point","coordinates":[60.64,41.56]},"properties":{"name":"Urgentch","iso":"UZ","pop":150110,"cap":0,"rank":6}},{"type":"Feature","geometry":{"type":"Point","coordinates":[98.38,7.88]},"properties":{"name":"Phuket","iso":"TH","pop":141618,"cap":0,"rank":6}},{"type":"Feature","geometry":{"type":"Point","coordinates":[108.0,13.98]},"properties":{"name":"Play Ku","iso":"VN","pop":142900,"cap":0,"rank":6}},{"type":"Feature","geometry":{"type":"Point","coordinates":[109.17,12.25]},"properties":{"name":"Nha Trang","iso":"VN","pop":411556,"cap":0,"rank":6}},{"type":"Feature","geometry":{"type":"Point","coordinates":[109.22,11.9]},"properties":{"name":"Cam Ranh","iso":"VN","pop":146771,"cap":0,"rank":6}},{"type":"Feature","geometry":{"type":"Point","coordinates":[109.18,13.78]},"properties":{"name":"Qui Nhon","iso":"VN","pop":805290,"cap":0,"rank":6}},{"type":"Feature","geometry":{"type":"Point","coordinates":[107.58,16.47]},"properties":{"name":"Hue","iso":"VN","pop":950000,"cap":0,"rank":6}},{"type":"Feature","geometry":{"type":"Point","coordinates":[106.83,10.97]},"properties":{"name":"Bi\u00ean H\u00f2a","iso":"VN","pop":652646,"cap":0,"rank":6}},{"type":"Feature","geometry":{"type":"Point","coordinates":[105.77,10.05]},"properties":{"name":"Can Tho","iso":"VN","pop":1121000,"cap":0,"rank":6}},{"type":"Feature","geometry":{"type":"Point","coordinates":[28.4,-13.13]},"properties":{"name":"Luanshya","iso":"ZM","pop":151993,"cap":0,"rank":6}},{"type":"Feature","geometry":{"type":"Point","coordinates":[28.65,-13.0]},"properties":{"name":"Ndola","iso":"ZM","pop":396339,"cap":0,"rank":6}},{"type":"Feature","geometry":{"type":"Point","coordinates":[29.82,-19.45]},"properties":{"name":"Gweru","iso":"ZW","pop":183358,"cap":0,"rank":6}},{"type":"Feature","geometry":{"type":"Point","coordinates":[32.65,-18.97]},"properties":{"name":"Mutare","iso":"ZW","pop":249365,"cap":0,"rank":6}},{"type":"Feature","geometry":{"type":"Point","coordinates":[-54.81,-22.23]},"properties":{"name":"Dourados","iso":"BR","pop":162202,"cap":0,"rank":6}},{"type":"Feature","geometry":{"type":"Point","coordinates":[-41.97,-18.87]},"properties":{"name":"Governador Valadares","iso":"BR","pop":250878,"cap":0,"rank":6}},{"type":"Feature","geometry":{"type":"Point","coordinates":[-43.37,-21.77]},"properties":{"name":"Juiz de Fora","iso":"BR","pop":470193,"cap":0,"rank":6}},{"type":"Feature","geometry":{"type":"Point","coordinates":[-53.8,-29.68]},"properties":{"name":"Santa Maria","iso":"BR","pop":249219,"cap":0,"rank":6}},{"type":"Feature","geometry":{"type":"Point","coordinates":[-52.42,-28.25]},"properties":{"name":"Passo Fundo","iso":"BR","pop":179529,"cap":0,"rank":6}},{"type":"Feature","geometry":{"type":"Point","coordinates":[-52.64,-27.1]},"properties":{"name":"Xapeco","iso":"BR","pop":160157,"cap":0,"rank":6}},{"type":"Feature","geometry":{"type":"Point","coordinates":[-48.84,-26.32]},"properties":{"name":"Joinville","iso":"BR","pop":988000,"cap":0,"rank":6}},{"type":"Feature","geometry":{"type":"Point","coordinates":[-39.32,-7.21]},"properties":{"name":"Juazeiro do Norte","iso":"BR","pop":225230,"cap":0,"rank":6}},{"type":"Feature","geometry":{"type":"Point","coordinates":[-38.43,-12.14]},"properties":{"name":"Alagoinhas","iso":"BR","pop":124070,"cap":0,"rank":6}},{"type":"Feature","geometry":{"type":"Point","coordinates":[-40.35,-20.33]},"properties":{"name":"Vit\u00f3ria","iso":"BR","pop":1704000,"cap":0,"rank":6}},{"type":"Feature","geometry":{"type":"Point","coordinates":[-34.88,-7.1]},"properties":{"name":"Jo\u00e3o Pessoa","iso":"BR","pop":956000,"cap":0,"rank":6}},{"type":"Feature","geometry":{"type":"Point","coordinates":[-35.88,-7.23]},"properties":{"name":"Campina Grande","iso":"BR","pop":417261,"cap":0,"rank":6}},{"type":"Feature","geometry":{"type":"Point","coordinates":[-42.54,-22.26]},"properties":{"name":"Nova Friburgo","iso":"BR","pop":171991,"cap":0,"rank":6}},{"type":"Feature","geometry":{"type":"Point","coordinates":[-119.48,49.9]},"properties":{"name":"Kelowna","iso":"CA","pop":125109,"cap":0,"rank":6}},{"type":"Feature","geometry":{"type":"Point","coordinates":[-79.83,43.25]},"properties":{"name":"Hamilton","iso":"CA","pop":721053,"cap":0,"rank":6}},{"type":"Feature","geometry":{"type":"Point","coordinates":[-83.04,42.32]},"properties":{"name":"Windsor","iso":"CA","pop":319246,"cap":0,"rank":6}},{"type":"Feature","geometry":{"type":"Point","coordinates":[-72.55,46.35]},"properties":{"name":"Trois-Rivi\u00e8res","iso":"CA","pop":119693,"cap":0,"rank":6}},{"type":"Feature","geometry":{"type":"Point","coordinates":[-66.17,-17.41]},"properties":{"name":"Cochabamba","iso":"BO","pop":1000000,"cap":0,"rank":6}},{"type":"Feature","geometry":{"type":"Point","coordinates":[-59.15,-37.32]},"properties":{"name":"Tandil","iso":"AR","pop":104325,"cap":0,"rank":6}},{"type":"Feature","geometry":{"type":"Point","coordinates":[-66.35,-33.3]},"properties":{"name":"San Luis","iso":"AR","pop":432310,"cap":0,"rank":6}},{"type":"Feature","geometry":{"type":"Point","coordinates":[-64.35,-33.13]},"properties":{"name":"R\u00edo Cuarto","iso":"AR","pop":153757,"cap":0,"rank":6}},{"type":"Feature","geometry":{"type":"Point","coordinates":[-65.3,-24.18]},"properties":{"name":"San Salvador de Jujuy","iso":"AR","pop":305891,"cap":0,"rank":6}},{"type":"Feature","geometry":{"type":"Point","coordinates":[-50.45,-21.21]},"properties":{"name":"Ara\u00e7atuba","iso":"BR","pop":170024,"cap":0,"rank":6}},{"type":"Feature","geometry":{"type":"Point","coordinates":[4.41,51.22]},"properties":{"name":"Antwerpen","iso":"BE","pop":920000,"cap":0,"rank":6}},{"type":"Feature","geometry":{"type":"Point","coordinates":[68.7,36.14]},"properties":{"name":"Baghlan","iso":"AF","pop":218748,"cap":0,"rank":6}},{"type":"Feature","geometry":{"type":"Point","coordinates":[-67.13,-17.98]},"properties":{"name":"Oruro","iso":"BO","pop":246501,"cap":0,"rank":6}},{"type":"Feature","geometry":{"type":"Point","coordinates":[30.53,39.79]},"properties":{"name":"Eski\u015fehir","iso":"TR","pop":514869,"cap":0,"rank":6}},{"type":"Feature","geometry":{"type":"Point","coordinates":[30.7,36.89]},"properties":{"name":"Antalya","iso":"TR","pop":783000,"cap":0,"rank":6}},{"type":"Feature","geometry":{"type":"Point","coordinates":[35.49,38.73]},"properties":{"name":"Kayseri","iso":"TR","pop":592840,"cap":0,"rank":6}},{"type":"Feature","geometry":{"type":"Point","coordinates":[31.0,52.43]},"properties":{"name":"Homyel","iso":"BY","pop":480951,"cap":0,"rank":6}},{"type":"Feature","geometry":{"type":"Point","coordinates":[146.92,-36.06]},"properties":{"name":"Albury","iso":"AU","pop":104258,"cap":0,"rank":6}},{"type":"Feature","geometry":{"type":"Point","coordinates":[150.89,-34.42]},"properties":{"name":"Wollongong","iso":"AU","pop":260914,"cap":0,"rank":6}},{"type":"Feature","geometry":{"type":"Point","coordinates":[144.4,-38.17]},"properties":{"name":"Geelong","iso":"AU","pop":160991,"cap":0,"rank":6}},{"type":"Feature","geometry":{"type":"Point","coordinates":[37.38,37.08]},"properties":{"name":"Gaziantep","iso":"TR","pop":1044000,"cap":0,"rank":6}},{"type":"Feature","geometry":{"type":"Point","coordinates":[89.28,25.75]},"properties":{"name":"Rangpur","iso":"BD","pop":285564,"cap":0,"rank":6}},{"type":"Feature","geometry":{"type":"Point","coordinates":[96.51,17.32]},"properties":{"name":"Bago","iso":"MM","pop":284318,"cap":0,"rank":6}},{"type":"Feature","geometry":{"type":"Point","coordinates":[95.21,18.82]},"properties":{"name":"Pyay","iso":"MM","pop":135308,"cap":0,"rank":6}},{"type":"Feature","geometry":{"type":"Point","coordinates":[94.92,20.14]},"properties":{"name":"Magway","iso":"MM","pop":125973,"cap":0,"rank":6}},{"type":"Feature","geometry":{"type":"Point","coordinates":[97.39,25.36]},"properties":{"name":"Myitkyina","iso":"MM","pop":139100,"cap":0,"rank":6}},{"type":"Feature","geometry":{"type":"Point","coordinates":[95.15,22.1]},"properties":{"name":"Monywa","iso":"MM","pop":226222,"cap":0,"rank":6}},{"type":"Feature","geometry":{"type":"Point","coordinates":[-4.75,41.65]},"properties":{"name":"Valladolid","iso":"ES","pop":322304,"cap":0,"rank":6}},{"type":"Feature","geometry":{"type":"Point","coordinates":[36.72,34.73]},"properties":{"name":"Homs","iso":"SY","pop":1005000,"cap":0,"rank":6}},{"type":"Feature","geometry":{"type":"Point","coordinates":[17.64,59.86]},"properties":{"name":"Uppsala","iso":"SE","pop":133117,"cap":0,"rank":6}},{"type":"Feature","geometry":{"type":"Point","coordinates":[23.6,46.79]},"properties":{"name":"Cluj-Napoca","iso":"RO","pop":316748,"cap":0,"rank":6}},{"type":"Feature","geometry":{"type":"Point","coordinates":[99.97,8.4]},"properties":{"name":"Nakhon Si Thammarat","iso":"TH","pop":232335,"cap":0,"rank":6}},{"type":"Feature","geometry":{"type":"Point","coordinates":[100.47,7.0]},"properties":{"name":"Hat Yai","iso":"TH","pop":317954,"cap":0,"rank":6}},{"type":"Feature","geometry":{"type":"Point","coordinates":[100.07,15.7]},"properties":{"name":"Nakhon Sawan","iso":"TH","pop":111915,"cap":0,"rank":6}},{"type":"Feature","geometry":{"type":"Point","coordinates":[104.83,15.25]},"properties":{"name":"Ubon Ratchathani","iso":"TH","pop":273893,"cap":0,"rank":6}},{"type":"Feature","geometry":{"type":"Point","coordinates":[-80.46,-3.57]},"properties":{"name":"Tumbes","iso":"PE","pop":109223,"cap":0,"rank":6}},{"type":"Feature","geometry":{"type":"Point","coordinates":[-78.53,-7.15]},"properties":{"name":"Cajamarca","iso":"PE","pop":142665,"cap":0,"rank":6}},{"type":"Feature","geometry":{"type":"Point","coordinates":[-76.24,-9.92]},"properties":{"name":"Hu\u00e1nuco","iso":"PE","pop":158145,"cap":0,"rank":6}},{"type":"Feature","geometry":{"type":"Point","coordinates":[-2.95,35.3]},"properties":{"name":"Melilla","iso":"ES","pop":141308,"cap":0,"rank":6}},{"type":"Feature","geometry":{"type":"Point","coordinates":[-16.88,32.65]},"properties":{"name":"Funchal","iso":"PT","pop":204767,"cap":0,"rank":6}},{"type":"Feature","geometry":{"type":"Point","coordinates":[-11.74,7.97]},"properties":{"name":"Bo","iso":"SL","pop":174354,"cap":0,"rank":6}},{"type":"Feature","geometry":{"type":"Point","coordinates":[-16.29,12.59]},"properties":{"name":"Ziguinchor","iso":"SN","pop":191716,"cap":0,"rank":6}},{"type":"Feature","geometry":{"type":"Point","coordinates":[7.39,18.74]},"properties":{"name":"Arlit","iso":"NE","pop":100000,"cap":0,"rank":6}},{"type":"Feature","geometry":{"type":"Point","coordinates":[2.65,39.57]},"properties":{"name":"Palma","iso":"ES","pop":375773,"cap":0,"rank":6}},{"type":"Feature","geometry":{"type":"Point","coordinates":[33.52,14.4]},"properties":{"name":"Medani","iso":"SD","pop":332714,"cap":0,"rank":6}},{"type":"Feature","geometry":{"type":"Point","coordinates":[35.38,14.04]},"properties":{"name":"Gedaref","iso":"SD","pop":201282,"cap":0,"rank":6}},{"type":"Feature","geometry":{"type":"Point","coordinates":[33.96,17.59]},"properties":{"name":"Ad-Damir","iso":"SD","pop":103941,"cap":0,"rank":6}},{"type":"Feature","geometry":{"type":"Point","coordinates":[33.98,17.71]},"properties":{"name":"Atbarah","iso":"SD","pop":168612,"cap":0,"rank":6}},{"type":"Feature","geometry":{"type":"Point","coordinates":[32.66,13.17]},"properties":{"name":"Kosti","iso":"SD","pop":345068,"cap":0,"rank":6}},{"type":"Feature","geometry":{"type":"Point","coordinates":[33.6,13.55]},"properties":{"name":"Sennar","iso":"SD","pop":130122,"cap":0,"rank":6}},{"type":"Feature","geometry":{"type":"Point","coordinates":[25.35,13.63]},"properties":{"name":"El Fasher","iso":"SD","pop":252609,"cap":0,"rank":6}},{"type":"Feature","geometry":{"type":"Point","coordinates":[29.7,11.01]},"properties":{"name":"Kadugli","iso":"SD","pop":176931,"cap":0,"rank":6}},{"type":"Feature","geometry":{"type":"Point","coordinates":[42.5,18.23]},"properties":{"name":"Abha","iso":"SA","pop":210886,"cap":0,"rank":6}},{"type":"Feature","geometry":{"type":"Point","coordinates":[42.56,16.91]},"properties":{"name":"Jizan","iso":"SA","pop":105198,"cap":0,"rank":6}},{"type":"Feature","geometry":{"type":"Point","coordinates":[24.77,-28.75]},"properties":{"name":"Kimberley","iso":"ZA","pop":165264,"cap":0,"rank":6}},{"type":"Feature","geometry":{"type":"Point","coordinates":[33.47,-19.12]},"properties":{"name":"Chimoio","iso":"MZ","pop":256936,"cap":0,"rank":6}},{"type":"Feature","geometry":{"type":"Point","coordinates":[35.24,-13.3]},"properties":{"name":"Lichinga","iso":"MZ","pop":109839,"cap":0,"rank":6}},{"type":"Feature","geometry":{"type":"Point","coordinates":[27.24,-25.65]},"properties":{"name":"Rustenburg","iso":"ZA","pop":165976,"cap":0,"rank":6}},{"type":"Feature","geometry":{"type":"Point","coordinates":[25.61,-25.83]},"properties":{"name":"Mmabatho","iso":"ZA","pop":104428,"cap":0,"rank":6}},{"type":"Feature","geometry":{"type":"Point","coordinates":[26.62,-26.88]},"properties":{"name":"Klerksdorp","iso":"ZA","pop":178921,"cap":0,"rank":6}},{"type":"Feature","geometry":{"type":"Point","coordinates":[27.21,-27.66]},"properties":{"name":"Kroonstad","iso":"ZA","pop":103992,"cap":0,"rank":6}},{"type":"Feature","geometry":{"type":"Point","coordinates":[29.45,-23.89]},"properties":{"name":"Polokwane","iso":"ZA","pop":220045,"cap":0,"rank":6}},{"type":"Feature","geometry":{"type":"Point","coordinates":[30.48,-22.95]},"properties":{"name":"Thohoyandou","iso":"ZA","pop":269707,"cap":0,"rank":6}},{"type":"Feature","geometry":{"type":"Point","coordinates":[30.79,-27.76]},"properties":{"name":"Vryheid","iso":"ZA","pop":150012,"cap":0,"rank":6}},{"type":"Feature","geometry":{"type":"Point","coordinates":[30.39,-29.61]},"properties":{"name":"Pietermaritzburg","iso":"ZA","pop":750845,"cap":0,"rank":6}},{"type":"Feature","geometry":{"type":"Point","coordinates":[-5.81,35.78]},"properties":{"name":"Tangier","iso":"MA","pop":750060,"cap":0,"rank":6}},{"type":"Feature","geometry":{"type":"Point","coordinates":[-9.62,30.44]},"properties":{"name":"Agadir","iso":"MA","pop":825467,"cap":0,"rank":6}},{"type":"Feature","geometry":{"type":"Point","coordinates":[35.34,-23.86]},"properties":{"name":"Inhambane","iso":"MZ","pop":115776,"cap":0,"rank":6}},{"type":"Feature","geometry":{"type":"Point","coordinates":[28.79,-31.58]},"properties":{"name":"Umtata","iso":"ZA","pop":137772,"cap":0,"rank":6}},{"type":"Feature","geometry":{"type":"Point","coordinates":[27.39,-32.87]},"properties":{"name":"Bhisho","iso":"ZA","pop":160997,"cap":0,"rank":6}},{"type":"Feature","geometry":{"type":"Point","coordinates":[43.65,3.12]},"properties":{"name":"Baydhabo","iso":"SO","pop":129839,"cap":0,"rank":6}},{"type":"Feature","geometry":{"type":"Point","coordinates":[28.75,60.7]},"properties":{"name":"Vyborg","iso":"RU","pop":117201,"cap":0,"rank":6}},{"type":"Feature","geometry":{"type":"Point","coordinates":[41.01,57.01]},"properties":{"name":"Ivanovo","iso":"RU","pop":420839,"cap":0,"rank":6}},{"type":"Feature","geometry":{"type":"Point","coordinates":[40.94,57.77]},"properties":{"name":"Kostroma","iso":"RU","pop":277656,"cap":0,"rank":6}},{"type":"Feature","geometry":{"type":"Point","coordinates":[39.64,52.62]},"properties":{"name":"Lipetsk","iso":"RU","pop":515655,"cap":0,"rank":6}},{"type":"Feature","geometry":{"type":"Point","coordinates":[36.07,52.97]},"properties":{"name":"Orel","iso":"RU","pop":334552,"cap":0,"rank":6}},{"type":"Feature","geometry":{"type":"Point","coordinates":[42.16,47.51]},"properties":{"name":"Volgodonsk","iso":"RU","pop":167731,"cap":0,"rank":6}},{"type":"Feature","geometry":{"type":"Point","coordinates":[36.6,50.63]},"properties":{"name":"Belgorod","iso":"RU","pop":345289,"cap":0,"rank":6}},{"type":"Feature","geometry":{"type":"Point","coordinates":[37.77,44.73]},"properties":{"name":"Novorossiysk","iso":"RU","pop":241856,"cap":0,"rank":6}},{"type":"Feature","geometry":{"type":"Point","coordinates":[40.41,56.13]},"properties":{"name":"Vladimir","iso":"RU","pop":318648,"cap":0,"rank":6}},{"type":"Feature","geometry":{"type":"Point","coordinates":[59.65,55.17]},"properties":{"name":"Zlatoust","iso":"RU","pop":191366,"cap":0,"rank":6}},{"type":"Feature","geometry":{"type":"Point","coordinates":[59.96,56.91]},"properties":{"name":"Pervouralsk","iso":"RU","pop":133600,"cap":0,"rank":6}},{"type":"Feature","geometry":{"type":"Point","coordinates":[53.23,56.85]},"properties":{"name":"Izhevsk","iso":"RU","pop":631038,"cap":0,"rank":6}},{"type":"Feature","geometry":{"type":"Point","coordinates":[44.21,46.33]},"properties":{"name":"Elista","iso":"RU","pop":106971,"cap":0,"rank":6}},{"type":"Feature","geometry":{"type":"Point","coordinates":[80.38,8.35]},"properties":{"name":"Anuradhapura","iso":"LK","pop":118302,"cap":0,"rank":6}},{"type":"Feature","geometry":{"type":"Point","coordinates":[80.01,9.68]},"properties":{"name":"Jaffna","iso":"LK","pop":250000,"cap":0,"rank":6}},{"type":"Feature","geometry":{"type":"Point","coordinates":[122.98,10.63]},"properties":{"name":"Bacolod","iso":"PH","pop":949354,"cap":0,"rank":6}},{"type":"Feature","geometry":{"type":"Point","coordinates":[122.75,11.59]},"properties":{"name":"Roxas","iso":"PH","pop":102688,"cap":0,"rank":6}},{"type":"Feature","geometry":{"type":"Point","coordinates":[118.74,9.75]},"properties":{"name":"Puerto Princesa","iso":"PH","pop":157144,"cap":0,"rank":6}},{"type":"Feature","geometry":{"type":"Point","coordinates":[123.18,13.62]},"properties":{"name":"Naga","iso":"PH","pop":741635,"cap":0,"rank":6}},{"type":"Feature","geometry":{"type":"Point","coordinates":[120.55,15.15]},"properties":{"name":"Angeles","iso":"PH","pop":314493,"cap":0,"rank":6}},{"type":"Feature","geometry":{"type":"Point","coordinates":[121.02,13.78]},"properties":{"name":"Batangas","iso":"PH","pop":424508,"cap":0,"rank":6}},{"type":"Feature","geometry":{"type":"Point","coordinates":[124.25,7.22]},"properties":{"name":"Cotabato","iso":"PH","pop":279519,"cap":0,"rank":6}},{"type":"Feature","geometry":{"type":"Point","coordinates":[124.69,8.45]},"properties":{"name":"Cagayan de Oro","iso":"PH","pop":1121561,"cap":0,"rank":6}},{"type":"Feature","geometry":{"type":"Point","coordinates":[42.75,0.07]},"properties":{"name":"Jamaame","iso":"SO","pop":185270,"cap":0,"rank":6}},{"type":"Feature","geometry":{"type":"Point","coordinates":[42.52,-0.36]},"properties":{"name":"Kismaayo","iso":"SO","pop":234852,"cap":0,"rank":6}},{"type":"Feature","geometry":{"type":"Point","coordinates":[-101.42,26.9]},"properties":{"name":"Monclova","iso":"MX","pop":236244,"cap":0,"rank":6}},{"type":"Feature","geometry":{"type":"Point","coordinates":[-16.51,16.02]},"properties":{"name":"Saint-Louis","iso":"MR","pop":220792,"cap":0,"rank":6}},{"type":"Feature","geometry":{"type":"Point","coordinates":[4.55,8.49]},"properties":{"name":"Ilorin","iso":"NG","pop":771000,"cap":0,"rank":6}},{"type":"Feature","geometry":{"type":"Point","coordinates":[6.55,9.62]},"properties":{"name":"Minna","iso":"NG","pop":291905,"cap":0,"rank":6}},{"type":"Feature","geometry":{"type":"Point","coordinates":[7.71,11.08]},"properties":{"name":"Zaria","iso":"NG","pop":889000,"cap":0,"rank":6}},{"type":"Feature","geometry":{"type":"Point","coordinates":[8.89,9.93]},"properties":{"name":"Jos","iso":"NG","pop":816824,"cap":0,"rank":6}},{"type":"Feature","geometry":{"type":"Point","coordinates":[19.46,51.77]},"properties":{"name":"\u0141\u00f3d\u017a","iso":"PL","pop":758000,"cap":0,"rank":6}},{"type":"Feature","geometry":{"type":"Point","coordinates":[56.76,59.42]},"properties":{"name":"Berezniki","iso":"RU","pop":167748,"cap":0,"rank":6}},{"type":"Feature","geometry":{"type":"Point","coordinates":[32.8,-5.02]},"properties":{"name":"Tabora","iso":"TZ","pop":146495,"cap":0,"rank":6}},{"type":"Feature","geometry":{"type":"Point","coordinates":[35.65,-10.68]},"properties":{"name":"Songea","iso":"TZ","pop":126449,"cap":0,"rank":6}},{"type":"Feature","geometry":{"type":"Point","coordinates":[39.09,-5.07]},"properties":{"name":"Tanga","iso":"TZ","pop":224876,"cap":0,"rank":6}},{"type":"Feature","geometry":{"type":"Point","coordinates":[-0.89,41.65]},"properties":{"name":"Zaragoza","iso":"ES","pop":649404,"cap":0,"rank":6}},{"type":"Feature","geometry":{"type":"Point","coordinates":[11.98,57.71]},"properties":{"name":"G\u00f6teborg","iso":"SE","pop":537797,"cap":0,"rank":6}},{"type":"Feature","geometry":{"type":"Point","coordinates":[-10.07,28.98]},"properties":{"name":"Goulimine","iso":"MA","pop":115267,"cap":0,"rank":6}},{"type":"Feature","geometry":{"type":"Point","coordinates":[98.8,1.75]},"properties":{"name":"Sibolga","iso":"ID","pop":217312,"cap":0,"rank":6}},{"type":"Feature","geometry":{"type":"Point","coordinates":[99.06,2.96]},"properties":{"name":"Pematangsiantar","iso":"ID","pop":341200,"cap":0,"rank":6}},{"type":"Feature","geometry":{"type":"Point","coordinates":[101.42,0.57]},"properties":{"name":"Pekanbaru","iso":"ID","pop":799000,"cap":0,"rank":6}},{"type":"Feature","geometry":{"type":"Point","coordinates":[124.85,1.48]},"properties":{"name":"Manado","iso":"ID","pop":451893,"cap":0,"rank":6}},{"type":"Feature","geometry":{"type":"Point","coordinates":[110.38,-7.78]},"properties":{"name":"Yogyakarta","iso":"ID","pop":636660,"cap":0,"rank":6}},{"type":"Feature","geometry":{"type":"Point","coordinates":[122.6,-3.96]},"properties":{"name":"Kendari","iso":"ID","pop":165377,"cap":0,"rank":6}},{"type":"Feature","geometry":{"type":"Point","coordinates":[119.83,-0.91]},"properties":{"name":"Palu","iso":"ID","pop":612445,"cap":0,"rank":6}},{"type":"Feature","geometry":{"type":"Point","coordinates":[8.93,44.41]},"properties":{"name":"Genoa","iso":"IT","pop":647497,"cap":0,"rank":6}},{"type":"Feature","geometry":{"type":"Point","coordinates":[36.07,-0.28]},"properties":{"name":"Nakuru","iso":"KE","pop":364727,"cap":0,"rank":6}},{"type":"Feature","geometry":{"type":"Point","coordinates":[26.51,55.88]},"properties":{"name":"Daugavpils","iso":"LV","pop":111564,"cap":0,"rank":6}},{"type":"Feature","geometry":{"type":"Point","coordinates":[97.14,5.19]},"properties":{"name":"Lhokseumawe","iso":"ID","pop":140322,"cap":0,"rank":6}},{"type":"Feature","geometry":{"type":"Point","coordinates":[100.72,4.86]},"properties":{"name":"Taiping","iso":"MY","pop":237095,"cap":0,"rank":6}},{"type":"Feature","geometry":{"type":"Point","coordinates":[101.06,4.6]},"properties":{"name":"Ipoh","iso":"MY","pop":673318,"cap":0,"rank":6}},{"type":"Feature","geometry":{"type":"Point","coordinates":[102.23,6.12]},"properties":{"name":"Kota Baharu","iso":"MY","pop":505583,"cap":0,"rank":6}},{"type":"Feature","geometry":{"type":"Point","coordinates":[102.25,2.21]},"properties":{"name":"Malacca","iso":"MY","pop":788706,"cap":0,"rank":6}},{"type":"Feature","geometry":{"type":"Point","coordinates":[103.32,3.83]},"properties":{"name":"Kuantan","iso":"MY","pop":366229,"cap":0,"rank":6}},{"type":"Feature","geometry":{"type":"Point","coordinates":[118.75,30.95]},"properties":{"name":"Xuanzhou","iso":"CN","pop":866000,"cap":0,"rank":6}},{"type":"Feature","geometry":{"type":"Point","coordinates":[113.57,22.28]},"properties":{"name":"Zhuhai","iso":"CN","pop":1023000,"cap":0,"rank":6}},{"type":"Feature","geometry":{"type":"Point","coordinates":[117.15,-0.5]},"properties":{"name":"Samarinda","iso":"ID","pop":592228,"cap":0,"rank":6}},{"type":"Feature","geometry":{"type":"Point","coordinates":[117.9,4.27]},"properties":{"name":"Tawau","iso":"MY","pop":306462,"cap":0,"rank":6}},{"type":"Feature","geometry":{"type":"Point","coordinates":[118.11,5.84]},"properties":{"name":"Sandakan","iso":"MY","pop":392288,"cap":0,"rank":6}},{"type":"Feature","geometry":{"type":"Point","coordinates":[116.11,5.98]},"properties":{"name":"Kota Kinabalu","iso":"MY","pop":527671,"cap":0,"rank":6}},{"type":"Feature","geometry":{"type":"Point","coordinates":[111.84,2.3]},"properties":{"name":"Sibu","iso":"MY","pop":203832,"cap":0,"rank":6}},{"type":"Feature","geometry":{"type":"Point","coordinates":[34.75,-0.09]},"properties":{"name":"Kisumu","iso":"KE","pop":395615,"cap":0,"rank":6}},{"type":"Feature","geometry":{"type":"Point","coordinates":[47.03,-19.85]},"properties":{"name":"Antsirabe","iso":"MG","pop":307921,"cap":0,"rank":6}},{"type":"Feature","geometry":{"type":"Point","coordinates":[49.4,-18.18]},"properties":{"name":"Toamasina","iso":"MG","pop":210226,"cap":0,"rank":6}},{"type":"Feature","geometry":{"type":"Point","coordinates":[108.57,-6.73]},"properties":{"name":"Cirebon","iso":"ID","pop":254298,"cap":0,"rank":6}},{"type":"Feature","geometry":{"type":"Point","coordinates":[108.21,-7.33]},"properties":{"name":"Tasikmalaya","iso":"ID","pop":271143,"cap":0,"rank":6}},{"type":"Feature","geometry":{"type":"Point","coordinates":[106.75,-6.57]},"properties":{"name":"Bogor","iso":"ID","pop":918000,"cap":0,"rank":6}},{"type":"Feature","geometry":{"type":"Point","coordinates":[102.27,-3.8]},"properties":{"name":"Bengkulu","iso":"ID","pop":426673,"cap":0,"rank":6}},{"type":"Feature","geometry":{"type":"Point","coordinates":[109.32,-0.03]},"properties":{"name":"Pontianak","iso":"ID","pop":607311,"cap":0,"rank":6}},{"type":"Feature","geometry":{"type":"Point","coordinates":[106.15,-2.08]},"properties":{"name":"Pangkalpinang","iso":"ID","pop":125933,"cap":0,"rank":6}},{"type":"Feature","geometry":{"type":"Point","coordinates":[113.69,-8.17]},"properties":{"name":"Jember","iso":"ID","pop":298585,"cap":0,"rank":6}},{"type":"Feature","geometry":{"type":"Point","coordinates":[114.84,-3.41]},"properties":{"name":"Martapura","iso":"ID","pop":198239,"cap":0,"rank":6}},{"type":"Feature","geometry":{"type":"Point","coordinates":[-79.96,-3.26]},"properties":{"name":"Machala","iso":"EC","pop":213034,"cap":0,"rank":6}},{"type":"Feature","geometry":{"type":"Point","coordinates":[-79.21,-3.99]},"properties":{"name":"Loja","iso":"EC","pop":126368,"cap":0,"rank":6}},{"type":"Feature","geometry":{"type":"Point","coordinates":[-80.73,-0.98]},"properties":{"name":"Manta","iso":"EC","pop":183166,"cap":0,"rank":6}},{"type":"Feature","geometry":{"type":"Point","coordinates":[-78.65,-1.67]},"properties":{"name":"Riobamba","iso":"EC","pop":172464,"cap":0,"rank":6}},{"type":"Feature","geometry":{"type":"Point","coordinates":[19.77,3.26]},"properties":{"name":"Gemena","iso":"CD","pop":198056,"cap":0,"rank":6}},{"type":"Feature","geometry":{"type":"Point","coordinates":[9.77,1.87]},"properties":{"name":"Bata","iso":"GQ","pop":173046,"cap":0,"rank":6}},{"type":"Feature","geometry":{"type":"Point","coordinates":[18.39,9.15]},"properties":{"name":"Sarh","iso":"TD","pop":169196,"cap":0,"rank":6}},{"type":"Feature","geometry":{"type":"Point","coordinates":[30.75,28.09]},"properties":{"name":"El Minya","iso":"EG","pop":500000,"cap":0,"rank":6}},{"type":"Feature","geometry":{"type":"Point","coordinates":[32.95,24.47]},"properties":{"name":"Kom Ombo","iso":"EG","pop":303962,"cap":0,"rank":6}},{"type":"Feature","geometry":{"type":"Point","coordinates":[33.83,27.23]},"properties":{"name":"Hurghada","iso":"EG","pop":157204,"cap":0,"rank":6}},{"type":"Feature","geometry":{"type":"Point","coordinates":[27.62,2.76]},"properties":{"name":"Isiro","iso":"CD","pop":157196,"cap":0,"rank":6}},{"type":"Feature","geometry":{"type":"Point","coordinates":[6.95,50.93]},"properties":{"name":"Cologne","iso":"DE","pop":1004000,"cap":0,"rank":6}},{"type":"Feature","geometry":{"type":"Point","coordinates":[26.71,58.38]},"properties":{"name":"Tartu","iso":"EE","pop":101092,"cap":0,"rank":6}},{"type":"Feature","geometry":{"type":"Point","coordinates":[108.71,34.35]},"properties":{"name":"Xianyang","iso":"CN","pop":1126000,"cap":0,"rank":6}},{"type":"Feature","geometry":{"type":"Point","coordinates":[112.13,32.02]},"properties":{"name":"Xiangyang","iso":"CN","pop":1069000,"cap":0,"rank":6}},{"type":"Feature","geometry":{"type":"Point","coordinates":[105.53,30.54]},"properties":{"name":"Suining","iso":"CN","pop":1425000,"cap":0,"rank":6}},{"type":"Feature","geometry":{"type":"Point","coordinates":[119.4,41.24]},"properties":{"name":"Lingyuan","iso":"CN","pop":806000,"cap":0,"rank":6}},{"type":"Feature","geometry":{"type":"Point","coordinates":[122.1,37.5]},"properties":{"name":"Weihai","iso":"CN","pop":560255,"cap":0,"rank":6}},{"type":"Feature","geometry":{"type":"Point","coordinates":[114.4,27.84]},"properties":{"name":"Yichun","iso":"CN","pop":982000,"cap":0,"rank":6}},{"type":"Feature","geometry":{"type":"Point","coordinates":[120.17,33.34]},"properties":{"name":"Yancheng","iso":"CN","pop":839000,"cap":0,"rank":6}},{"type":"Feature","geometry":{"type":"Point","coordinates":[119.95,30.06]},"properties":{"name":"Fuyang","iso":"CN","pop":771000,"cap":0,"rank":6}},{"type":"Feature","geometry":{"type":"Point","coordinates":[20.77,-6.41]},"properties":{"name":"Tshikapa","iso":"CD","pop":267462,"cap":0,"rank":6}},{"type":"Feature","geometry":{"type":"Point","coordinates":[13.05,-5.83]},"properties":{"name":"Boma","iso":"CD","pop":178638,"cap":0,"rank":6}},{"type":"Feature","geometry":{"type":"Point","coordinates":[28.84,-2.51]},"properties":{"name":"Bukavu","iso":"CD","pop":436779,"cap":0,"rank":6}},{"type":"Feature","geometry":{"type":"Point","coordinates":[29.14,-3.37]},"properties":{"name":"Uvira","iso":"CD","pop":170391,"cap":0,"rank":6}},{"type":"Feature","geometry":{"type":"Point","coordinates":[25.91,-2.96]},"properties":{"name":"Kindu","iso":"CD","pop":262914,"cap":0,"rank":6}},{"type":"Feature","geometry":{"type":"Point","coordinates":[23.44,-7]},"properties":{"name":"Mwene-Ditu","iso":"CD","pop":189177,"cap":0,"rank":6}},{"type":"Feature","geometry":{"type":"Point","coordinates":[26.78,-10.97]},"properties":{"name":"Likasi","iso":"CD","pop":434408,"cap":0,"rank":6}},{"type":"Feature","geometry":{"type":"Point","coordinates":[25.01,-8.73]},"properties":{"name":"Kamina","iso":"CD","pop":128803,"cap":0,"rank":6}},{"type":"Feature","geometry":{"type":"Point","coordinates":[103.61,-1.59]},"properties":{"name":"Jambi","iso":"ID","pop":457090,"cap":0,"rank":6}},{"type":"Feature","geometry":{"type":"Point","coordinates":[-1.63,6.69]},"properties":{"name":"Kumasi","iso":"GH","pop":1646000,"cap":0,"rank":6}},{"type":"Feature","geometry":{"type":"Point","coordinates":[-1.7,4.94]},"properties":{"name":"Sekondi","iso":"GH","pop":286248,"cap":0,"rank":6}},{"type":"Feature","geometry":{"type":"Point","coordinates":[79.99,14.44]},"properties":{"name":"Nellore","iso":"IN","pop":678004,"cap":0,"rank":6}},{"type":"Feature","geometry":{"type":"Point","coordinates":[78.03,15.83]},"properties":{"name":"Kurnool","iso":"IN","pop":424920,"cap":0,"rank":6}},{"type":"Feature","geometry":{"type":"Point","coordinates":[80.45,16.33]},"properties":{"name":"Guntur","iso":"IN","pop":530577,"cap":0,"rank":6}},{"type":"Feature","geometry":{"type":"Point","coordinates":[77.1,13.33]},"properties":{"name":"Tumakuru","iso":"IN","pop":399606,"cap":0,"rank":6}},{"type":"Feature","geometry":{"type":"Point","coordinates":[75.92,14.47]},"properties":{"name":"Davangere","iso":"IN","pop":503564,"cap":0,"rank":6}},{"type":"Feature","geometry":{"type":"Point","coordinates":[76.92,15.15]},"properties":{"name":"Ballari","iso":"IN","pop":445388,"cap":0,"rank":6}},{"type":"Feature","geometry":{"type":"Point","coordinates":[74.51,15.87]},"properties":{"name":"Belagavi","iso":"IN","pop":608756,"cap":0,"rank":6}},{"type":"Feature","geometry":{"type":"Point","coordinates":[-68.92,-22.45]},"properties":{"name":"Calama","iso":"CL","pop":143084,"cap":0,"rank":6}},{"type":"Feature","geometry":{"type":"Point","coordinates":[-72.11,-36.61]},"properties":{"name":"Chill\u00e1n","iso":"CL","pop":150396,"cap":0,"rank":6}},{"type":"Feature","geometry":{"type":"Point","coordinates":[-70.74,-34.17]},"properties":{"name":"Rancagua","iso":"CL","pop":233268,"cap":0,"rank":6}},{"type":"Feature","geometry":{"type":"Point","coordinates":[-73.13,-40.58]},"properties":{"name":"Osorno","iso":"CL","pop":154131,"cap":0,"rank":6}},{"type":"Feature","geometry":{"type":"Point","coordinates":[-71.67,-35.43]},"properties":{"name":"Talca","iso":"CL","pop":197479,"cap":0,"rank":6}},{"type":"Feature","geometry":{"type":"Point","coordinates":[-71.24,-34.98]},"properties":{"name":"Curic\u00f3","iso":"CL","pop":113711,"cap":0,"rank":6}},{"type":"Feature","geometry":{"type":"Point","coordinates":[-4.18,14.49]},"properties":{"name":"Mopti","iso":"ML","pop":108456,"cap":0,"rank":6}},{"type":"Feature","geometry":{"type":"Point","coordinates":[20.22,30.77]},"properties":{"name":"Ajdabiya","iso":"LY","pop":143833,"cap":0,"rank":6}},{"type":"Feature","geometry":{"type":"Point","coordinates":[16.59,31.21]},"properties":{"name":"Surt","iso":"LY","pop":128123,"cap":0,"rank":6}},{"type":"Feature","geometry":{"type":"Point","coordinates":[22.64,32.76]},"properties":{"name":"Darnah","iso":"LY","pop":127974,"cap":0,"rank":6}},{"type":"Feature","geometry":{"type":"Point","coordinates":[23.96,32.08]},"properties":{"name":"Tubruq","iso":"LY","pop":263527,"cap":0,"rank":6}},{"type":"Feature","geometry":{"type":"Point","coordinates":[25.13,35.33]},"properties":{"name":"Iraklio","iso":"GR","pop":137154,"cap":0,"rank":6}},{"type":"Feature","geometry":{"type":"Point","coordinates":[35.83,34.44]},"properties":{"name":"\u1e6car\u0101bulus","iso":"LB","pop":530000,"cap":0,"rank":6}},{"type":"Feature","geometry":{"type":"Point","coordinates":[39.63,11.13]},"properties":{"name":"Dese","iso":"ET","pop":183802,"cap":0,"rank":6}},{"type":"Feature","geometry":{"type":"Point","coordinates":[42.15,9.32]},"properties":{"name":"Harar","iso":"ET","pop":174994,"cap":0,"rank":6}},{"type":"Feature","geometry":{"type":"Point","coordinates":[36.83,7.68]},"properties":{"name":"Jima","iso":"ET","pop":128306,"cap":0,"rank":6}},{"type":"Feature","geometry":{"type":"Point","coordinates":[39.27,8.55]},"properties":{"name":"Nazret","iso":"ET","pop":476892,"cap":0,"rank":6}},{"type":"Feature","geometry":{"type":"Point","coordinates":[25.47,65.0]},"properties":{"name":"Oulu","iso":"FI","pop":136752,"cap":0,"rank":6}},{"type":"Feature","geometry":{"type":"Point","coordinates":[51.33,51.27]},"properties":{"name":"Oral","iso":"KZ","pop":209788,"cap":0,"rank":6}},{"type":"Feature","geometry":{"type":"Point","coordinates":[50.83,28.92]},"properties":{"name":"Bandar-e Bushehr","iso":"IR","pop":169060,"cap":0,"rank":6}},{"type":"Feature","geometry":{"type":"Point","coordinates":[48.28,30.33]},"properties":{"name":"Abadan","iso":"IR","pop":370180,"cap":0,"rank":6}},{"type":"Feature","geometry":{"type":"Point","coordinates":[48.3,38.25]},"properties":{"name":"Ardabil","iso":"IR","pop":414603,"cap":0,"rank":6}},{"type":"Feature","geometry":{"type":"Point","coordinates":[50.95,34.65]},"properties":{"name":"Qom","iso":"IR","pop":973000,"cap":0,"rank":6}},{"type":"Feature","geometry":{"type":"Point","coordinates":[50.0,36.27]},"properties":{"name":"Qazvin","iso":"IR","pop":464551,"cap":0,"rank":6}},{"type":"Feature","geometry":{"type":"Point","coordinates":[47.06,34.38]},"properties":{"name":"Kermanshah","iso":"IR","pop":828313,"cap":0,"rank":6}},{"type":"Feature","geometry":{"type":"Point","coordinates":[49.63,37.3]},"properties":{"name":"Rasht","iso":"IR","pop":594590,"cap":0,"rank":6}},{"type":"Feature","geometry":{"type":"Point","coordinates":[59.22,32.88]},"properties":{"name":"Birjand","iso":"IR","pop":324703,"cap":0,"rank":6}},{"type":"Feature","geometry":{"type":"Point","coordinates":[57.63,36.22]},"properties":{"name":"Sabzewar","iso":"IR","pop":226183,"cap":0,"rank":6}},{"type":"Feature","geometry":{"type":"Point","coordinates":[61.48,31.02]},"properties":{"name":"Zabol","iso":"IR","pop":233968,"cap":0,"rank":6}},{"type":"Feature","geometry":{"type":"Point","coordinates":[60.83,29.5]},"properties":{"name":"Zahedan","iso":"IR","pop":598887,"cap":0,"rank":6}},{"type":"Feature","geometry":{"type":"Point","coordinates":[78.13,8.8]},"properties":{"name":"Tuticorin","iso":"IN","pop":436094,"cap":0,"rank":6}},{"type":"Feature","geometry":{"type":"Point","coordinates":[77.98,10.36]},"properties":{"name":"Dindigul","iso":"IN","pop":200797,"cap":0,"rank":6}},{"type":"Feature","geometry":{"type":"Point","coordinates":[10.21,56.16]},"properties":{"name":"\u00c5rhus","iso":"DK","pop":237551,"cap":0,"rank":6}},{"type":"Feature","geometry":{"type":"Point","coordinates":[-5.64,9.46]},"properties":{"name":"Korhogo","iso":"CI","pop":177711,"cap":0,"rank":6}},{"type":"Feature","geometry":{"type":"Point","coordinates":[-12.3,11.32]},"properties":{"name":"Lab\u00e9","iso":"GN","pop":140575,"cap":0,"rank":6}},{"type":"Feature","geometry":{"type":"Point","coordinates":[-14.3,10.94]},"properties":{"name":"Bok\u00e9","iso":"GN","pop":116270,"cap":0,"rank":6}},{"type":"Feature","geometry":{"type":"Point","coordinates":[-12.87,10.06]},"properties":{"name":"Kindia","iso":"GN","pop":117062,"cap":0,"rank":6}},{"type":"Feature","geometry":{"type":"Point","coordinates":[-6.45,6.89]},"properties":{"name":"Daloa","iso":"CI","pop":255168,"cap":0,"rank":6}},{"type":"Feature","geometry":{"type":"Point","coordinates":[-60.27,-6.98]},"properties":{"name":"Natal","iso":"BR","pop":980588,"cap":0,"rank":6}},{"type":"Feature","geometry":{"type":"Point","coordinates":[-63.04,-7.46]},"properties":{"name":"Crato","iso":"BR","pop":273883,"cap":0,"rank":6}},{"type":"Feature","geometry":{"type":"Point","coordinates":[-47.49,-5.52]},"properties":{"name":"Imperatriz","iso":"BR","pop":218106,"cap":0,"rank":6}},{"type":"Feature","geometry":{"type":"Point","coordinates":[-48.29,-10.24]},"properties":{"name":"Palmas","iso":"BR","pop":235315,"cap":0,"rank":6}},{"type":"Feature","geometry":{"type":"Point","coordinates":[-41.5,-17.87]},"properties":{"name":"Te\u00f3filo Otoni","iso":"BR","pop":101170,"cap":0,"rank":6}},{"type":"Feature","geometry":{"type":"Point","coordinates":[-47.95,-19.78]},"properties":{"name":"Uberaba","iso":"BR","pop":260843,"cap":0,"rank":6}},{"type":"Feature","geometry":{"type":"Point","coordinates":[-54.1,-31.32]},"properties":{"name":"Bag\u00e9","iso":"BR","pop":106098,"cap":0,"rank":6}},{"type":"Feature","geometry":{"type":"Point","coordinates":[-51.18,-23.3]},"properties":{"name":"Londrina","iso":"BR","pop":520238,"cap":0,"rank":6}},{"type":"Feature","geometry":{"type":"Point","coordinates":[-49.39,-28.68]},"properties":{"name":"Crici\u00fama","iso":"BR","pop":204217,"cap":0,"rank":6}},{"type":"Feature","geometry":{"type":"Point","coordinates":[-41.77,-2.91]},"properties":{"name":"Parna\u00edba","iso":"BR","pop":138008,"cap":0,"rank":6}},{"type":"Feature","geometry":{"type":"Point","coordinates":[-36.67,-9.75]},"properties":{"name":"Arapiraca","iso":"BR","pop":187668,"cap":0,"rank":6}},{"type":"Feature","geometry":{"type":"Point","coordinates":[-40.08,-13.85]},"properties":{"name":"Jequi\u00e9","iso":"BR","pop":135574,"cap":0,"rank":6}},{"type":"Feature","geometry":{"type":"Point","coordinates":[-39.05,-14.78]},"properties":{"name":"Ilh\u00e9us","iso":"BR","pop":230622,"cap":0,"rank":6}},{"type":"Feature","geometry":{"type":"Point","coordinates":[-40.05,-19.39]},"properties":{"name":"Linhares","iso":"BR","pop":105075,"cap":0,"rank":6}},{"type":"Feature","geometry":{"type":"Point","coordinates":[-41.32,-21.75]},"properties":{"name":"Campos","iso":"BR","pop":387417,"cap":0,"rank":6}},{"type":"Feature","geometry":{"type":"Point","coordinates":[-37.34,-5.19]},"properties":{"name":"Mossor\u00f3","iso":"BR","pop":202583,"cap":0,"rank":6}},{"type":"Feature","geometry":{"type":"Point","coordinates":[-37.12,-10.9]},"properties":{"name":"Aracaju","iso":"BR","pop":685356,"cap":0,"rank":6}},{"type":"Feature","geometry":{"type":"Point","coordinates":[-51.22,3.22]},"properties":{"name":"Vila Velha","iso":"BR","pop":1209091,"cap":0,"rank":6}},{"type":"Feature","geometry":{"type":"Point","coordinates":[-80.97,46.5]},"properties":{"name":"Sudbury","iso":"CA","pop":157857,"cap":0,"rank":6}},{"type":"Feature","geometry":{"type":"Point","coordinates":[-68.33,-34.6]},"properties":{"name":"San Rafael","iso":"AR","pop":109163,"cap":0,"rank":6}},{"type":"Feature","geometry":{"type":"Point","coordinates":[-65.78,-28.47]},"properties":{"name":"Catamarca","iso":"AR","pop":188812,"cap":0,"rank":6}},{"type":"Feature","geometry":{"type":"Point","coordinates":[-66.85,-29.41]},"properties":{"name":"La Rioja","iso":"AR","pop":162620,"cap":0,"rank":6}},{"type":"Feature","geometry":{"type":"Point","coordinates":[-64.27,-27.78]},"properties":{"name":"Santiago del Estero","iso":"AR","pop":354692,"cap":0,"rank":6}},{"type":"Feature","geometry":{"type":"Point","coordinates":[-58.99,-27.46]},"properties":{"name":"Resistencia","iso":"AR","pop":387158,"cap":0,"rank":6}},{"type":"Feature","geometry":{"type":"Point","coordinates":[-46.33,-23.96]},"properties":{"name":"Santos","iso":"BR","pop":1709000,"cap":0,"rank":6}},{"type":"Feature","geometry":{"type":"Point","coordinates":[-49.08,-22.33]},"properties":{"name":"Bauru","iso":"BR","pop":335024,"cap":0,"rank":6}},{"type":"Feature","geometry":{"type":"Point","coordinates":[-47.39,-20.53]},"properties":{"name":"Franca","iso":"BR","pop":305041,"cap":0,"rank":6}},{"type":"Feature","geometry":{"type":"Point","coordinates":[-36.5,-8.89]},"properties":{"name":"Garanhuns","iso":"BR","pop":110085,"cap":0,"rank":6}},{"type":"Feature","geometry":{"type":"Point","coordinates":[-35.98,-8.28]},"properties":{"name":"Caruaru","iso":"BR","pop":242094,"cap":0,"rank":6}},{"type":"Feature","geometry":{"type":"Point","coordinates":[16.94,-12.38]},"properties":{"name":"Kuito","iso":"AO","pop":114286,"cap":0,"rank":6}},{"type":"Feature","geometry":{"type":"Point","coordinates":[13.54,-12.37]},"properties":{"name":"Lobito","iso":"AO","pop":207932,"cap":0,"rank":6}},{"type":"Feature","geometry":{"type":"Point","coordinates":[-2.23,31.61]},"properties":{"name":"B\u00e9char","iso":"DZ","pop":143382,"cap":0,"rank":6}},{"type":"Feature","geometry":{"type":"Point","coordinates":[3.75,25.28]},"properties":{"name":"Arak","iso":"DZ","pop":423251,"cap":0,"rank":6}},{"type":"Feature","geometry":{"type":"Point","coordinates":[2.88,33.81]},"properties":{"name":"Laghouat","iso":"DZ","pop":113872,"cap":0,"rank":6}},{"type":"Feature","geometry":{"type":"Point","coordinates":[6.06,33.1]},"properties":{"name":"Touggourt","iso":"DZ","pop":133954,"cap":0,"rank":6}},{"type":"Feature","geometry":{"type":"Point","coordinates":[5.34,31.97]},"properties":{"name":"Ouargla","iso":"DZ","pop":176271,"cap":0,"rank":6}},{"type":"Feature","geometry":{"type":"Point","coordinates":[5.73,34.86]},"properties":{"name":"Biskra","iso":"DZ","pop":202103,"cap":0,"rank":6}},{"type":"Feature","geometry":{"type":"Point","coordinates":[3.25,34.68]},"properties":{"name":"Djelfa","iso":"DZ","pop":170901,"cap":0,"rank":6}},{"type":"Feature","geometry":{"type":"Point","coordinates":[5.4,36.18]},"properties":{"name":"S\u00e9tif","iso":"DZ","pop":274744,"cap":0,"rank":6}},{"type":"Feature","geometry":{"type":"Point","coordinates":[6.17,35.57]},"properties":{"name":"Batna","iso":"DZ","pop":280798,"cap":0,"rank":6}},{"type":"Feature","geometry":{"type":"Point","coordinates":[27.47,42.51]},"properties":{"name":"Burgas","iso":"BG","pop":195966,"cap":0,"rank":6}},{"type":"Feature","geometry":{"type":"Point","coordinates":[30.19,55.19]},"properties":{"name":"Vitsyebsk","iso":"BY","pop":342700,"cap":0,"rank":6}},{"type":"Feature","geometry":{"type":"Point","coordinates":[98.61,12.45]},"properties":{"name":"Myeik","iso":"MM","pop":266720,"cap":0,"rank":6}},{"type":"Feature","geometry":{"type":"Point","coordinates":[158.15,6.92]},"properties":{"name":"Palikir","iso":"FM","pop":4645,"cap":1,"rank":6}},{"type":"Feature","geometry":{"type":"Point","coordinates":[171.38,7.1]},"properties":{"name":"Majuro","iso":"MH","pop":25400,"cap":1,"rank":6}},{"type":"Feature","geometry":{"type":"Point","coordinates":[144.75,13.47]},"properties":{"name":"Agana","iso":"GU","pop":122411,"cap":0,"rank":6}},{"type":"Feature","geometry":{"type":"Point","coordinates":[179.22,-8.52]},"properties":{"name":"Funafuti","iso":"TV","pop":4749,"cap":1,"rank":6}},{"type":"Feature","geometry":{"type":"Point","coordinates":[134.63,7.49]},"properties":{"name":"Melekeok","iso":"PW","pop":7026,"cap":1,"rank":6}},{"type":"Feature","geometry":{"type":"Point","coordinates":[7.41,43.74]},"properties":{"name":"Monaco","iso":"MC","pop":36371,"cap":1,"rank":6}},{"type":"Feature","geometry":{"type":"Point","coordinates":[173.02,1.34]},"properties":{"name":"Tarawa","iso":"KI","pop":28802,"cap":1,"rank":6}},{"type":"Feature","geometry":{"type":"Point","coordinates":[43.24,-11.7]},"properties":{"name":"Moroni","iso":"KM","pop":128698,"cap":1,"rank":6}},{"type":"Feature","geometry":{"type":"Point","coordinates":[113.54,22.19]},"properties":{"name":"Macau","iso":"MO","pop":568700,"cap":0,"rank":6}},{"type":"Feature","geometry":{"type":"Point","coordinates":[1.53,42.51]},"properties":{"name":"Andorra","iso":"AD","pop":53998,"cap":1,"rank":6}},{"type":"Feature","geometry":{"type":"Point","coordinates":[-16.25,28.47]},"properties":{"name":"Santa Cruz de Tenerife","iso":"ES","pop":336061,"cap":0,"rank":6}},{"type":"Feature","geometry":{"type":"Point","coordinates":[-122.03,36.97]},"properties":{"name":"Santa Cruz","iso":"US","pop":148444,"cap":0,"rank":6}},{"type":"Feature","geometry":{"type":"Point","coordinates":[121.6,23.98]},"properties":{"name":"Hualien","iso":"TW","pop":350468,"cap":0,"rank":6}},{"type":"Feature","geometry":{"type":"Point","coordinates":[121.47,25.01]},"properties":{"name":"New Taipei","iso":"TW","pop":3893740,"cap":0,"rank":5}},{"type":"Feature","geometry":{"type":"Point","coordinates":[120.2,23.0]},"properties":{"name":"Tainan","iso":"TW","pop":1876312,"cap":0,"rank":6}},{"type":"Feature","geometry":{"type":"Point","coordinates":[121.14,22.76]},"properties":{"name":"Taitung","iso":"TW","pop":175000,"cap":0,"rank":6}},{"type":"Feature","geometry":{"type":"Point","coordinates":[176.15,-37.7]},"properties":{"name":"Tauranga","iso":"NZ","pop":121500,"cap":0,"rank":6}},{"type":"Feature","geometry":{"type":"Point","coordinates":[-117.3,34.12]},"properties":{"name":"San Bernardino","iso":"US","pop":1745000,"cap":0,"rank":4}},{"type":"Feature","geometry":{"type":"Point","coordinates":[-73.2,41.18]},"properties":{"name":"Bridgeport","iso":"US","pop":1018000,"cap":0,"rank":4}},{"type":"Feature","geometry":{"type":"Point","coordinates":[-77.62,43.17]},"properties":{"name":"Rochester","iso":"US","pop":755000,"cap":0,"rank":4}},{"type":"Feature","geometry":{"type":"Point","coordinates":[-2.25,53.48]},"properties":{"name":"Manchester","iso":"GB","pop":2230000,"cap":0,"rank":4}},{"type":"Feature","geometry":{"type":"Point","coordinates":[74.18,32.16]},"properties":{"name":"Gujranwala","iso":"PK","pop":1513000,"cap":0,"rank":4}},{"type":"Feature","geometry":{"type":"Point","coordinates":[126.64,37.48]},"properties":{"name":"Incheon","iso":"KR","pop":2550000,"cap":0,"rank":4}},{"type":"Feature","geometry":{"type":"Point","coordinates":[5.62,6.34]},"properties":{"name":"Benin City","iso":"NG","pop":1190000,"cap":0,"rank":4}},{"type":"Feature","geometry":{"type":"Point","coordinates":[118.08,24.45]},"properties":{"name":"Xiamen","iso":"CN","pop":2519000,"cap":0,"rank":4}},{"type":"Feature","geometry":{"type":"Point","coordinates":[106.13,30.78]},"properties":{"name":"Nanchong","iso":"CN","pop":2174000,"cap":0,"rank":4}},{"type":"Feature","geometry":{"type":"Point","coordinates":[105.05,29.58]},"properties":{"name":"Neijiang","iso":"CN","pop":1466000,"cap":0,"rank":4}},{"type":"Feature","geometry":{"type":"Point","coordinates":[112.53,33.0]},"properties":{"name":"Nanyang","iso":"CN","pop":1944000,"cap":0,"rank":4}},{"type":"Feature","geometry":{"type":"Point","coordinates":[120.83,40.75]},"properties":{"name":"Jinxi","iso":"CN","pop":2426000,"cap":0,"rank":4}},{"type":"Feature","geometry":{"type":"Point","coordinates":[121.4,37.53]},"properties":{"name":"Yantai","iso":"CN","pop":2116000,"cap":0,"rank":4}},{"type":"Feature","geometry":{"type":"Point","coordinates":[117.57,34.88]},"properties":{"name":"Zaozhuang","iso":"CN","pop":2145000,"cap":0,"rank":4}},{"type":"Feature","geometry":{"type":"Point","coordinates":[120.62,31.3]},"properties":{"name":"Suzhou","iso":"CN","pop":1650000,"cap":0,"rank":4}},{"type":"Feature","geometry":{"type":"Point","coordinates":[117.18,34.28]},"properties":{"name":"Xuzhou","iso":"CN","pop":2091000,"cap":0,"rank":4}},{"type":"Feature","geometry":{"type":"Point","coordinates":[120.3,31.58]},"properties":{"name":"Wuxi","iso":"CN","pop":1749000,"cap":0,"rank":4}},{"type":"Feature","geometry":{"type":"Point","coordinates":[126.55,43.85]},"properties":{"name":"Jilin","iso":"CN","pop":2396000,"cap":0,"rank":4}},{"type":"Feature","geometry":{"type":"Point","coordinates":[76.78,30.72]},"properties":{"name":"Chandigarh","iso":"IN","pop":979000,"cap":0,"rank":4}},{"type":"Feature","geometry":{"type":"Point","coordinates":[74.84,32.71]},"properties":{"name":"Jammu","iso":"IN","pop":791000,"cap":0,"rank":4}},{"type":"Feature","geometry":{"type":"Point","coordinates":[75.9,17.67]},"properties":{"name":"Sholapur","iso":"IN","pop":1057000,"cap":0,"rank":4}},{"type":"Feature","geometry":{"type":"Point","coordinates":[75.33,19.86]},"properties":{"name":"Aurangabad","iso":"IN","pop":1113000,"cap":0,"rank":4}},{"type":"Feature","geometry":{"type":"Point","coordinates":[73.78,20.0]},"properties":{"name":"Nasik","iso":"IN","pop":1473000,"cap":0,"rank":4}},{"type":"Feature","geometry":{"type":"Point","coordinates":[75.57,31.34]},"properties":{"name":"Jullundur","iso":"IN","pop":855000,"cap":0,"rank":4}},{"type":"Feature","geometry":{"type":"Point","coordinates":[81.84,25.46]},"properties":{"name":"Allahabad","iso":"IN","pop":1201000,"cap":0,"rank":4}},{"type":"Feature","geometry":{"type":"Point","coordinates":[78.75,28.84]},"properties":{"name":"Moradabad","iso":"IN","pop":787000,"cap":0,"rank":4}},{"type":"Feature","geometry":{"type":"Point","coordinates":[77.41,28.66]},"properties":{"name":"Ghaziabad","iso":"IN","pop":1341000,"cap":0,"rank":4}},{"type":"Feature","geometry":{"type":"Point","coordinates":[78.01,27.17]},"properties":{"name":"Agra","iso":"IN","pop":1592000,"cap":0,"rank":4}},{"type":"Feature","geometry":{"type":"Point","coordinates":[78.06,27.89]},"properties":{"name":"Aligarh","iso":"IN","pop":805000,"cap":0,"rank":4}},{"type":"Feature","geometry":{"type":"Point","coordinates":[77.7,29.0]},"properties":{"name":"Meerut","iso":"IN","pop":1398000,"cap":0,"rank":4}},{"type":"Feature","geometry":{"type":"Point","coordinates":[86.42,23.8]},"properties":{"name":"Dhanbad","iso":"IN","pop":1246000,"cap":0,"rank":4}},{"type":"Feature","geometry":{"type":"Point","coordinates":[78.17,26.2]},"properties":{"name":"Gwalior","iso":"IN","pop":978000,"cap":0,"rank":4}},{"type":"Feature","geometry":{"type":"Point","coordinates":[73.18,22.31]},"properties":{"name":"Vadodara","iso":"IN","pop":1756000,"cap":0,"rank":4}},{"type":"Feature","geometry":{"type":"Point","coordinates":[70.8,22.31]},"properties":{"name":"Rajkot","iso":"IN","pop":1260000,"cap":0,"rank":4}},{"type":"Feature","geometry":{"type":"Point","coordinates":[-93.08,44.94]},"properties":{"name":"St.  Paul","iso":"US","pop":734854,"cap":0,"rank":4}},{"type":"Feature","geometry":{"type":"Point","coordinates":[-108.54,45.79]},"properties":{"name":"Billings","iso":"US","pop":104552,"cap":0,"rank":4}},{"type":"Feature","geometry":{"type":"Point","coordinates":[-96.79,46.88]},"properties":{"name":"Fargo","iso":"US","pop":162842,"cap":0,"rank":4}},{"type":"Feature","geometry":{"type":"Point","coordinates":[-122.9,47.04]},"properties":{"name":"Olympia","iso":"US","pop":156984,"cap":0,"rank":4}},{"type":"Feature","geometry":{"type":"Point","coordinates":[-117.42,47.67]},"properties":{"name":"Spokane","iso":"US","pop":347705,"cap":0,"rank":4}},{"type":"Feature","geometry":{"type":"Point","coordinates":[-122.64,45.63]},"properties":{"name":"Vancouver","iso":"US","pop":525802,"cap":0,"rank":4}},{"type":"Feature","geometry":{"type":"Point","coordinates":[-110.89,32.21]},"properties":{"name":"Tucson","iso":"US","pop":823000,"cap":0,"rank":4}},{"type":"Feature","geometry":{"type":"Point","coordinates":[-119.72,34.41]},"properties":{"name":"Santa Barbara","iso":"US","pop":181632,"cap":0,"rank":4}},{"type":"Feature","geometry":{"type":"Point","coordinates":[-119.77,36.75]},"properties":{"name":"Fresno","iso":"US","pop":616353,"cap":0,"rank":4}},{"type":"Feature","geometry":{"type":"Point","coordinates":[-104.79,38.86]},"properties":{"name":"Colorado Springs","iso":"US","pop":493654,"cap":0,"rank":4}},{"type":"Feature","geometry":{"type":"Point","coordinates":[-119.82,39.53]},"properties":{"name":"Reno","iso":"US","pop":328585,"cap":0,"rank":4}},{"type":"Feature","geometry":{"type":"Point","coordinates":[-106.64,35.1]},"properties":{"name":"Albuquerque","iso":"US","pop":898642,"cap":0,"rank":4}},{"type":"Feature","geometry":{"type":"Point","coordinates":[-123.02,44.93]},"properties":{"name":"Salem","iso":"US","pop":229010,"cap":0,"rank":4}},{"type":"Feature","geometry":{"type":"Point","coordinates":[-95.67,39.05]},"properties":{"name":"Topeka","iso":"US","pop":132091,"cap":0,"rank":4}},{"type":"Feature","geometry":{"type":"Point","coordinates":[-94.61,39.11]},"properties":{"name":"Kansas City","iso":"US","pop":1469000,"cap":0,"rank":4}},{"type":"Feature","geometry":{"type":"Point","coordinates":[-95.93,36.12]},"properties":{"name":"Tulsa","iso":"US","pop":946962,"cap":0,"rank":4}},{"type":"Feature","geometry":{"type":"Point","coordinates":[-96.73,43.55]},"properties":{"name":"Sioux Falls","iso":"US","pop":155724,"cap":0,"rank":4}},{"type":"Feature","geometry":{"type":"Point","coordinates":[-93.77,32.5]},"properties":{"name":"Shreveport","iso":"US","pop":248053,"cap":0,"rank":4}},{"type":"Feature","geometry":{"type":"Point","coordinates":[-91.14,30.46]},"properties":{"name":"Baton Rouge","iso":"US","pop":422072,"cap":0,"rank":4}},{"type":"Feature","geometry":{"type":"Point","coordinates":[-97.34,32.74]},"properties":{"name":"Ft.  Worth","iso":"US","pop":1440454,"cap":0,"rank":4}},{"type":"Feature","geometry":{"type":"Point","coordinates":[-97.4,27.74]},"properties":{"name":"Corpus Christi","iso":"US","pop":277454,"cap":0,"rank":4}},{"type":"Feature","geometry":{"type":"Point","coordinates":[-97.74,30.27]},"properties":{"name":"Austin","iso":"US","pop":1161000,"cap":0,"rank":4}},{"type":"Feature","geometry":{"type":"Point","coordinates":[-101.83,35.23]},"properties":{"name":"Amarillo","iso":"US","pop":181766,"cap":0,"rank":4}},{"type":"Feature","geometry":{"type":"Point","coordinates":[-106.51,31.78]},"properties":{"name":"El Paso","iso":"US","pop":753000,"cap":0,"rank":4}},{"type":"Feature","geometry":{"type":"Point","coordinates":[-99.51,27.51]},"properties":{"name":"Laredo","iso":"US","pop":434768,"cap":0,"rank":4}},{"type":"Feature","geometry":{"type":"Point","coordinates":[-71.18,8.57]},"properties":{"name":"M\u00e9rida","iso":"VE","pop":345489,"cap":0,"rank":4}},{"type":"Feature","geometry":{"type":"Point","coordinates":[-86.28,32.36]},"properties":{"name":"Montgomery","iso":"US","pop":198325,"cap":0,"rank":4}},{"type":"Feature","geometry":{"type":"Point","coordinates":[-84.28,30.45]},"properties":{"name":"Tallahassee","iso":"US","pop":221222,"cap":0,"rank":4}},{"type":"Feature","geometry":{"type":"Point","coordinates":[-81.38,28.51]},"properties":{"name":"Orlando","iso":"US","pop":1350000,"cap":0,"rank":4}},{"type":"Feature","geometry":{"type":"Point","coordinates":[-81.67,30.33]},"properties":{"name":"Jacksonville","iso":"US","pop":988000,"cap":0,"rank":4}},{"type":"Feature","geometry":{"type":"Point","coordinates":[-81.11,32.02]},"properties":{"name":"Savannah","iso":"US","pop":180187,"cap":0,"rank":4}},{"type":"Feature","geometry":{"type":"Point","coordinates":[-81.03,34.0]},"properties":{"name":"Columbia","iso":"US","pop":398093,"cap":0,"rank":4}},{"type":"Feature","geometry":{"type":"Point","coordinates":[-86.17,39.75]},"properties":{"name":"Indianapolis","iso":"US","pop":1436000,"cap":0,"rank":4}},{"type":"Feature","geometry":{"type":"Point","coordinates":[-77.95,34.23]},"properties":{"name":"Wilmington","iso":"US","pop":161560,"cap":0,"rank":4}},{"type":"Feature","geometry":{"type":"Point","coordinates":[-83.92,35.97]},"properties":{"name":"Knoxville","iso":"US","pop":655400,"cap":0,"rank":4}},{"type":"Feature","geometry":{"type":"Point","coordinates":[-77.45,37.55]},"properties":{"name":"Richmond","iso":"US","pop":912000,"cap":0,"rank":4}},{"type":"Feature","geometry":{"type":"Point","coordinates":[-81.63,38.35]},"properties":{"name":"Charleston","iso":"US","pop":123799,"cap":0,"rank":4}},{"type":"Feature","geometry":{"type":"Point","coordinates":[-76.61,39.28]},"properties":{"name":"Baltimore","iso":"US","pop":2255000,"cap":0,"rank":4}},{"type":"Feature","geometry":{"type":"Point","coordinates":[-76.15,43.05]},"properties":{"name":"Syracuse","iso":"US","pop":662577,"cap":0,"rank":4}},{"type":"Feature","geometry":{"type":"Point","coordinates":[-61.52,10.65]},"properties":{"name":"Port-of-Spain","iso":"TT","pop":294934,"cap":1,"rank":4}},{"type":"Feature","geometry":{"type":"Point","coordinates":[10.63,35.83]},"properties":{"name":"Sousse","iso":"TN","pop":327004,"cap":0,"rank":4}},{"type":"Feature","geometry":{"type":"Point","coordinates":[44.04,13.61]},"properties":{"name":"Taizz","iso":"YE","pop":751000,"cap":0,"rank":4}},{"type":"Feature","geometry":{"type":"Point","coordinates":[24.03,49.83]},"properties":{"name":"Lviv","iso":"UA","pop":803880,"cap":0,"rank":4}},{"type":"Feature","geometry":{"type":"Point","coordinates":[30.71,46.49]},"properties":{"name":"Odessa","iso":"UA","pop":991000,"cap":0,"rank":4}},{"type":"Feature","geometry":{"type":"Point","coordinates":[28.66,50.25]},"properties":{"name":"Zhytomyr","iso":"UA","pop":282192,"cap":0,"rank":4}},{"type":"Feature","geometry":{"type":"Point","coordinates":[35.0,48.48]},"properties":{"name":"Dnipro","iso":"UA","pop":1050000,"cap":0,"rank":4}},{"type":"Feature","geometry":{"type":"Point","coordinates":[37.83,48.0]},"properties":{"name":"Donetsk","iso":"UA","pop":988000,"cap":0,"rank":4}},{"type":"Feature","geometry":{"type":"Point","coordinates":[36.25,50.0]},"properties":{"name":"Kharkiv","iso":"UA","pop":1461000,"cap":0,"rank":4}},{"type":"Feature","geometry":{"type":"Point","coordinates":[64.43,39.78]},"properties":{"name":"Bukhara","iso":"UZ","pop":319476,"cap":0,"rank":4}},{"type":"Feature","geometry":{"type":"Point","coordinates":[59.62,42.47]},"properties":{"name":"Nukus","iso":"UZ","pop":230006,"cap":0,"rank":4}},{"type":"Feature","geometry":{"type":"Point","coordinates":[63.58,39.11]},"properties":{"name":"T\u00fcrkmenabat","iso":"TM","pop":234817,"cap":0,"rank":4}},{"type":"Feature","geometry":{"type":"Point","coordinates":[61.83,37.6]},"properties":{"name":"Mary","iso":"TM","pop":178708,"cap":0,"rank":4}},{"type":"Feature","geometry":{"type":"Point","coordinates":[72.34,40.79]},"properties":{"name":"Andijan","iso":"UZ","pop":650000,"cap":0,"rank":4}},{"type":"Feature","geometry":{"type":"Point","coordinates":[106.68,20.83]},"properties":{"name":"Haiphong","iso":"VN","pop":1969000,"cap":0,"rank":4}},{"type":"Feature","geometry":{"type":"Point","coordinates":[108.25,16.06]},"properties":{"name":"Da Nang","iso":"VN","pop":1000000,"cap":0,"rank":4}},{"type":"Feature","geometry":{"type":"Point","coordinates":[28.45,-14.44]},"properties":{"name":"Kabwe","iso":"ZM","pop":188979,"cap":0,"rank":4}},{"type":"Feature","geometry":{"type":"Point","coordinates":[28.26,-12.55]},"properties":{"name":"Mufulira","iso":"ZM","pop":153624,"cap":0,"rank":4}},{"type":"Feature","geometry":{"type":"Point","coordinates":[28.22,-12.81]},"properties":{"name":"Kitwe","iso":"ZM","pop":404901,"cap":0,"rank":4}},{"type":"Feature","geometry":{"type":"Point","coordinates":[25.86,-17.86]},"properties":{"name":"Livingstone","iso":"ZM","pop":165480,"cap":0,"rank":4}},{"type":"Feature","geometry":{"type":"Point","coordinates":[31.1,-18.0]},"properties":{"name":"Chitungwiza","iso":"ZW","pop":340360,"cap":0,"rank":4}},{"type":"Feature","geometry":{"type":"Point","coordinates":[9.71,4.06]},"properties":{"name":"Douala","iso":"CM","pop":1906000,"cap":0,"rank":4}},{"type":"Feature","geometry":{"type":"Point","coordinates":[-1.92,52.48]},"properties":{"name":"Birmingham","iso":"GB","pop":2285000,"cap":0,"rank":4}},{"type":"Feature","geometry":{"type":"Point","coordinates":[-5.93,54.59]},"properties":{"name":"Belfast","iso":"GB","pop":450406,"cap":0,"rank":4}},{"type":"Feature","geometry":{"type":"Point","coordinates":[27.15,38.44]},"properties":{"name":"\u0130zmir","iso":"TR","pop":2587000,"cap":0,"rank":4}},{"type":"Feature","geometry":{"type":"Point","coordinates":[29.07,40.2]},"properties":{"name":"Bursa","iso":"TR","pop":1492000,"cap":0,"rank":4}},{"type":"Feature","geometry":{"type":"Point","coordinates":[36.34,41.28]},"properties":{"name":"Samsun","iso":"TR","pop":609339,"cap":0,"rank":4}},{"type":"Feature","geometry":{"type":"Point","coordinates":[32.47,37.88]},"properties":{"name":"Konya","iso":"TR","pop":919000,"cap":0,"rank":4}},{"type":"Feature","geometry":{"type":"Point","coordinates":[35.32,37.0]},"properties":{"name":"Adana","iso":"TR","pop":1293000,"cap":0,"rank":4}},{"type":"Feature","geometry":{"type":"Point","coordinates":[32.28,2.78]},"properties":{"name":"Gulu","iso":"UG","pop":146858,"cap":0,"rank":4}},{"type":"Feature","geometry":{"type":"Point","coordinates":[30.06,-1.95]},"properties":{"name":"Kigali","iso":"RW","pop":860000,"cap":1,"rank":4}},{"type":"Feature","geometry":{"type":"Point","coordinates":[-4.77,37.88]},"properties":{"name":"C\u00f3rdoba","iso":"ES","pop":321376,"cap":0,"rank":4}},{"type":"Feature","geometry":{"type":"Point","coordinates":[7.1,13.49]},"properties":{"name":"Niamey","iso":"NE","pop":232555,"cap":0,"rank":4}},{"type":"Feature","geometry":{"type":"Point","coordinates":[5.26,14.9]},"properties":{"name":"Tahoua","iso":"NE","pop":115956,"cap":0,"rank":4}},{"type":"Feature","geometry":{"type":"Point","coordinates":[28.61,44.2]},"properties":{"name":"Constan\u021ba","iso":"RO","pop":303399,"cap":0,"rank":4}},{"type":"Feature","geometry":{"type":"Point","coordinates":[27.57,47.17]},"properties":{"name":"Ia\u0219i","iso":"RO","pop":325914,"cap":0,"rank":4}},{"type":"Feature","geometry":{"type":"Point","coordinates":[99.34,9.15]},"properties":{"name":"Surat Thani","iso":"TH","pop":157627,"cap":0,"rank":4}},{"type":"Feature","geometry":{"type":"Point","coordinates":[98.98,18.8]},"properties":{"name":"Chiang Mai","iso":"TH","pop":397211,"cap":0,"rank":4}},{"type":"Feature","geometry":{"type":"Point","coordinates":[102.1,15.0]},"properties":{"name":"Nakhon Ratchasima","iso":"TH","pop":334984,"cap":0,"rank":4}},{"type":"Feature","geometry":{"type":"Point","coordinates":[31.13,-26.32]},"properties":{"name":"Mbabane","iso":"SZ","pop":90138,"cap":1,"rank":4}},{"type":"Feature","geometry":{"type":"Point","coordinates":[-80.63,-5.21]},"properties":{"name":"Piura","iso":"PE","pop":396932,"cap":0,"rank":4}},{"type":"Feature","geometry":{"type":"Point","coordinates":[-71.53,-16.42]},"properties":{"name":"Arequipa","iso":"PE","pop":815000,"cap":0,"rank":4}},{"type":"Feature","geometry":{"type":"Point","coordinates":[-78.57,-9.07]},"properties":{"name":"Chimbote","iso":"PE","pop":349846,"cap":0,"rank":4}},{"type":"Feature","geometry":{"type":"Point","coordinates":[-74.53,-8.37]},"properties":{"name":"Pucallpa","iso":"PE","pop":310750,"cap":0,"rank":4}},{"type":"Feature","geometry":{"type":"Point","coordinates":[-73.25,-3.75]},"properties":{"name":"Iquitos","iso":"PE","pop":458729,"cap":0,"rank":4}},{"type":"Feature","geometry":{"type":"Point","coordinates":[-75.2,-12.08]},"properties":{"name":"Huancayo","iso":"PE","pop":412733,"cap":0,"rank":4}},{"type":"Feature","geometry":{"type":"Point","coordinates":[-54.62,-25.52]},"properties":{"name":"Ciudad del Este","iso":"PY","pop":320872,"cap":0,"rank":4}},{"type":"Feature","geometry":{"type":"Point","coordinates":[-8.73,42.22]},"properties":{"name":"Vigo","iso":"ES","pop":378952,"cap":0,"rank":4}},{"type":"Feature","geometry":{"type":"Point","coordinates":[-2.93,43.25]},"properties":{"name":"Bilbao","iso":"ES","pop":875552,"cap":0,"rank":4}},{"type":"Feature","geometry":{"type":"Point","coordinates":[-16.1,14.15]},"properties":{"name":"Kaolack","iso":"SN","pop":277812,"cap":0,"rank":4}},{"type":"Feature","geometry":{"type":"Point","coordinates":[22.44,13.45]},"properties":{"name":"Geneina","iso":"SD","pop":162981,"cap":0,"rank":4}},{"type":"Feature","geometry":{"type":"Point","coordinates":[39.58,24.5]},"properties":{"name":"Medina","iso":"SA","pop":1010000,"cap":0,"rank":4}},{"type":"Feature","geometry":{"type":"Point","coordinates":[36.55,28.38]},"properties":{"name":"Tabuk","iso":"SA","pop":547957,"cap":0,"rank":4}},{"type":"Feature","geometry":{"type":"Point","coordinates":[31.58,4.83]},"properties":{"name":"Juba","iso":"SS","pop":111975,"cap":0,"rank":4}},{"type":"Feature","geometry":{"type":"Point","coordinates":[31.66,9.54]},"properties":{"name":"Malakal","iso":"SS","pop":160765,"cap":0,"rank":4}},{"type":"Feature","geometry":{"type":"Point","coordinates":[32.48,15.62]},"properties":{"name":"Omdurman","iso":"SD","pop":2395159,"cap":0,"rank":4}},{"type":"Feature","geometry":{"type":"Point","coordinates":[30.22,13.18]},"properties":{"name":"Al-Ubayyid","iso":"SD","pop":393311,"cap":0,"rank":4}},{"type":"Feature","geometry":{"type":"Point","coordinates":[4.27,52.08]},"properties":{"name":"The Hague","iso":"NL","pop":1406000,"cap":0,"rank":4}},{"type":"Feature","geometry":{"type":"Point","coordinates":[14.51,46.06]},"properties":{"name":"Ljubljana","iso":"SI","pop":314807,"cap":1,"rank":4}},{"type":"Feature","geometry":{"type":"Point","coordinates":[17.12,48.15]},"properties":{"name":"Bratislava","iso":"SK","pop":423737,"cap":1,"rank":4}},{"type":"Feature","geometry":{"type":"Point","coordinates":[51.53,25.29]},"properties":{"name":"Doha","iso":"QA","pop":1450000,"cap":1,"rank":4}},{"type":"Feature","geometry":{"type":"Point","coordinates":[67.02,30.22]},"properties":{"name":"Quetta","iso":"PK","pop":768000,"cap":0,"rank":4}},{"type":"Feature","geometry":{"type":"Point","coordinates":[68.21,27.56]},"properties":{"name":"Larkana","iso":"PK","pop":364033,"cap":0,"rank":4}},{"type":"Feature","geometry":{"type":"Point","coordinates":[19.44,-33.64]},"properties":{"name":"Worcester","iso":"ZA","pop":127597,"cap":0,"rank":4}},{"type":"Feature","geometry":{"type":"Point","coordinates":[22.45,-33.95]},"properties":{"name":"George","iso":"ZA","pop":174582,"cap":0,"rank":4}},{"type":"Feature","geometry":{"type":"Point","coordinates":[33.58,-16.17]},"properties":{"name":"Tete","iso":"MZ","pop":129316,"cap":0,"rank":4}},{"type":"Feature","geometry":{"type":"Point","coordinates":[40.53,-12.98]},"properties":{"name":"Pemba","iso":"MZ","pop":110643,"cap":0,"rank":4}},{"type":"Feature","geometry":{"type":"Point","coordinates":[39.29,-15.14]},"properties":{"name":"Nampula","iso":"MZ","pop":388526,"cap":0,"rank":4}},{"type":"Feature","geometry":{"type":"Point","coordinates":[26.73,-27.97]},"properties":{"name":"Welkom","iso":"ZA","pop":431944,"cap":0,"rank":4}},{"type":"Feature","geometry":{"type":"Point","coordinates":[33.64,-25.04]},"properties":{"name":"Xai-Xai","iso":"MZ","pop":128805,"cap":0,"rank":4}},{"type":"Feature","geometry":{"type":"Point","coordinates":[146.99,-6.73]},"properties":{"name":"Lae","iso":"PG","pop":131052,"cap":0,"rank":4}},{"type":"Feature","geometry":{"type":"Point","coordinates":[-82.43,8.43]},"properties":{"name":"David","iso":"PA","pop":110037,"cap":0,"rank":4}},{"type":"Feature","geometry":{"type":"Point","coordinates":[-1.91,34.69]},"properties":{"name":"Oujda","iso":"MA","pop":409391,"cap":0,"rank":4}},{"type":"Feature","geometry":{"type":"Point","coordinates":[-9.24,32.32]},"properties":{"name":"Safi","iso":"MA","pop":353476,"cap":0,"rank":4}},{"type":"Feature","geometry":{"type":"Point","coordinates":[19.27,42.47]},"properties":{"name":"Podgorica","iso":"ME","pop":145850,"cap":1,"rank":4}},{"type":"Feature","geometry":{"type":"Point","coordinates":[36.89,-17.88]},"properties":{"name":"Quelimane","iso":"MZ","pop":188964,"cap":0,"rank":4}},{"type":"Feature","geometry":{"type":"Point","coordinates":[27.87,-32.97]},"properties":{"name":"East London","iso":"ZA","pop":338627,"cap":0,"rank":4}},{"type":"Feature","geometry":{"type":"Point","coordinates":[43.62,43.5]},"properties":{"name":"Nalchik","iso":"RU","pop":307866,"cap":0,"rank":4}},{"type":"Feature","geometry":{"type":"Point","coordinates":[41.98,45.05]},"properties":{"name":"Stavropol","iso":"RU","pop":363064,"cap":0,"rank":4}},{"type":"Feature","geometry":{"type":"Point","coordinates":[20.5,54.7]},"properties":{"name":"Kaliningrad","iso":"RU","pop":434954,"cap":0,"rank":4}},{"type":"Feature","geometry":{"type":"Point","coordinates":[28.33,57.83]},"properties":{"name":"Pskov","iso":"RU","pop":201990,"cap":0,"rank":4}},{"type":"Feature","geometry":{"type":"Point","coordinates":[34.43,53.26]},"properties":{"name":"Bryansk","iso":"RU","pop":427236,"cap":0,"rank":4}},{"type":"Feature","geometry":{"type":"Point","coordinates":[32.05,54.78]},"properties":{"name":"Smolensk","iso":"RU","pop":320991,"cap":0,"rank":4}},{"type":"Feature","geometry":{"type":"Point","coordinates":[34.36,61.78]},"properties":{"name":"Petrozavodsk","iso":"RU","pop":265025,"cap":0,"rank":4}},{"type":"Feature","geometry":{"type":"Point","coordinates":[35.89,56.86]},"properties":{"name":"Tver","iso":"RU","pop":400212,"cap":0,"rank":4}},{"type":"Feature","geometry":{"type":"Point","coordinates":[39.92,59.21]},"properties":{"name":"Vologda","iso":"RU","pop":294889,"cap":0,"rank":4}},{"type":"Feature","geometry":{"type":"Point","coordinates":[39.87,57.62]},"properties":{"name":"Yaroslavl","iso":"RU","pop":606730,"cap":0,"rank":4}},{"type":"Feature","geometry":{"type":"Point","coordinates":[39.71,47.24]},"properties":{"name":"Rostov","iso":"RU","pop":1052000,"cap":0,"rank":4}},{"type":"Feature","geometry":{"type":"Point","coordinates":[39.73,43.59]},"properties":{"name":"Sochi","iso":"RU","pop":327608,"cap":0,"rank":4}},{"type":"Feature","geometry":{"type":"Point","coordinates":[39.0,45.02]},"properties":{"name":"Krasnodar","iso":"RU","pop":649851,"cap":0,"rank":4}},{"type":"Feature","geometry":{"type":"Point","coordinates":[45.0,53.18]},"properties":{"name":"Penza","iso":"RU","pop":512602,"cap":0,"rank":4}},{"type":"Feature","geometry":{"type":"Point","coordinates":[39.72,54.62]},"properties":{"name":"Ryazan","iso":"RU","pop":520173,"cap":0,"rank":4}},{"type":"Feature","geometry":{"type":"Point","coordinates":[39.19,51.67]},"properties":{"name":"Voronezh","iso":"RU","pop":844000,"cap":0,"rank":4}},{"type":"Feature","geometry":{"type":"Point","coordinates":[58.98,53.42]},"properties":{"name":"Magnitogorsk","iso":"RU","pop":413351,"cap":0,"rank":4}},{"type":"Feature","geometry":{"type":"Point","coordinates":[61.44,55.16]},"properties":{"name":"Chelyabinsk","iso":"RU","pop":1091000,"cap":0,"rank":4}},{"type":"Feature","geometry":{"type":"Point","coordinates":[49.67,58.59]},"properties":{"name":"Kirov","iso":"RU","pop":457437,"cap":0,"rank":4}},{"type":"Feature","geometry":{"type":"Point","coordinates":[59.97,57.92]},"properties":{"name":"Nizhny Tagil","iso":"RU","pop":381116,"cap":0,"rank":4}},{"type":"Feature","geometry":{"type":"Point","coordinates":[48.05,46.35]},"properties":{"name":"Astrakhan","iso":"RU","pop":502533,"cap":0,"rank":4}},{"type":"Feature","geometry":{"type":"Point","coordinates":[55.11,51.78]},"properties":{"name":"Orenburg","iso":"RU","pop":550204,"cap":0,"rank":4}},{"type":"Feature","geometry":{"type":"Point","coordinates":[46.03,51.58]},"properties":{"name":"Saratov","iso":"RU","pop":843000,"cap":0,"rank":4}},{"type":"Feature","geometry":{"type":"Point","coordinates":[48.41,54.33]},"properties":{"name":"Ulyanovsk","iso":"RU","pop":640680,"cap":0,"rank":4}},{"type":"Feature","geometry":{"type":"Point","coordinates":[73.4,54.99]},"properties":{"name":"Omsk","iso":"RU","pop":1135000,"cap":0,"rank":4}},{"type":"Feature","geometry":{"type":"Point","coordinates":[65.53,57.14]},"properties":{"name":"Tyumen","iso":"RU","pop":519119,"cap":0,"rank":4}},{"type":"Feature","geometry":{"type":"Point","coordinates":[87.11,53.75]},"properties":{"name":"Novokuznetsk","iso":"RU","pop":539616,"cap":0,"rank":4}},{"type":"Feature","geometry":{"type":"Point","coordinates":[86.09,55.34]},"properties":{"name":"Kemerovo","iso":"RU","pop":477090,"cap":0,"rank":4}},{"type":"Feature","geometry":{"type":"Point","coordinates":[45.7,43.32]},"properties":{"name":"Grozny","iso":"RU","pop":226100,"cap":0,"rank":4}},{"type":"Feature","geometry":{"type":"Point","coordinates":[80.67,7.28]},"properties":{"name":"Kandy","iso":"LK","pop":111701,"cap":0,"rank":4}},{"type":"Feature","geometry":{"type":"Point","coordinates":[79.95,6.9]},"properties":{"name":"Sri Jayawardenepura Kotte","iso":"LK","pop":115826,"cap":0,"rank":4}},{"type":"Feature","geometry":{"type":"Point","coordinates":[127.42,36.34]},"properties":{"name":"Daejeon","iso":"KR","pop":1468000,"cap":0,"rank":4}},{"type":"Feature","geometry":{"type":"Point","coordinates":[126.91,35.17]},"properties":{"name":"Gwangju","iso":"KR","pop":1440000,"cap":0,"rank":4}},{"type":"Feature","geometry":{"type":"Point","coordinates":[129.01,35.1]},"properties":{"name":"Busan","iso":"KR","pop":3480000,"cap":0,"rank":4}},{"type":"Feature","geometry":{"type":"Point","coordinates":[122.08,6.92]},"properties":{"name":"Zamboanga","iso":"PH","pop":773000,"cap":0,"rank":4}},{"type":"Feature","geometry":{"type":"Point","coordinates":[120.59,18.2]},"properties":{"name":"Laoag","iso":"PH","pop":207048,"cap":0,"rank":4}},{"type":"Feature","geometry":{"type":"Point","coordinates":[120.57,16.43]},"properties":{"name":"Baguio","iso":"PH","pop":447824,"cap":0,"rank":4}},{"type":"Feature","geometry":{"type":"Point","coordinates":[125.17,6.11]},"properties":{"name":"General Santos","iso":"PH","pop":950530,"cap":0,"rank":4}},{"type":"Feature","geometry":{"type":"Point","coordinates":[102.63,57.99]},"properties":{"name":"Ust-Ilimsk","iso":"RU","pop":100271,"cap":0,"rank":4}},{"type":"Feature","geometry":{"type":"Point","coordinates":[103.92,52.56]},"properties":{"name":"Angarsk","iso":"RU","pop":243158,"cap":0,"rank":4}},{"type":"Feature","geometry":{"type":"Point","coordinates":[91.45,53.7]},"properties":{"name":"Abakan","iso":"RU","pop":167289,"cap":0,"rank":4}},{"type":"Feature","geometry":{"type":"Point","coordinates":[88.22,69.34]},"properties":{"name":"Norilsk","iso":"RU","pop":165873,"cap":0,"rank":4}},{"type":"Feature","geometry":{"type":"Point","coordinates":[94.38,51.71]},"properties":{"name":"Kyzyl","iso":"RU","pop":108240,"cap":0,"rank":4}},{"type":"Feature","geometry":{"type":"Point","coordinates":[107.62,51.82]},"properties":{"name":"Ulan-Ude","iso":"RU","pop":360278,"cap":0,"rank":4}},{"type":"Feature","geometry":{"type":"Point","coordinates":[127.53,50.27]},"properties":{"name":"Blagoveshchensk","iso":"RU","pop":221296,"cap":0,"rank":4}},{"type":"Feature","geometry":{"type":"Point","coordinates":[135.12,48.45]},"properties":{"name":"Khabarovsk","iso":"RU","pop":579000,"cap":0,"rank":4}},{"type":"Feature","geometry":{"type":"Point","coordinates":[142.74,46.96]},"properties":{"name":"Yuzhno Sakhalinsk","iso":"RU","pop":176484,"cap":0,"rank":4}},{"type":"Feature","geometry":{"type":"Point","coordinates":[-115.48,32.65]},"properties":{"name":"Mexicali","iso":"MX","pop":885000,"cap":0,"rank":4}},{"type":"Feature","geometry":{"type":"Point","coordinates":[-110.32,24.14]},"properties":{"name":"La Paz","iso":"MX","pop":189767,"cap":0,"rank":4}},{"type":"Feature","geometry":{"type":"Point","coordinates":[-103.42,25.57]},"properties":{"name":"Torre\u00f3n","iso":"MX","pop":1144000,"cap":0,"rank":4}},{"type":"Feature","geometry":{"type":"Point","coordinates":[-107.38,24.83]},"properties":{"name":"Culiac\u00e1n","iso":"MX","pop":809000,"cap":0,"rank":4}},{"type":"Feature","geometry":{"type":"Point","coordinates":[-110.94,31.3]},"properties":{"name":"Nogales","iso":"MX","pop":178097,"cap":0,"rank":4}},{"type":"Feature","geometry":{"type":"Point","coordinates":[-110.95,29.1]},"properties":{"name":"Hermosillo","iso":"MX","pop":595811,"cap":0,"rank":4}},{"type":"Feature","geometry":{"type":"Point","coordinates":[-110.89,27.93]},"properties":{"name":"Guaymas","iso":"MX","pop":103449,"cap":0,"rank":4}},{"type":"Feature","geometry":{"type":"Point","coordinates":[-101.0,22.17]},"properties":{"name":"San Luis Potos\u00ed","iso":"MX","pop":992000,"cap":0,"rank":4}},{"type":"Feature","geometry":{"type":"Point","coordinates":[-97.5,25.88]},"properties":{"name":"Matamoros","iso":"MX","pop":538785,"cap":0,"rank":4}},{"type":"Feature","geometry":{"type":"Point","coordinates":[-99.55,27.5]},"properties":{"name":"Nuevo Laredo","iso":"MX","pop":349550,"cap":0,"rank":4}},{"type":"Feature","geometry":{"type":"Point","coordinates":[-103.72,19.23]},"properties":{"name":"Colima","iso":"MX","pop":223287,"cap":0,"rank":4}},{"type":"Feature","geometry":{"type":"Point","coordinates":[-90.5,19.83]},"properties":{"name":"Campeche","iso":"MX","pop":205212,"cap":0,"rank":4}},{"type":"Feature","geometry":{"type":"Point","coordinates":[-96.67,17.08]},"properties":{"name":"Oaxaca","iso":"MX","pop":530728,"cap":0,"rank":4}},{"type":"Feature","geometry":{"type":"Point","coordinates":[-101.7,21.15]},"properties":{"name":"Le\u00f3n","iso":"MX","pop":1488000,"cap":0,"rank":4}},{"type":"Feature","geometry":{"type":"Point","coordinates":[13.16,11.85]},"properties":{"name":"Maiduguri","iso":"NG","pop":896000,"cap":0,"rank":4}},{"type":"Feature","geometry":{"type":"Point","coordinates":[7.01,4.81]},"properties":{"name":"Port Harcourt","iso":"NG","pop":1020000,"cap":0,"rank":4}},{"type":"Feature","geometry":{"type":"Point","coordinates":[8.53,7.73]},"properties":{"name":"Makurdi","iso":"NG","pop":292645,"cap":0,"rank":4}},{"type":"Feature","geometry":{"type":"Point","coordinates":[3.93,7.38]},"properties":{"name":"Ibadan","iso":"NG","pop":2628000,"cap":0,"rank":4}},{"type":"Feature","geometry":{"type":"Point","coordinates":[4.24,8.13]},"properties":{"name":"Ogbomosho","iso":"NG","pop":951000,"cap":0,"rank":4}},{"type":"Feature","geometry":{"type":"Point","coordinates":[5.76,5.52]},"properties":{"name":"Warri","iso":"NG","pop":830106,"cap":0,"rank":4}},{"type":"Feature","geometry":{"type":"Point","coordinates":[7.44,10.52]},"properties":{"name":"Kaduna","iso":"NG","pop":1442000,"cap":0,"rank":4}},{"type":"Feature","geometry":{"type":"Point","coordinates":[18.64,54.36]},"properties":{"name":"Gda\u0144sk","iso":"PL","pop":740000,"cap":0,"rank":4}},{"type":"Feature","geometry":{"type":"Point","coordinates":[19.96,50.06]},"properties":{"name":"Krak\u00f3w","iso":"PL","pop":756000,"cap":0,"rank":4}},{"type":"Feature","geometry":{"type":"Point","coordinates":[127.43,39.16]},"properties":{"name":"Wonsan","iso":"KP","pop":329207,"cap":0,"rank":4}},{"type":"Feature","geometry":{"type":"Point","coordinates":[124.42,40.09]},"properties":{"name":"Sinuiju","iso":"KP","pop":288112,"cap":0,"rank":4}},{"type":"Feature","geometry":{"type":"Point","coordinates":[32.93,-2.52]},"properties":{"name":"Mwanza","iso":"TZ","pop":493944,"cap":0,"rank":4}},{"type":"Feature","geometry":{"type":"Point","coordinates":[37.66,-6.82]},"properties":{"name":"Morogoro","iso":"TZ","pop":250902,"cap":0,"rank":4}},{"type":"Feature","geometry":{"type":"Point","coordinates":[35.75,-6.18]},"properties":{"name":"Dodoma","iso":"TZ","pop":218269,"cap":0,"rank":4}},{"type":"Feature","geometry":{"type":"Point","coordinates":[36.67,-3.36]},"properties":{"name":"Arusha","iso":"TZ","pop":341136,"cap":0,"rank":4}},{"type":"Feature","geometry":{"type":"Point","coordinates":[7.47,46.92]},"properties":{"name":"Bern","iso":"CH","pop":275329,"cap":1,"rank":4}},{"type":"Feature","geometry":{"type":"Point","coordinates":[13.02,55.6]},"properties":{"name":"Malm\u00f6","iso":"SE","pop":269349,"cap":0,"rank":4}},{"type":"Feature","geometry":{"type":"Point","coordinates":[-13.2,27.15]},"properties":{"name":"Laayoune","iso":"MA","pop":188084,"cap":0,"rank":4}},{"type":"Feature","geometry":{"type":"Point","coordinates":[127.36,0.79]},"properties":{"name":"Ternate","iso":"ID","pop":187521,"cap":0,"rank":4}},{"type":"Feature","geometry":{"type":"Point","coordinates":[128.2,-3.72]},"properties":{"name":"Ambon","iso":"ID","pop":355596,"cap":0,"rank":4}},{"type":"Feature","geometry":{"type":"Point","coordinates":[118.77,-8.45]},"properties":{"name":"Raba","iso":"ID","pop":106101,"cap":0,"rank":4}},{"type":"Feature","geometry":{"type":"Point","coordinates":[140.7,-2.53]},"properties":{"name":"Jayapura","iso":"ID","pop":169341,"cap":0,"rank":4}},{"type":"Feature","geometry":{"type":"Point","coordinates":[11.25,43.78]},"properties":{"name":"Florence","iso":"IT","pop":1500000,"cap":0,"rank":4}},{"type":"Feature","geometry":{"type":"Point","coordinates":[15.08,37.5]},"properties":{"name":"Catania","iso":"IT","pop":674542,"cap":0,"rank":4}},{"type":"Feature","geometry":{"type":"Point","coordinates":[21.17,42.67]},"properties":{"name":"Pristina","iso":"-99","pop":465186,"cap":1,"rank":4}},{"type":"Feature","geometry":{"type":"Point","coordinates":[35.27,0.52]},"properties":{"name":"Eldoret","iso":"KE","pop":353381,"cap":0,"rank":4}},{"type":"Feature","geometry":{"type":"Point","coordinates":[95.32,5.55]},"properties":{"name":"Banda Aceh","iso":"ID","pop":513698,"cap":0,"rank":4}},{"type":"Feature","geometry":{"type":"Point","coordinates":[100.33,5.41]},"properties":{"name":"George Town","iso":"MY","pop":2500000,"cap":0,"rank":4}},{"type":"Feature","geometry":{"type":"Point","coordinates":[100.45,38.93]},"properties":{"name":"Zhangye","iso":"CN","pop":230728,"cap":0,"rank":4}},{"type":"Feature","geometry":{"type":"Point","coordinates":[102.64,37.93]},"properties":{"name":"Wuwei","iso":"CN","pop":493092,"cap":0,"rank":4}},{"type":"Feature","geometry":{"type":"Point","coordinates":[94.66,40.14]},"properties":{"name":"Dunhuang","iso":"CN","pop":140094,"cap":0,"rank":4}},{"type":"Feature","geometry":{"type":"Point","coordinates":[105.92,34.6]},"properties":{"name":"Tianshui","iso":"CN","pop":1225000,"cap":0,"rank":4}},{"type":"Feature","geometry":{"type":"Point","coordinates":[94.88,36.42]},"properties":{"name":"Golmud","iso":"CN","pop":107092,"cap":0,"rank":4}},{"type":"Feature","geometry":{"type":"Point","coordinates":[110.15,22.63]},"properties":{"name":"Yulin","iso":"CN","pop":1127000,"cap":0,"rank":4}},{"type":"Feature","geometry":{"type":"Point","coordinates":[106.61,23.9]},"properties":{"name":"Bose","iso":"CN","pop":175282,"cap":0,"rank":4}},{"type":"Feature","geometry":{"type":"Point","coordinates":[111.32,23.48]},"properties":{"name":"Wuzhou","iso":"CN","pop":442315,"cap":0,"rank":4}},{"type":"Feature","geometry":{"type":"Point","coordinates":[104.83,26.6]},"properties":{"name":"Liupanshui","iso":"CN","pop":1221000,"cap":0,"rank":4}},{"type":"Feature","geometry":{"type":"Point","coordinates":[118.58,24.9]},"properties":{"name":"Quanzhou","iso":"CN","pop":1463000,"cap":0,"rank":4}},{"type":"Feature","geometry":{"type":"Point","coordinates":[117.28,31.85]},"properties":{"name":"Hefei","iso":"CN","pop":2035000,"cap":0,"rank":4}},{"type":"Feature","geometry":{"type":"Point","coordinates":[116.98,33.64]},"properties":{"name":"Suzhou","iso":"CN","pop":1964000,"cap":0,"rank":4}},{"type":"Feature","geometry":{"type":"Point","coordinates":[110.38,21.2]},"properties":{"name":"Zhanjiang","iso":"CN","pop":1590000,"cap":0,"rank":4}},{"type":"Feature","geometry":{"type":"Point","coordinates":[113.58,24.8]},"properties":{"name":"Shaoguan","iso":"CN","pop":720266,"cap":0,"rank":4}},{"type":"Feature","geometry":{"type":"Point","coordinates":[116.83,-1.25]},"properties":{"name":"Balikpapan","iso":"ID","pop":445905,"cap":0,"rank":4}},{"type":"Feature","geometry":{"type":"Point","coordinates":[110.33,1.53]},"properties":{"name":"Kuching","iso":"MY","pop":570407,"cap":0,"rank":4}},{"type":"Feature","geometry":{"type":"Point","coordinates":[47.08,-21.43]},"properties":{"name":"Fianarantsoa","iso":"MG","pop":184184,"cap":0,"rank":4}},{"type":"Feature","geometry":{"type":"Point","coordinates":[46.35,-15.67]},"properties":{"name":"Mahajanga","iso":"MG","pop":154657,"cap":0,"rank":4}},{"type":"Feature","geometry":{"type":"Point","coordinates":[43.69,-23.36]},"properties":{"name":"Toliara","iso":"MG","pop":115319,"cap":0,"rank":4}},{"type":"Feature","geometry":{"type":"Point","coordinates":[110.83,-7.56]},"properties":{"name":"Surakarta","iso":"ID","pop":555308,"cap":0,"rank":4}},{"type":"Feature","geometry":{"type":"Point","coordinates":[105.27,-5.43]},"properties":{"name":"Bandar Lampung","iso":"ID","pop":865000,"cap":0,"rank":4}},{"type":"Feature","geometry":{"type":"Point","coordinates":[112.61,-7.98]},"properties":{"name":"Malang","iso":"ID","pop":805000,"cap":0,"rank":4}},{"type":"Feature","geometry":{"type":"Point","coordinates":[123.58,-10.18]},"properties":{"name":"Kupang","iso":"ID","pop":282396,"cap":0,"rank":4}},{"type":"Feature","geometry":{"type":"Point","coordinates":[-79.0,-2.9]},"properties":{"name":"Cuenca","iso":"EC","pop":286878,"cap":0,"rank":4}},{"type":"Feature","geometry":{"type":"Point","coordinates":[-75.82,20.03]},"properties":{"name":"Santiago de Cuba","iso":"CU","pop":555865,"cap":0,"rank":4}},{"type":"Feature","geometry":{"type":"Point","coordinates":[-70.67,19.5]},"properties":{"name":"Santiago","iso":"DO","pop":1550753,"cap":0,"rank":4}},{"type":"Feature","geometry":{"type":"Point","coordinates":[-75.52,5.06]},"properties":{"name":"Manizales","iso":"CO","pop":375848,"cap":0,"rank":4}},{"type":"Feature","geometry":{"type":"Point","coordinates":[-77.28,1.21]},"properties":{"name":"Pasto","iso":"CO","pop":382236,"cap":0,"rank":4}},{"type":"Feature","geometry":{"type":"Point","coordinates":[-74.8,10.96]},"properties":{"name":"Barranquilla","iso":"CO","pop":1798000,"cap":0,"rank":4}},{"type":"Feature","geometry":{"type":"Point","coordinates":[-61.39,15.3]},"properties":{"name":"Roseau","iso":"DM","pop":23336,"cap":1,"rank":4}},{"type":"Feature","geometry":{"type":"Point","coordinates":[18.26,0.04]},"properties":{"name":"Mbandaka","iso":"CD","pop":274996,"cap":0,"rank":4}},{"type":"Feature","geometry":{"type":"Point","coordinates":[16.09,8.55]},"properties":{"name":"Moundou","iso":"TD","pop":156705,"cap":0,"rank":4}},{"type":"Feature","geometry":{"type":"Point","coordinates":[32.55,30.0]},"properties":{"name":"Suez","iso":"EG","pop":508335,"cap":0,"rank":4}},{"type":"Feature","geometry":{"type":"Point","coordinates":[32.29,31.26]},"properties":{"name":"Bur Said","iso":"EG","pop":623864,"cap":0,"rank":4}},{"type":"Feature","geometry":{"type":"Point","coordinates":[30.84,29.31]},"properties":{"name":"El Faiyum","iso":"EG","pop":316772,"cap":0,"rank":4}},{"type":"Feature","geometry":{"type":"Point","coordinates":[32.9,24.09]},"properties":{"name":"Aswan","iso":"EG","pop":313442,"cap":0,"rank":4}},{"type":"Feature","geometry":{"type":"Point","coordinates":[31.18,27.19]},"properties":{"name":"Asyut","iso":"EG","pop":420585,"cap":0,"rank":4}},{"type":"Feature","geometry":{"type":"Point","coordinates":[25.22,0.52]},"properties":{"name":"Kisangani","iso":"CD","pop":578470,"cap":0,"rank":4}},{"type":"Feature","geometry":{"type":"Point","coordinates":[42.73,13.01]},"properties":{"name":"Assab","iso":"ER","pop":105496,"cap":0,"rank":4}},{"type":"Feature","geometry":{"type":"Point","coordinates":[43.15,11.6]},"properties":{"name":"Djibouti","iso":"DJ","pop":923000,"cap":1,"rank":4}},{"type":"Feature","geometry":{"type":"Point","coordinates":[13.75,51.05]},"properties":{"name":"Dresden","iso":"DE","pop":617515,"cap":0,"rank":4}},{"type":"Feature","geometry":{"type":"Point","coordinates":[77.25,38.43]},"properties":{"name":"Shache","iso":"CN","pop":851374,"cap":0,"rank":4}},{"type":"Feature","geometry":{"type":"Point","coordinates":[81.35,43.9]},"properties":{"name":"Yining","iso":"CN","pop":542507,"cap":0,"rank":4}},{"type":"Feature","geometry":{"type":"Point","coordinates":[88.12,47.87]},"properties":{"name":"Altay","iso":"CN","pop":142000,"cap":0,"rank":4}},{"type":"Feature","geometry":{"type":"Point","coordinates":[106.77,39.23]},"properties":{"name":"Shizuishan","iso":"CN","pop":136570,"cap":0,"rank":4}},{"type":"Feature","geometry":{"type":"Point","coordinates":[109.73,38.28]},"properties":{"name":"Yulin","iso":"CN","pop":155960,"cap":0,"rank":4}},{"type":"Feature","geometry":{"type":"Point","coordinates":[109.02,32.68]},"properties":{"name":"Ankang","iso":"CN","pop":1100000,"cap":0,"rank":4}},{"type":"Feature","geometry":{"type":"Point","coordinates":[111.21,35.62]},"properties":{"name":"Houma","iso":"CN","pop":102400,"cap":0,"rank":4}},{"type":"Feature","geometry":{"type":"Point","coordinates":[113.1,29.38]},"properties":{"name":"Yueyang","iso":"CN","pop":826000,"cap":0,"rank":4}},{"type":"Feature","geometry":{"type":"Point","coordinates":[112.59,26.88]},"properties":{"name":"Hengyang","iso":"CN","pop":1016000,"cap":0,"rank":4}},{"type":"Feature","geometry":{"type":"Point","coordinates":[104.69,31.46]},"properties":{"name":"Mianyang","iso":"CN","pop":1396000,"cap":0,"rank":4}},{"type":"Feature","geometry":{"type":"Point","coordinates":[102.3,27.88]},"properties":{"name":"Xichang","iso":"CN","pop":379993,"cap":0,"rank":4}},{"type":"Feature","geometry":{"type":"Point","coordinates":[99.15,25.12]},"properties":{"name":"Baoshan","iso":"CN","pop":1000000,"cap":0,"rank":4}},{"type":"Feature","geometry":{"type":"Point","coordinates":[103.15,23.38]},"properties":{"name":"Gejiu","iso":"CN","pop":149105,"cap":0,"rank":4}},{"type":"Feature","geometry":{"type":"Point","coordinates":[114.48,38.05]},"properties":{"name":"Shijiazhuang","iso":"CN","pop":2417000,"cap":0,"rank":4}},{"type":"Feature","geometry":{"type":"Point","coordinates":[114.48,36.58]},"properties":{"name":"Handan","iso":"CN","pop":1631000,"cap":0,"rank":4}},{"type":"Feature","geometry":{"type":"Point","coordinates":[122.94,41.12]},"properties":{"name":"Anshan","iso":"CN","pop":1639000,"cap":0,"rank":4}},{"type":"Feature","geometry":{"type":"Point","coordinates":[121.63,38.92]},"properties":{"name":"Dalian","iso":"CN","pop":3167000,"cap":0,"rank":4}},{"type":"Feature","geometry":{"type":"Point","coordinates":[120.33,36.09]},"properties":{"name":"Qingdao","iso":"CN","pop":2866000,"cap":0,"rank":4}},{"type":"Feature","geometry":{"type":"Point","coordinates":[118.33,35.08]},"properties":{"name":"Linyi","iso":"CN","pop":2082000,"cap":0,"rank":4}},{"type":"Feature","geometry":{"type":"Point","coordinates":[119.07,33.59]},"properties":{"name":"Huaiyin","iso":"CN","pop":1264000,"cap":0,"rank":4}},{"type":"Feature","geometry":{"type":"Point","coordinates":[120.65,28.02]},"properties":{"name":"Wenzhou","iso":"CN","pop":2350000,"cap":0,"rank":4}},{"type":"Feature","geometry":{"type":"Point","coordinates":[121.55,29.88]},"properties":{"name":"Ningbo","iso":"CN","pop":1923000,"cap":0,"rank":4}},{"type":"Feature","geometry":{"type":"Point","coordinates":[130.41,33.6]},"properties":{"name":"Fukuoka","iso":"JP","pop":2792000,"cap":0,"rank":4}},{"type":"Feature","geometry":{"type":"Point","coordinates":[131.42,31.92]},"properties":{"name":"Miyazaki","iso":"JP","pop":324384,"cap":0,"rank":4}},{"type":"Feature","geometry":{"type":"Point","coordinates":[127.67,26.21]},"properties":{"name":"Naha","iso":"JP","pop":905238,"cap":0,"rank":4}},{"type":"Feature","geometry":{"type":"Point","coordinates":[133.54,33.56]},"properties":{"name":"K\u014dchi","iso":"JP","pop":335570,"cap":0,"rank":4}},{"type":"Feature","geometry":{"type":"Point","coordinates":[123.07,0.55]},"properties":{"name":"Gorontalo","iso":"ID","pop":365497,"cap":0,"rank":4}},{"type":"Feature","geometry":{"type":"Point","coordinates":[122.27,43.62]},"properties":{"name":"Tongliao","iso":"CN","pop":884000,"cap":0,"rank":4}},{"type":"Feature","geometry":{"type":"Point","coordinates":[111.66,40.82]},"properties":{"name":"Hohhot","iso":"CN","pop":1726000,"cap":0,"rank":4}},{"type":"Feature","geometry":{"type":"Point","coordinates":[118.95,42.27]},"properties":{"name":"Chifeng","iso":"CN","pop":1277000,"cap":0,"rank":4}},{"type":"Feature","geometry":{"type":"Point","coordinates":[122.08,46.08]},"properties":{"name":"Ulan Hot","iso":"CN","pop":241894,"cap":0,"rank":4}},{"type":"Feature","geometry":{"type":"Point","coordinates":[119.7,49.2]},"properties":{"name":"Hailar","iso":"CN","pop":231171,"cap":0,"rank":4}},{"type":"Feature","geometry":{"type":"Point","coordinates":[130.35,46.83]},"properties":{"name":"Jiamusi","iso":"CN","pop":1020000,"cap":0,"rank":4}},{"type":"Feature","geometry":{"type":"Point","coordinates":[126.53,48.25]},"properties":{"name":"Bei'an","iso":"CN","pop":154936,"cap":0,"rank":4}},{"type":"Feature","geometry":{"type":"Point","coordinates":[125.0,46.58]},"properties":{"name":"Daqing","iso":"CN","pop":1693000,"cap":0,"rank":4}},{"type":"Feature","geometry":{"type":"Point","coordinates":[130.97,45.3]},"properties":{"name":"Jixi","iso":"CN","pop":965000,"cap":0,"rank":4}},{"type":"Feature","geometry":{"type":"Point","coordinates":[136.91,35.16]},"properties":{"name":"Nagoya","iso":"JP","pop":3230000,"cap":0,"rank":4}},{"type":"Feature","geometry":{"type":"Point","coordinates":[138.17,36.65]},"properties":{"name":"Nagano","iso":"JP","pop":594311,"cap":0,"rank":4}},{"type":"Feature","geometry":{"type":"Point","coordinates":[144.37,42.97]},"properties":{"name":"Kushiro","iso":"JP","pop":198566,"cap":0,"rank":4}},{"type":"Feature","geometry":{"type":"Point","coordinates":[140.74,41.79]},"properties":{"name":"Hakodate","iso":"JP","pop":302984,"cap":0,"rank":4}},{"type":"Feature","geometry":{"type":"Point","coordinates":[135.75,35.03]},"properties":{"name":"Kyoto","iso":"JP","pop":1805000,"cap":0,"rank":4}},{"type":"Feature","geometry":{"type":"Point","coordinates":[140.87,38.27]},"properties":{"name":"Sendai","iso":"JP","pop":2250000,"cap":0,"rank":4}},{"type":"Feature","geometry":{"type":"Point","coordinates":[139.85,38.92]},"properties":{"name":"Sakata","iso":"JP","pop":100446,"cap":0,"rank":4}},{"type":"Feature","geometry":{"type":"Point","coordinates":[17.38,-3.31]},"properties":{"name":"Bandundu","iso":"CD","pop":118211,"cap":0,"rank":4}},{"type":"Feature","geometry":{"type":"Point","coordinates":[22.4,-5.89]},"properties":{"name":"Kananga","iso":"CD","pop":765000,"cap":0,"rank":4}},{"type":"Feature","geometry":{"type":"Point","coordinates":[23.6,-6.15]},"properties":{"name":"Mbuji-Mayi","iso":"CD","pop":1295000,"cap":0,"rank":4}},{"type":"Feature","geometry":{"type":"Point","coordinates":[29.2,-5.93]},"properties":{"name":"Kalemie","iso":"CD","pop":206257,"cap":0,"rank":4}},{"type":"Feature","geometry":{"type":"Point","coordinates":[29.28,0.13]},"properties":{"name":"Butembo","iso":"CD","pop":286403,"cap":0,"rank":4}},{"type":"Feature","geometry":{"type":"Point","coordinates":[29.22,-1.68]},"properties":{"name":"Goma","iso":"CD","pop":144124,"cap":0,"rank":4}},{"type":"Feature","geometry":{"type":"Point","coordinates":[34.02,-11.46]},"properties":{"name":"Mzuzu","iso":"MW","pop":110201,"cap":0,"rank":4}},{"type":"Feature","geometry":{"type":"Point","coordinates":[34.99,-15.79]},"properties":{"name":"Blantyre","iso":"MW","pop":584877,"cap":0,"rank":4}},{"type":"Feature","geometry":{"type":"Point","coordinates":[-91.52,14.83]},"properties":{"name":"Quetzaltenango","iso":"GT","pop":575263,"cap":0,"rank":4}},{"type":"Feature","geometry":{"type":"Point","coordinates":[-16.59,13.45]},"properties":{"name":"Banjul","iso":"GM","pop":43094,"cap":1,"rank":4}},{"type":"Feature","geometry":{"type":"Point","coordinates":[77.31,28.44]},"properties":{"name":"Faridabad","iso":"IN","pop":1394000,"cap":0,"rank":4}},{"type":"Feature","geometry":{"type":"Point","coordinates":[74.83,34.07]},"properties":{"name":"Srinagar","iso":"IN","pop":1140000,"cap":0,"rank":4}},{"type":"Feature","geometry":{"type":"Point","coordinates":[80.63,16.52]},"properties":{"name":"Vijayawada","iso":"IN","pop":1137000,"cap":0,"rank":4}},{"type":"Feature","geometry":{"type":"Point","coordinates":[76.93,8.52]},"properties":{"name":"Thiruvananthapuram","iso":"IN","pop":954000,"cap":0,"rank":4}},{"type":"Feature","geometry":{"type":"Point","coordinates":[76.22,10.02]},"properties":{"name":"Kochi","iso":"IN","pop":1519000,"cap":0,"rank":4}},{"type":"Feature","geometry":{"type":"Point","coordinates":[85.89,20.47]},"properties":{"name":"Cuttack","iso":"IN","pop":580000,"cap":0,"rank":4}},{"type":"Feature","geometry":{"type":"Point","coordinates":[75.12,15.36]},"properties":{"name":"Hubballi","iso":"IN","pop":890000,"cap":0,"rank":4}},{"type":"Feature","geometry":{"type":"Point","coordinates":[74.85,12.9]},"properties":{"name":"Mangaluru","iso":"IN","pop":776632,"cap":0,"rank":4}},{"type":"Feature","geometry":{"type":"Point","coordinates":[76.66,12.31]},"properties":{"name":"Mysuru","iso":"IN","pop":887000,"cap":0,"rank":4}},{"type":"Feature","geometry":{"type":"Point","coordinates":[76.82,17.35]},"properties":{"name":"Kalaburagi","iso":"IN","pop":483615,"cap":0,"rank":4}},{"type":"Feature","geometry":{"type":"Point","coordinates":[74.22,16.7]},"properties":{"name":"Kolhapur","iso":"IN","pop":750000,"cap":0,"rank":4}},{"type":"Feature","geometry":{"type":"Point","coordinates":[77.31,19.2]},"properties":{"name":"Nanded","iso":"IN","pop":623708,"cap":0,"rank":4}},{"type":"Feature","geometry":{"type":"Point","coordinates":[77.01,20.71]},"properties":{"name":"Akola","iso":"IN","pop":503502,"cap":0,"rank":4}},{"type":"Feature","geometry":{"type":"Point","coordinates":[91.77,26.16]},"properties":{"name":"Guwahati","iso":"IN","pop":983000,"cap":0,"rank":4}},{"type":"Feature","geometry":{"type":"Point","coordinates":[-0.6,44.85]},"properties":{"name":"Bordeaux","iso":"FR","pop":803000,"cap":0,"rank":4}},{"type":"Feature","geometry":{"type":"Point","coordinates":[5.37,43.29]},"properties":{"name":"Marseille","iso":"FR","pop":1400000,"cap":0,"rank":4}},{"type":"Feature","geometry":{"type":"Point","coordinates":[0.1,49.5]},"properties":{"name":"Le Havre","iso":"FR","pop":242124,"cap":0,"rank":4}},{"type":"Feature","geometry":{"type":"Point","coordinates":[-0.05,16.27]},"properties":{"name":"Gao","iso":"ML","pop":116967,"cap":0,"rank":4}},{"type":"Feature","geometry":{"type":"Point","coordinates":[-70.29,-18.5]},"properties":{"name":"Arica","iso":"CL","pop":185999,"cap":0,"rank":4}},{"type":"Feature","geometry":{"type":"Point","coordinates":[-70.33,-27.37]},"properties":{"name":"Copiap\u00f3","iso":"CL","pop":129280,"cap":0,"rank":4}},{"type":"Feature","geometry":{"type":"Point","coordinates":[-71.25,-29.9]},"properties":{"name":"La Serena","iso":"CL","pop":154521,"cap":0,"rank":4}},{"type":"Feature","geometry":{"type":"Point","coordinates":[-72.35,-37.48]},"properties":{"name":"Los Angeles","iso":"CL","pop":145239,"cap":0,"rank":4}},{"type":"Feature","geometry":{"type":"Point","coordinates":[-6.26,13.44]},"properties":{"name":"S\u00e9gou","iso":"ML","pop":122952,"cap":0,"rank":4}},{"type":"Feature","geometry":{"type":"Point","coordinates":[21.43,42.0]},"properties":{"name":"Skopje","iso":"MK","pop":494087,"cap":1,"rank":4}},{"type":"Feature","geometry":{"type":"Point","coordinates":[15.1,32.38]},"properties":{"name":"Misrata","iso":"LY","pop":386120,"cap":0,"rank":4}},{"type":"Feature","geometry":{"type":"Point","coordinates":[12.08,32.93]},"properties":{"name":"Zuwara","iso":"LY","pop":180310,"cap":0,"rank":4}},{"type":"Feature","geometry":{"type":"Point","coordinates":[44.39,35.47]},"properties":{"name":"Kirkuk","iso":"IQ","pop":601433,"cap":0,"rank":4}},{"type":"Feature","geometry":{"type":"Point","coordinates":[43.14,36.35]},"properties":{"name":"Mosul","iso":"IQ","pop":1316000,"cap":0,"rank":4}},{"type":"Feature","geometry":{"type":"Point","coordinates":[44.34,32.0]},"properties":{"name":"Najaf","iso":"IQ","pop":665552,"cap":0,"rank":4}},{"type":"Feature","geometry":{"type":"Point","coordinates":[37.38,11.6]},"properties":{"name":"Bahir Dar","iso":"ET","pop":206748,"cap":0,"rank":4}},{"type":"Feature","geometry":{"type":"Point","coordinates":[41.86,9.59]},"properties":{"name":"Dire Dawa","iso":"ET","pop":252279,"cap":0,"rank":4}},{"type":"Feature","geometry":{"type":"Point","coordinates":[23.75,61.5]},"properties":{"name":"Tampere","iso":"FI","pop":259279,"cap":0,"rank":4}},{"type":"Feature","geometry":{"type":"Point","coordinates":[57.17,50.28]},"properties":{"name":"Aqtobe","iso":"KZ","pop":262457,"cap":0,"rank":4}},{"type":"Feature","geometry":{"type":"Point","coordinates":[63.13,52.95]},"properties":{"name":"Rudniy","iso":"KZ","pop":124000,"cap":0,"rank":4}},{"type":"Feature","geometry":{"type":"Point","coordinates":[65.46,44.8]},"properties":{"name":"Qyzylorda","iso":"KZ","pop":300000,"cap":0,"rank":4}},{"type":"Feature","geometry":{"type":"Point","coordinates":[51.92,47.11]},"properties":{"name":"Atyrau","iso":"KZ","pop":182753,"cap":0,"rank":4}},{"type":"Feature","geometry":{"type":"Point","coordinates":[75.32,51.73]},"properties":{"name":"Ekibastuz","iso":"KZ","pop":127868,"cap":0,"rank":4}},{"type":"Feature","geometry":{"type":"Point","coordinates":[76.95,52.3]},"properties":{"name":"Pavlodar","iso":"KZ","pop":329002,"cap":0,"rank":4}},{"type":"Feature","geometry":{"type":"Point","coordinates":[80.28,50.43]},"properties":{"name":"Semey","iso":"KZ","pop":311353,"cap":0,"rank":4}},{"type":"Feature","geometry":{"type":"Point","coordinates":[82.61,49.99]},"properties":{"name":"Oskemen","iso":"KZ","pop":319067,"cap":0,"rank":4}},{"type":"Feature","geometry":{"type":"Point","coordinates":[54.37,31.92]},"properties":{"name":"Yazd","iso":"IR","pop":477905,"cap":0,"rank":4}},{"type":"Feature","geometry":{"type":"Point","coordinates":[48.72,31.28]},"properties":{"name":"Ahvaz","iso":"IR","pop":996000,"cap":0,"rank":4}},{"type":"Feature","geometry":{"type":"Point","coordinates":[47.81,30.52]},"properties":{"name":"Basra","iso":"IQ","pop":870000,"cap":0,"rank":4}},{"type":"Feature","geometry":{"type":"Point","coordinates":[56.27,27.2]},"properties":{"name":"Bandar-e-Abbas","iso":"IR","pop":461499,"cap":0,"rank":4}},{"type":"Feature","geometry":{"type":"Point","coordinates":[48.52,34.8]},"properties":{"name":"Hamadan","iso":"IR","pop":528256,"cap":0,"rank":4}},{"type":"Feature","geometry":{"type":"Point","coordinates":[46.3,38.09]},"properties":{"name":"Tabriz","iso":"IR","pop":1413000,"cap":0,"rank":4}},{"type":"Feature","geometry":{"type":"Point","coordinates":[75.87,30.93]},"properties":{"name":"Ludhiana","iso":"IN","pop":1649000,"cap":0,"rank":4}},{"type":"Feature","geometry":{"type":"Point","coordinates":[75.83,25.18]},"properties":{"name":"Kota","iso":"IN","pop":827000,"cap":0,"rank":4}},{"type":"Feature","geometry":{"type":"Point","coordinates":[73.01,26.29]},"properties":{"name":"Jodhpur","iso":"IN","pop":995000,"cap":0,"rank":4}},{"type":"Feature","geometry":{"type":"Point","coordinates":[69.6,42.32]},"properties":{"name":"Shymkent","iso":"KZ","pop":465392,"cap":0,"rank":4}},{"type":"Feature","geometry":{"type":"Point","coordinates":[71.36,42.9]},"properties":{"name":"Taraz","iso":"KZ","pop":358153,"cap":0,"rank":4}},{"type":"Feature","geometry":{"type":"Point","coordinates":[80.91,26.86]},"properties":{"name":"Lucknow","iso":"IN","pop":2695000,"cap":0,"rank":4}},{"type":"Feature","geometry":{"type":"Point","coordinates":[77.55,29.97]},"properties":{"name":"Saharanpur","iso":"IN","pop":484873,"cap":0,"rank":4}},{"type":"Feature","geometry":{"type":"Point","coordinates":[85.33,23.37]},"properties":{"name":"Ranchi","iso":"IN","pop":1044000,"cap":0,"rank":4}},{"type":"Feature","geometry":{"type":"Point","coordinates":[86.98,25.23]},"properties":{"name":"Bhagalpur","iso":"IN","pop":361548,"cap":0,"rank":4}},{"type":"Feature","geometry":{"type":"Point","coordinates":[81.63,21.24]},"properties":{"name":"Raipur","iso":"IN","pop":875000,"cap":0,"rank":4}},{"type":"Feature","geometry":{"type":"Point","coordinates":[79.95,23.18]},"properties":{"name":"Jabalpur","iso":"IN","pop":1285000,"cap":0,"rank":4}},{"type":"Feature","geometry":{"type":"Point","coordinates":[75.86,22.72]},"properties":{"name":"Indore","iso":"IN","pop":2026000,"cap":0,"rank":4}},{"type":"Feature","geometry":{"type":"Point","coordinates":[79.83,11.93]},"properties":{"name":"Puducherry","iso":"IN","pop":227411,"cap":0,"rank":4}},{"type":"Feature","geometry":{"type":"Point","coordinates":[78.18,11.67]},"properties":{"name":"Salem","iso":"IN","pop":873000,"cap":0,"rank":4}},{"type":"Feature","geometry":{"type":"Point","coordinates":[78.69,10.8]},"properties":{"name":"Tiruchirappalli","iso":"IN","pop":951000,"cap":0,"rank":4}},{"type":"Feature","geometry":{"type":"Point","coordinates":[11.88,-4.77]},"properties":{"name":"Pointe-Noire","iso":"CG","pop":659084,"cap":0,"rank":4}},{"type":"Feature","geometry":{"type":"Point","coordinates":[-9.31,10.39]},"properties":{"name":"Kankan","iso":"GN","pop":114009,"cap":0,"rank":4}},{"type":"Feature","geometry":{"type":"Point","coordinates":[-8.83,7.76]},"properties":{"name":"Nz\u00e9r\u00e9kor\u00e9","iso":"GN","pop":168121,"cap":0,"rank":4}},{"type":"Feature","geometry":{"type":"Point","coordinates":[-5.03,7.69]},"properties":{"name":"Bouak\u00e9","iso":"CI","pop":567481,"cap":0,"rank":4}},{"type":"Feature","geometry":{"type":"Point","coordinates":[55.45,-20.88]},"properties":{"name":"St.-Denis","iso":"RE","pop":190047,"cap":0,"rank":4}},{"type":"Feature","geometry":{"type":"Point","coordinates":[-67.8,-9.97]},"properties":{"name":"Rio Branco","iso":"BR","pop":257642,"cap":0,"rank":4}},{"type":"Feature","geometry":{"type":"Point","coordinates":[-44.27,-2.51]},"properties":{"name":"S\u00e3o Lu\u00eds","iso":"BR","pop":1038000,"cap":0,"rank":4}},{"type":"Feature","geometry":{"type":"Point","coordinates":[-63.9,-8.75]},"properties":{"name":"Porto Velho","iso":"BR","pop":306180,"cap":0,"rank":4}},{"type":"Feature","geometry":{"type":"Point","coordinates":[-43.92,-19.91]},"properties":{"name":"Belo Horizonte","iso":"BR","pop":5575000,"cap":0,"rank":4}},{"type":"Feature","geometry":{"type":"Point","coordinates":[-43.86,-16.72]},"properties":{"name":"Montes Claros","iso":"BR","pop":332379,"cap":0,"rank":4}},{"type":"Feature","geometry":{"type":"Point","coordinates":[-48.28,-18.9]},"properties":{"name":"Uberl\u00e2ndia","iso":"BR","pop":563536,"cap":0,"rank":4}},{"type":"Feature","geometry":{"type":"Point","coordinates":[-56.09,-15.57]},"properties":{"name":"Cuiab\u00e1","iso":"BR","pop":806000,"cap":0,"rank":4}},{"type":"Feature","geometry":{"type":"Point","coordinates":[-52.33,-31.75]},"properties":{"name":"Pelotas","iso":"BR","pop":320674,"cap":0,"rank":4}},{"type":"Feature","geometry":{"type":"Point","coordinates":[-51.17,-29.18]},"properties":{"name":"Caxias do Sul","iso":"BR","pop":381270,"cap":0,"rank":4}},{"type":"Feature","geometry":{"type":"Point","coordinates":[-50.16,-25.09]},"properties":{"name":"Ponta Grossa","iso":"BR","pop":292177,"cap":0,"rank":4}},{"type":"Feature","geometry":{"type":"Point","coordinates":[-42.78,-5.09]},"properties":{"name":"Teresina","iso":"BR","pop":907000,"cap":0,"rank":4}},{"type":"Feature","geometry":{"type":"Point","coordinates":[-35.73,-9.62]},"properties":{"name":"Macei\u00f3","iso":"BR","pop":1186000,"cap":0,"rank":4}},{"type":"Feature","geometry":{"type":"Point","coordinates":[-40.84,-14.85]},"properties":{"name":"Vit\u00f3ria da Conquista","iso":"BR","pop":308204,"cap":0,"rank":4}},{"type":"Feature","geometry":{"type":"Point","coordinates":[-45.0,-12.14]},"properties":{"name":"Barreiras","iso":"BR","pop":158292,"cap":0,"rank":4}},{"type":"Feature","geometry":{"type":"Point","coordinates":[-40.29,-20.34]},"properties":{"name":"Vila Velha","iso":"BR","pop":1209091,"cap":0,"rank":4}},{"type":"Feature","geometry":{"type":"Point","coordinates":[-35.24,-5.78]},"properties":{"name":"Natal","iso":"BR","pop":1088000,"cap":0,"rank":4}},{"type":"Feature","geometry":{"type":"Point","coordinates":[12.33,45.44]},"properties":{"name":"Venice","iso":"IT","pop":270816,"cap":0,"rank":4}},{"type":"Feature","geometry":{"type":"Point","coordinates":[-68.52,-31.55]},"properties":{"name":"San Juan","iso":"AR","pop":447048,"cap":0,"rank":4}},{"type":"Feature","geometry":{"type":"Point","coordinates":[-68.06,-38.95]},"properties":{"name":"Neuqu\u00e9n","iso":"AR","pop":242092,"cap":0,"rank":4}},{"type":"Feature","geometry":{"type":"Point","coordinates":[-64.3,-36.62]},"properties":{"name":"Santa Rosa","iso":"AR","pop":111424,"cap":0,"rank":4}},{"type":"Feature","geometry":{"type":"Point","coordinates":[-65.42,-24.78]},"properties":{"name":"Salta","iso":"AR","pop":512686,"cap":0,"rank":4}},{"type":"Feature","geometry":{"type":"Point","coordinates":[-65.22,-26.81]},"properties":{"name":"Tucum\u00e1n","iso":"AR","pop":830000,"cap":0,"rank":4}},{"type":"Feature","geometry":{"type":"Point","coordinates":[-58.18,-26.17]},"properties":{"name":"Formosa","iso":"AR","pop":221383,"cap":0,"rank":4}},{"type":"Feature","geometry":{"type":"Point","coordinates":[-60.69,-31.62]},"properties":{"name":"Santa Fe","iso":"AR","pop":489505,"cap":0,"rank":4}},{"type":"Feature","geometry":{"type":"Point","coordinates":[-60.67,-32.95]},"properties":{"name":"Rosario","iso":"AR","pop":1203000,"cap":0,"rank":4}},{"type":"Feature","geometry":{"type":"Point","coordinates":[-47.06,-22.91]},"properties":{"name":"Campinas","iso":"BR","pop":2791000,"cap":0,"rank":4}},{"type":"Feature","geometry":{"type":"Point","coordinates":[-47.47,-23.49]},"properties":{"name":"Sorocaba","iso":"BR","pop":563281,"cap":0,"rank":4}},{"type":"Feature","geometry":{"type":"Point","coordinates":[-47.83,-21.17]},"properties":{"name":"Ribeir\u00e3o Preto","iso":"BR","pop":551267,"cap":0,"rank":4}},{"type":"Feature","geometry":{"type":"Point","coordinates":[-40.51,-9.38]},"properties":{"name":"Petrolina","iso":"BR","pop":260985,"cap":0,"rank":4}},{"type":"Feature","geometry":{"type":"Point","coordinates":[10.15,5.96]},"properties":{"name":"Bamenda","iso":"CM","pop":445299,"cap":0,"rank":4}},{"type":"Feature","geometry":{"type":"Point","coordinates":[13.39,9.3]},"properties":{"name":"Garoua","iso":"CM","pop":436899,"cap":0,"rank":4}},{"type":"Feature","geometry":{"type":"Point","coordinates":[62.17,34.33]},"properties":{"name":"Herat","iso":"AF","pop":481009,"cap":0,"rank":4}},{"type":"Feature","geometry":{"type":"Point","coordinates":[67.1,36.7]},"properties":{"name":"Mazar-i-Sharif","iso":"AF","pop":458151,"cap":0,"rank":4}},{"type":"Feature","geometry":{"type":"Point","coordinates":[103.2,13.1]},"properties":{"name":"Battambang","iso":"KH","pop":154773,"cap":0,"rank":4}},{"type":"Feature","geometry":{"type":"Point","coordinates":[103.85,13.37]},"properties":{"name":"Siem Reap","iso":"KH","pop":109398,"cap":0,"rank":4}},{"type":"Feature","geometry":{"type":"Point","coordinates":[16.34,-9.54]},"properties":{"name":"Malanje","iso":"AO","pop":125856,"cap":0,"rank":4}},{"type":"Feature","geometry":{"type":"Point","coordinates":[13.41,-12.58]},"properties":{"name":"Benguela","iso":"AO","pop":151226,"cap":0,"rank":4}},{"type":"Feature","geometry":{"type":"Point","coordinates":[13.49,-14.91]},"properties":{"name":"Lubango","iso":"AO","pop":125632,"cap":0,"rank":4}},{"type":"Feature","geometry":{"type":"Point","coordinates":[12.16,-15.19]},"properties":{"name":"Mo\u00e7\u00e2medes","iso":"AO","pop":132900,"cap":0,"rank":4}},{"type":"Feature","geometry":{"type":"Point","coordinates":[-64.75,-21.52]},"properties":{"name":"Tarija","iso":"BO","pop":159269,"cap":0,"rank":4}},{"type":"Feature","geometry":{"type":"Point","coordinates":[-59.62,13.1]},"properties":{"name":"Bridgetown","iso":"BB","pop":191152,"cap":1,"rank":4}},{"type":"Feature","geometry":{"type":"Point","coordinates":[7.76,36.92]},"properties":{"name":"Annaba","iso":"DZ","pop":503524,"cap":0,"rank":4}},{"type":"Feature","geometry":{"type":"Point","coordinates":[2.62,9.34]},"properties":{"name":"Parakou","iso":"BJ","pop":188853,"cap":0,"rank":4}},{"type":"Feature","geometry":{"type":"Point","coordinates":[2.62,6.48]},"properties":{"name":"Porto-Novo","iso":"BJ","pop":300000,"cap":0,"rank":4}},{"type":"Feature","geometry":{"type":"Point","coordinates":[6.6,36.36]},"properties":{"name":"Constantine","iso":"DZ","pop":605179,"cap":0,"rank":4}},{"type":"Feature","geometry":{"type":"Point","coordinates":[23.7,52.1]},"properties":{"name":"Brest","iso":"BY","pop":300715,"cap":0,"rank":4}},{"type":"Feature","geometry":{"type":"Point","coordinates":[89.56,22.84]},"properties":{"name":"Khulna","iso":"BD","pop":1553000,"cap":0,"rank":4}},{"type":"Feature","geometry":{"type":"Point","coordinates":[145.76,-16.89]},"properties":{"name":"Cairns","iso":"AU","pop":154225,"cap":0,"rank":4}},{"type":"Feature","geometry":{"type":"Point","coordinates":[153.45,-28.08]},"properties":{"name":"Gold Coast","iso":"AU","pop":527660,"cap":0,"rank":4}},{"type":"Feature","geometry":{"type":"Point","coordinates":[-4.29,11.18]},"properties":{"name":"Bobo Dioulasso","iso":"BF","pop":360106,"cap":0,"rank":4}},{"type":"Feature","geometry":{"type":"Point","coordinates":[88.6,24.38]},"properties":{"name":"Rajshahi","iso":"BD","pop":810000,"cap":0,"rank":4}},{"type":"Feature","geometry":{"type":"Point","coordinates":[96.08,21.97]},"properties":{"name":"Mandalay","iso":"MM","pop":1300000,"cap":0,"rank":4}},{"type":"Feature","geometry":{"type":"Point","coordinates":[92.88,20.14]},"properties":{"name":"Sittwe","iso":"MM","pop":179032,"cap":0,"rank":4}},{"type":"Feature","geometry":{"type":"Point","coordinates":[29.36,-3.38]},"properties":{"name":"Bujumbura","iso":"BI","pop":331700,"cap":1,"rank":4}},{"type":"Feature","geometry":{"type":"Point","coordinates":[-61.22,13.16]},"properties":{"name":"Kingstown","iso":"VC","pop":49485,"cap":1,"rank":4}},{"type":"Feature","geometry":{"type":"Point","coordinates":[-60.99,14.01]},"properties":{"name":"Castries","iso":"LC","pop":37963,"cap":1,"rank":4}},{"type":"Feature","geometry":{"type":"Point","coordinates":[-62.72,17.3]},"properties":{"name":"Basseterre","iso":"KN","pop":21887,"cap":1,"rank":4}},{"type":"Feature","geometry":{"type":"Point","coordinates":[-15.43,28.1]},"properties":{"name":"Las Palmas","iso":"ES","pop":378495,"cap":0,"rank":4}},{"type":"Feature","geometry":{"type":"Point","coordinates":[45.02,10.44]},"properties":{"name":"Berbera","iso":"-99","pop":242344,"cap":0,"rank":4}},{"type":"Feature","geometry":{"type":"Point","coordinates":[57.5,-20.17]},"properties":{"name":"Port Louis","iso":"MU","pop":595491,"cap":1,"rank":4}},{"type":"Feature","geometry":{"type":"Point","coordinates":[34.45,31.53]},"properties":{"name":"Gaza City","iso":"PS","pop":505700,"cap":0,"rank":4}},{"type":"Feature","geometry":{"type":"Point","coordinates":[-61.74,12.05]},"properties":{"name":"Saint George's","iso":"GD","pop":33734,"cap":1,"rank":4}},{"type":"Feature","geometry":{"type":"Point","coordinates":[-149.57,-17.53]},"properties":{"name":"Papeete","iso":"PF","pop":131695,"cap":0,"rank":4}},{"type":"Feature","geometry":{"type":"Point","coordinates":[50.58,26.24]},"properties":{"name":"Manama","iso":"BH","pop":563920,"cap":1,"rank":4}},{"type":"Feature","geometry":{"type":"Point","coordinates":[-61.85,17.12]},"properties":{"name":"Saint John's","iso":"AG","pop":35499,"cap":1,"rank":4}},{"type":"Feature","geometry":{"type":"Point","coordinates":[120.68,24.15]},"properties":{"name":"Taichung","iso":"TW","pop":2629323,"cap":0,"rank":4}},{"type":"Feature","geometry":{"type":"Point","coordinates":[174.88,-37.0]},"properties":{"name":"Manukau","iso":"NZ","pop":375600,"cap":0,"rank":4}},{"type":"Feature","geometry":{"type":"Point","coordinates":[175.29,-37.78]},"properties":{"name":"Hamilton","iso":"NZ","pop":148200,"cap":0,"rank":4}},{"type":"Feature","geometry":{"type":"Point","coordinates":[170.49,-45.89]},"properties":{"name":"Dunedin","iso":"NZ","pop":117700,"cap":0,"rank":4}},{"type":"Feature","geometry":{"type":"Point","coordinates":[80.52,16.53]},"properties":{"name":"Amaravati","iso":"IN","pop":5800000,"cap":0,"rank":4}},{"type":"Feature","geometry":{"type":"Point","coordinates":[75.77,11.25]},"properties":{"name":"Kozhikode","iso":"IN","pop":953000,"cap":0,"rank":3}},{"type":"Feature","geometry":{"type":"Point","coordinates":[85.83,20.27]},"properties":{"name":"Bhubaneswar","iso":"IN","pop":844000,"cap":0,"rank":3}},{"type":"Feature","geometry":{"type":"Point","coordinates":[86.2,22.79]},"properties":{"name":"Jamshedpur","iso":"IN","pop":1300000,"cap":0,"rank":3}},{"type":"Feature","geometry":{"type":"Point","coordinates":[-56.19,-34.91]},"properties":{"name":"Montevideo","iso":"UY","pop":1513000,"cap":1,"rank":3}},{"type":"Feature","geometry":{"type":"Point","coordinates":[-116.23,43.61]},"properties":{"name":"Boise","iso":"US","pop":338071,"cap":0,"rank":3}},{"type":"Feature","geometry":{"type":"Point","coordinates":[-121.89,37.33]},"properties":{"name":"San Jose","iso":"US","pop":1668000,"cap":0,"rank":3}},{"type":"Feature","geometry":{"type":"Point","coordinates":[-121.47,38.58]},"properties":{"name":"Sacramento","iso":"US","pop":1604000,"cap":0,"rank":3}},{"type":"Feature","geometry":{"type":"Point","coordinates":[-115.15,36.16]},"properties":{"name":"Las Vegas","iso":"US","pop":1823000,"cap":0,"rank":3}},{"type":"Feature","geometry":{"type":"Point","coordinates":[-122.68,45.52]},"properties":{"name":"Portland","iso":"US","pop":1875000,"cap":0,"rank":3}},{"type":"Feature","geometry":{"type":"Point","coordinates":[-111.93,40.78]},"properties":{"name":"Salt Lake City","iso":"US","pop":966000,"cap":0,"rank":3}},{"type":"Feature","geometry":{"type":"Point","coordinates":[-93.62,41.58]},"properties":{"name":"Des Moines","iso":"US","pop":380655,"cap":0,"rank":3}},{"type":"Feature","geometry":{"type":"Point","coordinates":[-96.01,41.24]},"properties":{"name":"Omaha","iso":"US","pop":877110,"cap":0,"rank":3}},{"type":"Feature","geometry":{"type":"Point","coordinates":[-97.52,35.47]},"properties":{"name":"Oklahoma City","iso":"US","pop":788000,"cap":0,"rank":3}},{"type":"Feature","geometry":{"type":"Point","coordinates":[-98.49,29.42]},"properties":{"name":"San Antonio","iso":"US","pop":1473000,"cap":0,"rank":3}},{"type":"Feature","geometry":{"type":"Point","coordinates":[-72.25,7.77]},"properties":{"name":"San Crist\u00f3bal","iso":"VE","pop":438798,"cap":0,"rank":3}},{"type":"Feature","geometry":{"type":"Point","coordinates":[-67.98,10.23]},"properties":{"name":"Valencia","iso":"VE","pop":1770000,"cap":0,"rank":3}},{"type":"Feature","geometry":{"type":"Point","coordinates":[-90.18,32.3]},"properties":{"name":"Jackson","iso":"US","pop":250902,"cap":0,"rank":3}},{"type":"Feature","geometry":{"type":"Point","coordinates":[-78.65,35.77]},"properties":{"name":"Raleigh","iso":"US","pop":1163515,"cap":0,"rank":3}},{"type":"Feature","geometry":{"type":"Point","coordinates":[-81.7,41.47]},"properties":{"name":"Cleveland","iso":"US","pop":1890000,"cap":0,"rank":3}},{"type":"Feature","geometry":{"type":"Point","coordinates":[-84.46,39.16]},"properties":{"name":"Cincinnati","iso":"US","pop":1636000,"cap":0,"rank":3}},{"type":"Feature","geometry":{"type":"Point","coordinates":[-86.78,36.17]},"properties":{"name":"Nashville","iso":"US","pop":877000,"cap":0,"rank":3}},{"type":"Feature","geometry":{"type":"Point","coordinates":[-90.03,35.14]},"properties":{"name":"Memphis","iso":"US","pop":1081000,"cap":0,"rank":3}},{"type":"Feature","geometry":{"type":"Point","coordinates":[-76.28,36.85]},"properties":{"name":"Norfolk","iso":"US","pop":1047869,"cap":0,"rank":3}},{"type":"Feature","geometry":{"type":"Point","coordinates":[-87.92,43.03]},"properties":{"name":"Milwaukee","iso":"US","pop":1388000,"cap":0,"rank":3}},{"type":"Feature","geometry":{"type":"Point","coordinates":[-78.88,42.88]},"properties":{"name":"Buffalo","iso":"US","pop":1016000,"cap":0,"rank":3}},{"type":"Feature","geometry":{"type":"Point","coordinates":[-80.0,40.43]},"properties":{"name":"Pittsburgh","iso":"US","pop":1838000,"cap":0,"rank":3}},{"type":"Feature","geometry":{"type":"Point","coordinates":[-62.62,8.37]},"properties":{"name":"Ciudad Guayana","iso":"VE","pop":746535,"cap":0,"rank":3}},{"type":"Feature","geometry":{"type":"Point","coordinates":[1.22,6.13]},"properties":{"name":"Lom\u00e9","iso":"TG","pop":1452000,"cap":1,"rank":3}},{"type":"Feature","geometry":{"type":"Point","coordinates":[10.18,36.8]},"properties":{"name":"Tunis","iso":"TN","pop":2412500,"cap":1,"rank":3}},{"type":"Feature","geometry":{"type":"Point","coordinates":[33.52,44.6]},"properties":{"name":"Sevastopol","iso":"RU","pop":379200,"cap":0,"rank":3}},{"type":"Feature","geometry":{"type":"Point","coordinates":[54.37,24.47]},"properties":{"name":"Abu Dhabi","iso":"AE","pop":603492,"cap":1,"rank":3}},{"type":"Feature","geometry":{"type":"Point","coordinates":[58.38,37.95]},"properties":{"name":"Ashgabat","iso":"TM","pop":727700,"cap":1,"rank":3}},{"type":"Feature","geometry":{"type":"Point","coordinates":[66.94,39.67]},"properties":{"name":"Samarkand","iso":"UZ","pop":708000,"cap":0,"rank":3}},{"type":"Feature","geometry":{"type":"Point","coordinates":[28.28,-15.41]},"properties":{"name":"Lusaka","iso":"ZM","pop":1328000,"cap":1,"rank":3}},{"type":"Feature","geometry":{"type":"Point","coordinates":[31.04,-17.82]},"properties":{"name":"Harare","iso":"ZW","pop":1572000,"cap":1,"rank":3}},{"type":"Feature","geometry":{"type":"Point","coordinates":[28.58,-20.17]},"properties":{"name":"Bulawayo","iso":"ZW","pop":699385,"cap":0,"rank":3}},{"type":"Feature","geometry":{"type":"Point","coordinates":[125.58,-8.56]},"properties":{"name":"Dili","iso":"TL","pop":234331,"cap":1,"rank":3}},{"type":"Feature","geometry":{"type":"Point","coordinates":[168.32,-17.73]},"properties":{"name":"Port Vila","iso":"VU","pop":44040,"cap":1,"rank":3}},{"type":"Feature","geometry":{"type":"Point","coordinates":[-87.22,14.1]},"properties":{"name":"Tegucigalpa","iso":"HN","pop":946000,"cap":1,"rank":3}},{"type":"Feature","geometry":{"type":"Point","coordinates":[-58.17,6.8]},"properties":{"name":"Georgetown","iso":"GY","pop":264350,"cap":1,"rank":3}},{"type":"Feature","geometry":{"type":"Point","coordinates":[-21.94,64.14]},"properties":{"name":"Reykjav\u00edk","iso":"IS","pop":166212,"cap":1,"rank":3}},{"type":"Feature","geometry":{"type":"Point","coordinates":[-72.34,18.54]},"properties":{"name":"Port-au-Prince","iso":"HT","pop":1998000,"cap":1,"rank":3}},{"type":"Feature","geometry":{"type":"Point","coordinates":[-4.24,55.86]},"properties":{"name":"Glasgow","iso":"GB","pop":1160000,"cap":0,"rank":3}},{"type":"Feature","geometry":{"type":"Point","coordinates":[32.58,0.32]},"properties":{"name":"Kampala","iso":"UG","pop":1420000,"cap":1,"rank":3}},{"type":"Feature","geometry":{"type":"Point","coordinates":[45.01,12.78]},"properties":{"name":"Aden","iso":"YE","pop":1000000,"cap":0,"rank":3}},{"type":"Feature","geometry":{"type":"Point","coordinates":[-55.17,5.84]},"properties":{"name":"Paramaribo","iso":"SR","pop":254169,"cap":1,"rank":3}},{"type":"Feature","geometry":{"type":"Point","coordinates":[-5.98,37.41]},"properties":{"name":"Seville","iso":"ES","pop":1212045,"cap":0,"rank":3}},{"type":"Feature","geometry":{"type":"Point","coordinates":[8.98,13.8]},"properties":{"name":"Zinder","iso":"NE","pop":230358,"cap":0,"rank":3}},{"type":"Feature","geometry":{"type":"Point","coordinates":[2.11,13.52]},"properties":{"name":"Niamey","iso":"NE","pop":915000,"cap":1,"rank":3}},{"type":"Feature","geometry":{"type":"Point","coordinates":[37.22,19.62]},"properties":{"name":"Port Sudan","iso":"SD","pop":489725,"cap":0,"rank":3}},{"type":"Feature","geometry":{"type":"Point","coordinates":[68.77,38.56]},"properties":{"name":"Dushanbe","iso":"TJ","pop":1086244,"cap":1,"rank":3}},{"type":"Feature","geometry":{"type":"Point","coordinates":[-71.97,-13.53]},"properties":{"name":"Cusco","iso":"PE","pop":361182,"cap":0,"rank":3}},{"type":"Feature","geometry":{"type":"Point","coordinates":[-70.25,-18.0]},"properties":{"name":"Tacna","iso":"PE","pop":280098,"cap":0,"rank":3}},{"type":"Feature","geometry":{"type":"Point","coordinates":[-79.02,-8.12]},"properties":{"name":"Trujillo","iso":"PE","pop":765171,"cap":0,"rank":3}},{"type":"Feature","geometry":{"type":"Point","coordinates":[-75.73,-14.07]},"properties":{"name":"Ica","iso":"PE","pop":279420,"cap":0,"rank":3}},{"type":"Feature","geometry":{"type":"Point","coordinates":[-57.63,-25.29]},"properties":{"name":"Asunci\u00f3n","iso":"PY","pop":1870000,"cap":1,"rank":3}},{"type":"Feature","geometry":{"type":"Point","coordinates":[-86.27,12.15]},"properties":{"name":"Managua","iso":"NI","pop":920000,"cap":1,"rank":3}},{"type":"Feature","geometry":{"type":"Point","coordinates":[-13.24,8.47]},"properties":{"name":"Freetown","iso":"SL","pop":827000,"cap":1,"rank":3}},{"type":"Feature","geometry":{"type":"Point","coordinates":[7.98,17.0]},"properties":{"name":"Agadez","iso":"NE","pop":117770,"cap":0,"rank":3}},{"type":"Feature","geometry":{"type":"Point","coordinates":[24.89,12.06]},"properties":{"name":"Nyala","iso":"SD","pop":392373,"cap":0,"rank":3}},{"type":"Feature","geometry":{"type":"Point","coordinates":[27.99,7.7]},"properties":{"name":"Wau","iso":"SS","pop":127384,"cap":0,"rank":3}},{"type":"Feature","geometry":{"type":"Point","coordinates":[36.39,15.46]},"properties":{"name":"Kassala","iso":"SD","pop":401477,"cap":0,"rank":3}},{"type":"Feature","geometry":{"type":"Point","coordinates":[10.42,63.42]},"properties":{"name":"Trondheim","iso":"NO","pop":147139,"cap":0,"rank":3}},{"type":"Feature","geometry":{"type":"Point","coordinates":[5.32,60.39]},"properties":{"name":"Bergen","iso":"NO","pop":213585,"cap":0,"rank":3}},{"type":"Feature","geometry":{"type":"Point","coordinates":[73.08,33.69]},"properties":{"name":"Islamabad","iso":"PK","pop":780000,"cap":1,"rank":3}},{"type":"Feature","geometry":{"type":"Point","coordinates":[71.45,30.2]},"properties":{"name":"Multan","iso":"PK","pop":1522000,"cap":0,"rank":3}},{"type":"Feature","geometry":{"type":"Point","coordinates":[68.37,25.38]},"properties":{"name":"Hyderabad","iso":"PK","pop":1459000,"cap":0,"rank":3}},{"type":"Feature","geometry":{"type":"Point","coordinates":[71.53,34.01]},"properties":{"name":"Peshawar","iso":"PK","pop":1303000,"cap":0,"rank":3}},{"type":"Feature","geometry":{"type":"Point","coordinates":[85.31,27.72]},"properties":{"name":"Kathmandu","iso":"NP","pop":895000,"cap":1,"rank":3}},{"type":"Feature","geometry":{"type":"Point","coordinates":[40.72,-14.52]},"properties":{"name":"Nacala","iso":"MZ","pop":224795,"cap":0,"rank":3}},{"type":"Feature","geometry":{"type":"Point","coordinates":[26.23,-29.12]},"properties":{"name":"Bloemfontein","iso":"ZA","pop":463064,"cap":1,"rank":3}},{"type":"Feature","geometry":{"type":"Point","coordinates":[28.23,-25.7]},"properties":{"name":"Pretoria","iso":"ZA","pop":1338000,"cap":1,"rank":3}},{"type":"Feature","geometry":{"type":"Point","coordinates":[147.19,-9.46]},"properties":{"name":"Port Moresby","iso":"PG","pop":283733,"cap":1,"rank":3}},{"type":"Feature","geometry":{"type":"Point","coordinates":[159.95,-9.44]},"properties":{"name":"Honiara","iso":"SB","pop":76328,"cap":1,"rank":3}},{"type":"Feature","geometry":{"type":"Point","coordinates":[-79.53,8.97]},"properties":{"name":"Panama City","iso":"PA","pop":1281000,"cap":1,"rank":3}},{"type":"Feature","geometry":{"type":"Point","coordinates":[-5.0,34.06]},"properties":{"name":"Fez","iso":"MA","pop":1002000,"cap":0,"rank":3}},{"type":"Feature","geometry":{"type":"Point","coordinates":[-6.84,34.03]},"properties":{"name":"Rabat","iso":"MA","pop":1705000,"cap":1,"rank":3}},{"type":"Feature","geometry":{"type":"Point","coordinates":[-8.0,31.63]},"properties":{"name":"Marrakesh","iso":"MA","pop":872000,"cap":0,"rank":3}},{"type":"Feature","geometry":{"type":"Point","coordinates":[28.86,47.01]},"properties":{"name":"Chi\u0219in\u0103u","iso":"MD","pop":688134,"cap":1,"rank":3}},{"type":"Feature","geometry":{"type":"Point","coordinates":[34.87,-19.82]},"properties":{"name":"Beira","iso":"MZ","pop":530604,"cap":0,"rank":3}},{"type":"Feature","geometry":{"type":"Point","coordinates":[25.6,-33.97]},"properties":{"name":"Port Elizabeth","iso":"ZA","pop":1021000,"cap":0,"rank":3}},{"type":"Feature","geometry":{"type":"Point","coordinates":[32.59,-25.95]},"properties":{"name":"Maputo","iso":"MZ","pop":1446000,"cap":1,"rank":3}},{"type":"Feature","geometry":{"type":"Point","coordinates":[84.98,56.49]},"properties":{"name":"Tomsk","iso":"RU","pop":535479,"cap":0,"rank":3}},{"type":"Feature","geometry":{"type":"Point","coordinates":[33.1,68.97]},"properties":{"name":"Murmansk","iso":"RU","pop":319263,"cap":0,"rank":3}},{"type":"Feature","geometry":{"type":"Point","coordinates":[40.55,64.57]},"properties":{"name":"Archangel","iso":"RU","pop":356051,"cap":0,"rank":3}},{"type":"Feature","geometry":{"type":"Point","coordinates":[44.0,56.33]},"properties":{"name":"Nizhny Novgorod","iso":"RU","pop":1278000,"cap":0,"rank":3}},{"type":"Feature","geometry":{"type":"Point","coordinates":[44.5,48.71]},"properties":{"name":"Volgograd","iso":"RU","pop":984000,"cap":0,"rank":3}},{"type":"Feature","geometry":{"type":"Point","coordinates":[56.04,54.79]},"properties":{"name":"Ufa","iso":"RU","pop":1018000,"cap":0,"rank":3}},{"type":"Feature","geometry":{"type":"Point","coordinates":[60.6,56.85]},"properties":{"name":"Yekaterinburg","iso":"RU","pop":1313000,"cap":0,"rank":3}},{"type":"Feature","geometry":{"type":"Point","coordinates":[50.15,53.2]},"properties":{"name":"Samara","iso":"RU","pop":1137000,"cap":0,"rank":3}},{"type":"Feature","geometry":{"type":"Point","coordinates":[49.12,55.75]},"properties":{"name":"Kazan","iso":"RU","pop":1115000,"cap":0,"rank":3}},{"type":"Feature","geometry":{"type":"Point","coordinates":[73.43,61.26]},"properties":{"name":"Surgut","iso":"RU","pop":400000,"cap":0,"rank":3}},{"type":"Feature","geometry":{"type":"Point","coordinates":[83.75,53.35]},"properties":{"name":"Barnaul","iso":"RU","pop":599579,"cap":0,"rank":3}},{"type":"Feature","geometry":{"type":"Point","coordinates":[82.96,55.03]},"properties":{"name":"Novosibirsk","iso":"RU","pop":1389000,"cap":0,"rank":3}},{"type":"Feature","geometry":{"type":"Point","coordinates":[45.36,2.07]},"properties":{"name":"Mogadishu","iso":"SO","pop":1100000,"cap":1,"rank":3}},{"type":"Feature","geometry":{"type":"Point","coordinates":[58.38,23.59]},"properties":{"name":"Muscat","iso":"OM","pop":734697,"cap":1,"rank":3}},{"type":"Feature","geometry":{"type":"Point","coordinates":[79.86,6.93]},"properties":{"name":"Colombo","iso":"LK","pop":217000,"cap":1,"rank":3}},{"type":"Feature","geometry":{"type":"Point","coordinates":[123.9,10.32]},"properties":{"name":"Cebu","iso":"PH","pop":815000,"cap":0,"rank":3}},{"type":"Feature","geometry":{"type":"Point","coordinates":[122.55,10.71]},"properties":{"name":"Iloilo","iso":"PH","pop":387681,"cap":0,"rank":3}},{"type":"Feature","geometry":{"type":"Point","coordinates":[125.63,7.11]},"properties":{"name":"Davao","iso":"PH","pop":1402000,"cap":0,"rank":3}},{"type":"Feature","geometry":{"type":"Point","coordinates":[101.62,56.16]},"properties":{"name":"Bratsk","iso":"RU","pop":246348,"cap":0,"rank":3}},{"type":"Feature","geometry":{"type":"Point","coordinates":[104.28,52.28]},"properties":{"name":"Irkutsk","iso":"RU","pop":586695,"cap":0,"rank":3}},{"type":"Feature","geometry":{"type":"Point","coordinates":[92.86,56.02]},"properties":{"name":"Krasnoyarsk","iso":"RU","pop":925000,"cap":0,"rank":3}},{"type":"Feature","geometry":{"type":"Point","coordinates":[113.47,52.06]},"properties":{"name":"Chita","iso":"RU","pop":308500,"cap":0,"rank":3}},{"type":"Feature","geometry":{"type":"Point","coordinates":[131.91,43.13]},"properties":{"name":"Vladivostok","iso":"RU","pop":587022,"cap":0,"rank":3}},{"type":"Feature","geometry":{"type":"Point","coordinates":[129.74,62.03]},"properties":{"name":"Yakutsk","iso":"RU","pop":235600,"cap":0,"rank":3}},{"type":"Feature","geometry":{"type":"Point","coordinates":[-117.08,32.5]},"properties":{"name":"Tijuana","iso":"MX","pop":1553000,"cap":0,"rank":3}},{"type":"Feature","geometry":{"type":"Point","coordinates":[-106.09,28.65]},"properties":{"name":"Chihuahua","iso":"MX","pop":793000,"cap":0,"rank":3}},{"type":"Feature","geometry":{"type":"Point","coordinates":[-106.42,23.22]},"properties":{"name":"Mazatl\u00e1n","iso":"MX","pop":368204,"cap":0,"rank":3}},{"type":"Feature","geometry":{"type":"Point","coordinates":[-97.87,22.3]},"properties":{"name":"Tampico","iso":"MX","pop":859419,"cap":0,"rank":3}},{"type":"Feature","geometry":{"type":"Point","coordinates":[-99.92,16.85]},"properties":{"name":"Acapulco","iso":"MX","pop":715584,"cap":0,"rank":3}},{"type":"Feature","geometry":{"type":"Point","coordinates":[-96.16,19.18]},"properties":{"name":"Veracruz","iso":"MX","pop":578963,"cap":0,"rank":3}},{"type":"Feature","geometry":{"type":"Point","coordinates":[-93.15,16.75]},"properties":{"name":"Tuxtla Guti\u00e9rrez","iso":"MX","pop":481128,"cap":0,"rank":3}},{"type":"Feature","geometry":{"type":"Point","coordinates":[-86.83,21.17]},"properties":{"name":"Canc\u00fan","iso":"MX","pop":542043,"cap":0,"rank":3}},{"type":"Feature","geometry":{"type":"Point","coordinates":[-89.62,20.97]},"properties":{"name":"M\u00e9rida","iso":"MX","pop":965000,"cap":0,"rank":3}},{"type":"Feature","geometry":{"type":"Point","coordinates":[7.5,6.45]},"properties":{"name":"Enugu","iso":"NG","pop":688862,"cap":0,"rank":3}},{"type":"Feature","geometry":{"type":"Point","coordinates":[5.24,13.06]},"properties":{"name":"Sokoto","iso":"NG","pop":732178,"cap":0,"rank":3}},{"type":"Feature","geometry":{"type":"Point","coordinates":[56.25,58.0]},"properties":{"name":"Perm","iso":"RU","pop":997000,"cap":0,"rank":3}},{"type":"Feature","geometry":{"type":"Point","coordinates":[106.91,47.92]},"properties":{"name":"Ulaanbaatar","iso":"MN","pop":885000,"cap":1,"rank":3}},{"type":"Feature","geometry":{"type":"Point","coordinates":[33.43,-8.89]},"properties":{"name":"Mbeya","iso":"TZ","pop":291649,"cap":0,"rank":3}},{"type":"Feature","geometry":{"type":"Point","coordinates":[17.08,-22.57]},"properties":{"name":"Windhoek","iso":"NA","pop":268132,"cap":1,"rank":3}},{"type":"Feature","geometry":{"type":"Point","coordinates":[39.2,-6.16]},"properties":{"name":"Zanzibar","iso":"TZ","pop":403658,"cap":0,"rank":3}},{"type":"Feature","geometry":{"type":"Point","coordinates":[-0.4,39.49]},"properties":{"name":"Valencia","iso":"ES","pop":808000,"cap":0,"rank":3}},{"type":"Feature","geometry":{"type":"Point","coordinates":[158.62,53.06]},"properties":{"name":"Petropavlovsk-Kamchatsky","iso":"RU","pop":187282,"cap":0,"rank":3}},{"type":"Feature","geometry":{"type":"Point","coordinates":[7.49,9.05]},"properties":{"name":"Abuja","iso":"NG","pop":1576000,"cap":1,"rank":3}},{"type":"Feature","geometry":{"type":"Point","coordinates":[100.36,-0.96]},"properties":{"name":"Padang","iso":"ID","pop":855000,"cap":0,"rank":3}},{"type":"Feature","geometry":{"type":"Point","coordinates":[-15.6,11.87]},"properties":{"name":"Bissau","iso":"GW","pop":403339,"cap":1,"rank":3}},{"type":"Feature","geometry":{"type":"Point","coordinates":[13.35,38.13]},"properties":{"name":"Palermo","iso":"IT","pop":863000,"cap":0,"rank":3}},{"type":"Feature","geometry":{"type":"Point","coordinates":[35.93,31.95]},"properties":{"name":"Amman","iso":"JO","pop":1060000,"cap":1,"rank":3}},{"type":"Feature","geometry":{"type":"Point","coordinates":[25.32,54.68]},"properties":{"name":"Vilnius","iso":"LT","pop":542366,"cap":1,"rank":3}},{"type":"Feature","geometry":{"type":"Point","coordinates":[24.1,56.95]},"properties":{"name":"Riga","iso":"LV","pop":742572,"cap":1,"rank":3}},{"type":"Feature","geometry":{"type":"Point","coordinates":[74.58,42.88]},"properties":{"name":"Bishkek","iso":"KG","pop":837000,"cap":1,"rank":3}},{"type":"Feature","geometry":{"type":"Point","coordinates":[98.3,39.82]},"properties":{"name":"Jiayuguan","iso":"CN","pop":148279,"cap":0,"rank":3}},{"type":"Feature","geometry":{"type":"Point","coordinates":[101.77,36.62]},"properties":{"name":"Xining","iso":"CN","pop":1048000,"cap":0,"rank":3}},{"type":"Feature","geometry":{"type":"Point","coordinates":[110.28,25.28]},"properties":{"name":"Guilin","iso":"CN","pop":987000,"cap":0,"rank":3}},{"type":"Feature","geometry":{"type":"Point","coordinates":[116.98,32.63]},"properties":{"name":"Huainan","iso":"CN","pop":1451000,"cap":0,"rank":3}},{"type":"Feature","geometry":{"type":"Point","coordinates":[116.67,23.37]},"properties":{"name":"Shantou","iso":"CN","pop":1601000,"cap":0,"rank":3}},{"type":"Feature","geometry":{"type":"Point","coordinates":[117.63,3.3]},"properties":{"name":"Tarakan","iso":"ID","pop":193069,"cap":0,"rank":3}},{"type":"Feature","geometry":{"type":"Point","coordinates":[39.69,-4.04]},"properties":{"name":"Mombasa","iso":"KE","pop":882000,"cap":0,"rank":3}},{"type":"Feature","geometry":{"type":"Point","coordinates":[27.48,-29.32]},"properties":{"name":"Maseru","iso":"LS","pop":361324,"cap":1,"rank":3}},{"type":"Feature","geometry":{"type":"Point","coordinates":[47.51,-18.91]},"properties":{"name":"Antananarivo","iso":"MG","pop":1697000,"cap":1,"rank":3}},{"type":"Feature","geometry":{"type":"Point","coordinates":[110.42,-6.96]},"properties":{"name":"Semarang","iso":"ID","pop":1396000,"cap":0,"rank":3}},{"type":"Feature","geometry":{"type":"Point","coordinates":[104.75,-2.98]},"properties":{"name":"Palembang","iso":"ID","pop":1749000,"cap":0,"rank":3}},{"type":"Feature","geometry":{"type":"Point","coordinates":[114.58,-3.33]},"properties":{"name":"Bandjarmasin","iso":"ID","pop":603576,"cap":0,"rank":3}},{"type":"Feature","geometry":{"type":"Point","coordinates":[119.43,-5.14]},"properties":{"name":"Makassar","iso":"ID","pop":1262000,"cap":0,"rank":3}},{"type":"Feature","geometry":{"type":"Point","coordinates":[4.83,45.77]},"properties":{"name":"Lyon","iso":"FR","pop":1423000,"cap":0,"rank":3}},{"type":"Feature","geometry":{"type":"Point","coordinates":[-78.5,-0.21]},"properties":{"name":"Quito","iso":"EC","pop":1701000,"cap":1,"rank":3}},{"type":"Feature","geometry":{"type":"Point","coordinates":[-84.08,9.93]},"properties":{"name":"San Jos\u00e9","iso":"CR","pop":1284000,"cap":1,"rank":3}},{"type":"Feature","geometry":{"type":"Point","coordinates":[-89.22,13.7]},"properties":{"name":"San Salvador","iso":"SV","pop":1433000,"cap":1,"rank":3}},{"type":"Feature","geometry":{"type":"Point","coordinates":[-76.77,17.98]},"properties":{"name":"Kingston","iso":"JM","pop":937700,"cap":1,"rank":3}},{"type":"Feature","geometry":{"type":"Point","coordinates":[-75.52,10.4]},"properties":{"name":"Cartagena","iso":"CO","pop":887000,"cap":0,"rank":3}},{"type":"Feature","geometry":{"type":"Point","coordinates":[22.46,2.19]},"properties":{"name":"Bumba","iso":"CD","pop":160539,"cap":0,"rank":3}},{"type":"Feature","geometry":{"type":"Point","coordinates":[15.05,12.12]},"properties":{"name":"N'Djamena","iso":"TD","pop":989000,"cap":1,"rank":3}},{"type":"Feature","geometry":{"type":"Point","coordinates":[20.83,13.84]},"properties":{"name":"Ab\u00e9ch\u00e9","iso":"TD","pop":158317,"cap":0,"rank":3}},{"type":"Feature","geometry":{"type":"Point","coordinates":[8.78,3.75]},"properties":{"name":"Malabo","iso":"GQ","pop":155963,"cap":1,"rank":3}},{"type":"Feature","geometry":{"type":"Point","coordinates":[32.65,25.7]},"properties":{"name":"Luxor","iso":"EG","pop":609248,"cap":0,"rank":3}},{"type":"Feature","geometry":{"type":"Point","coordinates":[38.93,15.33]},"properties":{"name":"Asmara","iso":"ER","pop":620802,"cap":1,"rank":3}},{"type":"Feature","geometry":{"type":"Point","coordinates":[16.0,45.8]},"properties":{"name":"Zagreb","iso":"HR","pop":722526,"cap":1,"rank":3}},{"type":"Feature","geometry":{"type":"Point","coordinates":[24.73,59.43]},"properties":{"name":"Tallinn","iso":"EE","pop":394024,"cap":1,"rank":3}},{"type":"Feature","geometry":{"type":"Point","coordinates":[91.1,29.65]},"properties":{"name":"Lhasa","iso":"CN","pop":219599,"cap":0,"rank":3}},{"type":"Feature","geometry":{"type":"Point","coordinates":[93.52,42.83]},"properties":{"name":"Hami","iso":"CN","pop":580000,"cap":0,"rank":3}},{"type":"Feature","geometry":{"type":"Point","coordinates":[79.93,37.1]},"properties":{"name":"Hotan","iso":"CN","pop":408894,"cap":0,"rank":3}},{"type":"Feature","geometry":{"type":"Point","coordinates":[75.97,39.48]},"properties":{"name":"Kashgar","iso":"CN","pop":506640,"cap":0,"rank":3}},{"type":"Feature","geometry":{"type":"Point","coordinates":[106.27,38.47]},"properties":{"name":"Yinchuan","iso":"CN","pop":991000,"cap":0,"rank":3}},{"type":"Feature","geometry":{"type":"Point","coordinates":[113.85,27.62]},"properties":{"name":"Pingxiang","iso":"CN","pop":961000,"cap":0,"rank":3}},{"type":"Feature","geometry":{"type":"Point","coordinates":[129.89,32.76]},"properties":{"name":"Nagasaki","iso":"JP","pop":435455,"cap":0,"rank":3}},{"type":"Feature","geometry":{"type":"Point","coordinates":[123.99,47.35]},"properties":{"name":"Qiqihar","iso":"CN","pop":1641000,"cap":0,"rank":3}},{"type":"Feature","geometry":{"type":"Point","coordinates":[18.85,-5.03]},"properties":{"name":"Kikwit","iso":"CD","pop":637736,"cap":0,"rank":3}},{"type":"Feature","geometry":{"type":"Point","coordinates":[13.45,-5.82]},"properties":{"name":"Matadi","iso":"CD","pop":245862,"cap":0,"rank":3}},{"type":"Feature","geometry":{"type":"Point","coordinates":[25.47,-10.72]},"properties":{"name":"Kolwezi","iso":"CD","pop":418000,"cap":0,"rank":3}},{"type":"Feature","geometry":{"type":"Point","coordinates":[27.48,-11.68]},"properties":{"name":"Lubumbashi","iso":"CD","pop":1352000,"cap":0,"rank":3}},{"type":"Feature","geometry":{"type":"Point","coordinates":[33.78,-13.98]},"properties":{"name":"Lilongwe","iso":"MW","pop":646750,"cap":1,"rank":3}},{"type":"Feature","geometry":{"type":"Point","coordinates":[-90.53,14.62]},"properties":{"name":"Guatemala City","iso":"GT","pop":1024000,"cap":1,"rank":3}},{"type":"Feature","geometry":{"type":"Point","coordinates":[9.46,0.39]},"properties":{"name":"Libreville","iso":"GA","pop":578156,"cap":1,"rank":3}},{"type":"Feature","geometry":{"type":"Point","coordinates":[83.22,17.68]},"properties":{"name":"Vishakhapatnam","iso":"IN","pop":1529000,"cap":0,"rank":3}},{"type":"Feature","geometry":{"type":"Point","coordinates":[178.44,-18.13]},"properties":{"name":"Suva","iso":"FJ","pop":175399,"cap":1,"rank":3}},{"type":"Feature","geometry":{"type":"Point","coordinates":[8.78,-0.72]},"properties":{"name":"Port-Gentil","iso":"GA","pop":116836,"cap":0,"rank":3}},{"type":"Feature","geometry":{"type":"Point","coordinates":[-70.94,-53.16]},"properties":{"name":"Punta Arenas","iso":"CL","pop":117430,"cap":0,"rank":3}},{"type":"Feature","geometry":{"type":"Point","coordinates":[-70.13,-20.25]},"properties":{"name":"Iquique","iso":"CL","pop":227499,"cap":0,"rank":3}},{"type":"Feature","geometry":{"type":"Point","coordinates":[-70.4,-23.65]},"properties":{"name":"Antofagasta","iso":"CL","pop":309832,"cap":0,"rank":3}},{"type":"Feature","geometry":{"type":"Point","coordinates":[-71.62,-33.05]},"properties":{"name":"Valpara\u00edso","iso":"CL","pop":854000,"cap":0,"rank":3}},{"type":"Feature","geometry":{"type":"Point","coordinates":[-73.23,-39.82]},"properties":{"name":"Valdivia","iso":"CL","pop":159599,"cap":0,"rank":3}},{"type":"Feature","geometry":{"type":"Point","coordinates":[-73.05,-36.83]},"properties":{"name":"Concepci\u00f3n","iso":"CL","pop":889725,"cap":0,"rank":3}},{"type":"Feature","geometry":{"type":"Point","coordinates":[-72.93,-41.47]},"properties":{"name":"Puerto Montt","iso":"CL","pop":174629,"cap":0,"rank":3}},{"type":"Feature","geometry":{"type":"Point","coordinates":[-15.98,18.09]},"properties":{"name":"Nouakchott","iso":"MR","pop":742144,"cap":1,"rank":3}},{"type":"Feature","geometry":{"type":"Point","coordinates":[-8.0,12.65]},"properties":{"name":"Bamako","iso":"ML","pop":1494000,"cap":1,"rank":3}},{"type":"Feature","geometry":{"type":"Point","coordinates":[14.43,27.03]},"properties":{"name":"Sabha","iso":"LY","pop":100249,"cap":0,"rank":3}},{"type":"Feature","geometry":{"type":"Point","coordinates":[20.06,32.12]},"properties":{"name":"Banghazi","iso":"LY","pop":1180000,"cap":0,"rank":3}},{"type":"Feature","geometry":{"type":"Point","coordinates":[22.88,40.7]},"properties":{"name":"Thessaloniki","iso":"GR","pop":828000,"cap":0,"rank":3}},{"type":"Feature","geometry":{"type":"Point","coordinates":[35.51,33.87]},"properties":{"name":"Beirut","iso":"LB","pop":1846000,"cap":1,"rank":3}},{"type":"Feature","geometry":{"type":"Point","coordinates":[44.79,41.73]},"properties":{"name":"Tbilisi","iso":"GE","pop":1100000,"cap":1,"rank":3}},{"type":"Feature","geometry":{"type":"Point","coordinates":[37.46,12.61]},"properties":{"name":"Gondar","iso":"ET","pop":156230,"cap":0,"rank":3}},{"type":"Feature","geometry":{"type":"Point","coordinates":[71.43,51.18]},"properties":{"name":"Nur-Sultan","iso":"KZ","pop":345604,"cap":1,"rank":3}},{"type":"Feature","geometry":{"type":"Point","coordinates":[73.12,49.88]},"properties":{"name":"Qaraghandy","iso":"KZ","pop":451800,"cap":0,"rank":3}},{"type":"Feature","geometry":{"type":"Point","coordinates":[76.91,43.33]},"properties":{"name":"Almaty","iso":"KZ","pop":1209000,"cap":0,"rank":3}},{"type":"Feature","geometry":{"type":"Point","coordinates":[51.7,32.7]},"properties":{"name":"Isfahan","iso":"IR","pop":1628000,"cap":0,"rank":3}},{"type":"Feature","geometry":{"type":"Point","coordinates":[52.57,29.63]},"properties":{"name":"Shiraz","iso":"IR","pop":1240000,"cap":0,"rank":3}},{"type":"Feature","geometry":{"type":"Point","coordinates":[74.87,31.64]},"properties":{"name":"Amritsar","iso":"IN","pop":1212000,"cap":0,"rank":3}},{"type":"Feature","geometry":{"type":"Point","coordinates":[83.0,25.33]},"properties":{"name":"Varanasi","iso":"IN","pop":1352000,"cap":0,"rank":3}},{"type":"Feature","geometry":{"type":"Point","coordinates":[86.98,23.69]},"properties":{"name":"Asansol","iso":"IN","pop":1328000,"cap":0,"rank":3}},{"type":"Feature","geometry":{"type":"Point","coordinates":[81.37,21.21]},"properties":{"name":"Bhilai","iso":"IN","pop":1097000,"cap":0,"rank":3}},{"type":"Feature","geometry":{"type":"Point","coordinates":[77.41,23.25]},"properties":{"name":"Bhopal","iso":"IN","pop":1727000,"cap":0,"rank":3}},{"type":"Feature","geometry":{"type":"Point","coordinates":[78.12,9.92]},"properties":{"name":"Madurai","iso":"IN","pop":1294000,"cap":0,"rank":3}},{"type":"Feature","geometry":{"type":"Point","coordinates":[76.95,11.0]},"properties":{"name":"Coimbatore","iso":"IN","pop":1696000,"cap":0,"rank":3}},{"type":"Feature","geometry":{"type":"Point","coordinates":[102.6,17.97]},"properties":{"name":"Vientiane","iso":"LA","pop":754000,"cap":1,"rank":3}},{"type":"Feature","geometry":{"type":"Point","coordinates":[15.28,-4.26]},"properties":{"name":"Brazzaville","iso":"CG","pop":1355000,"cap":1,"rank":3}},{"type":"Feature","geometry":{"type":"Point","coordinates":[-13.68,9.53]},"properties":{"name":"Conakry","iso":"GN","pop":1494000,"cap":1,"rank":3}},{"type":"Feature","geometry":{"type":"Point","coordinates":[-5.28,6.82]},"properties":{"name":"Yamoussoukro","iso":"CI","pop":206499,"cap":1,"rank":3}},{"type":"Feature","geometry":{"type":"Point","coordinates":[-60.0,-3.1]},"properties":{"name":"Manaus","iso":"BR","pop":1753000,"cap":0,"rank":3}},{"type":"Feature","geometry":{"type":"Point","coordinates":[-43.35,-4.83]},"properties":{"name":"Caxias","iso":"BR","pop":134640,"cap":0,"rank":3}},{"type":"Feature","geometry":{"type":"Point","coordinates":[-54.7,-2.43]},"properties":{"name":"Santar\u00e9m","iso":"BR","pop":230428,"cap":0,"rank":3}},{"type":"Feature","geometry":{"type":"Point","coordinates":[-49.12,-5.35]},"properties":{"name":"Marab\u00e1","iso":"BR","pop":166182,"cap":0,"rank":3}},{"type":"Feature","geometry":{"type":"Point","coordinates":[-54.62,-20.45]},"properties":{"name":"Campo Grande","iso":"BR","pop":778000,"cap":0,"rank":3}},{"type":"Feature","geometry":{"type":"Point","coordinates":[-48.52,-27.58]},"properties":{"name":"Florian\u00f3polis","iso":"BR","pop":1023000,"cap":0,"rank":3}},{"type":"Feature","geometry":{"type":"Point","coordinates":[-38.97,-12.25]},"properties":{"name":"Feira de Santana","iso":"BR","pop":481911,"cap":0,"rank":3}},{"type":"Feature","geometry":{"type":"Point","coordinates":[-97.17,49.88]},"properties":{"name":"Winnipeg","iso":"CA","pop":632063,"cap":0,"rank":3}},{"type":"Feature","geometry":{"type":"Point","coordinates":[-104.62,50.45]},"properties":{"name":"Regina","iso":"CA","pop":176183,"cap":0,"rank":3}},{"type":"Feature","geometry":{"type":"Point","coordinates":[-106.67,52.17]},"properties":{"name":"Saskatoon","iso":"CA","pop":198958,"cap":0,"rank":3}},{"type":"Feature","geometry":{"type":"Point","coordinates":[-114.08,51.08]},"properties":{"name":"Calgary","iso":"CA","pop":1110000,"cap":0,"rank":3}},{"type":"Feature","geometry":{"type":"Point","coordinates":[-123.35,48.43]},"properties":{"name":"Victoria","iso":"CA","pop":289625,"cap":0,"rank":3}},{"type":"Feature","geometry":{"type":"Point","coordinates":[-60.67,2.82]},"properties":{"name":"Boa Vista","iso":"BR","pop":235150,"cap":0,"rank":3}},{"type":"Feature","geometry":{"type":"Point","coordinates":[-51.05,0.03]},"properties":{"name":"Macap\u00e1","iso":"BR","pop":499166,"cap":0,"rank":3}},{"type":"Feature","geometry":{"type":"Point","coordinates":[-75.7,45.42]},"properties":{"name":"Ottawa","iso":"CA","pop":1145000,"cap":1,"rank":3}},{"type":"Feature","geometry":{"type":"Point","coordinates":[-71.25,46.84]},"properties":{"name":"Qu\u00e9bec","iso":"CA","pop":624177,"cap":0,"rank":3}},{"type":"Feature","geometry":{"type":"Point","coordinates":[-63.6,44.65]},"properties":{"name":"Halifax","iso":"CA","pop":359111,"cap":0,"rank":3}},{"type":"Feature","geometry":{"type":"Point","coordinates":[-52.68,47.58]},"properties":{"name":"St. John's","iso":"CA","pop":131469,"cap":0,"rank":3}},{"type":"Feature","geometry":{"type":"Point","coordinates":[20.47,44.82]},"properties":{"name":"Belgrade","iso":"RS","pop":1099000,"cap":1,"rank":3}},{"type":"Feature","geometry":{"type":"Point","coordinates":[114.93,4.88]},"properties":{"name":"Bandar Seri Begawan","iso":"BN","pop":296500,"cap":1,"rank":3}},{"type":"Feature","geometry":{"type":"Point","coordinates":[-67.5,-45.87]},"properties":{"name":"Comodoro Rivadavia","iso":"AR","pop":140850,"cap":0,"rank":3}},{"type":"Feature","geometry":{"type":"Point","coordinates":[-68.82,-32.88]},"properties":{"name":"Mendoza","iso":"AR","pop":893000,"cap":0,"rank":3}},{"type":"Feature","geometry":{"type":"Point","coordinates":[-65.26,-19.04]},"properties":{"name":"Sucre","iso":"BO","pop":224838,"cap":1,"rank":3}},{"type":"Feature","geometry":{"type":"Point","coordinates":[-62.27,-38.74]},"properties":{"name":"Bah\u00eda Blanca","iso":"AR","pop":281536,"cap":0,"rank":3}},{"type":"Feature","geometry":{"type":"Point","coordinates":[-57.58,-38.0]},"properties":{"name":"Mar del Plata","iso":"AR","pop":555897,"cap":0,"rank":3}},{"type":"Feature","geometry":{"type":"Point","coordinates":[-64.18,-31.4]},"properties":{"name":"C\u00f3rdoba","iso":"AR","pop":1452000,"cap":0,"rank":3}},{"type":"Feature","geometry":{"type":"Point","coordinates":[-55.89,-27.36]},"properties":{"name":"Posadas","iso":"AR","pop":357119,"cap":0,"rank":3}},{"type":"Feature","geometry":{"type":"Point","coordinates":[-88.77,17.25]},"properties":{"name":"Belmopan","iso":"BZ","pop":15220,"cap":1,"rank":3}},{"type":"Feature","geometry":{"type":"Point","coordinates":[18.56,4.37]},"properties":{"name":"Bangui","iso":"CF","pop":831925,"cap":1,"rank":3}},{"type":"Feature","geometry":{"type":"Point","coordinates":[14.32,10.6]},"properties":{"name":"Maroua","iso":"CM","pop":319941,"cap":0,"rank":3}},{"type":"Feature","geometry":{"type":"Point","coordinates":[11.51,3.87]},"properties":{"name":"Yaound\u00e9","iso":"CM","pop":1611000,"cap":1,"rank":3}},{"type":"Feature","geometry":{"type":"Point","coordinates":[19.82,41.33]},"properties":{"name":"Tirana","iso":"AL","pop":895350,"cap":1,"rank":3}},{"type":"Feature","geometry":{"type":"Point","coordinates":[44.51,40.18]},"properties":{"name":"Yerevan","iso":"AM","pop":1102000,"cap":1,"rank":3}},{"type":"Feature","geometry":{"type":"Point","coordinates":[49.86,40.4]},"properties":{"name":"Baku","iso":"AZ","pop":2122300,"cap":1,"rank":3}},{"type":"Feature","geometry":{"type":"Point","coordinates":[65.69,31.61]},"properties":{"name":"Kandahar","iso":"AF","pop":715542,"cap":0,"rank":3}},{"type":"Feature","geometry":{"type":"Point","coordinates":[104.91,11.55]},"properties":{"name":"Phnom Penh","iso":"KH","pop":1466000,"cap":1,"rank":3}},{"type":"Feature","geometry":{"type":"Point","coordinates":[15.76,-12.75]},"properties":{"name":"Huambo","iso":"AO","pop":1100000,"cap":0,"rank":3}},{"type":"Feature","geometry":{"type":"Point","coordinates":[-68.15,-16.5]},"properties":{"name":"La Paz","iso":"BO","pop":1590000,"cap":1,"rank":3}},{"type":"Feature","geometry":{"type":"Point","coordinates":[-63.23,-17.75]},"properties":{"name":"Santa Cruz","iso":"BO","pop":2102998,"cap":0,"rank":3}},{"type":"Feature","geometry":{"type":"Point","coordinates":[-0.62,35.71]},"properties":{"name":"Oran","iso":"DZ","pop":798000,"cap":0,"rank":3}},{"type":"Feature","geometry":{"type":"Point","coordinates":[2.4,6.36]},"properties":{"name":"Cotonou","iso":"BJ","pop":762000,"cap":1,"rank":3}},{"type":"Feature","geometry":{"type":"Point","coordinates":[3.67,32.49]},"properties":{"name":"Ghardaia","iso":"DZ","pop":125480,"cap":0,"rank":3}},{"type":"Feature","geometry":{"type":"Point","coordinates":[23.31,42.69]},"properties":{"name":"Sofia","iso":"BG","pop":1185000,"cap":1,"rank":3}},{"type":"Feature","geometry":{"type":"Point","coordinates":[27.56,53.9]},"properties":{"name":"Minsk","iso":"BY","pop":1805000,"cap":1,"rank":3}},{"type":"Feature","geometry":{"type":"Point","coordinates":[89.64,27.47]},"properties":{"name":"Thimphu","iso":"BT","pop":98676,"cap":1,"rank":3}},{"type":"Feature","geometry":{"type":"Point","coordinates":[25.91,-24.65]},"properties":{"name":"Gaborone","iso":"BW","pop":208411,"cap":1,"rank":3}},{"type":"Feature","geometry":{"type":"Point","coordinates":[149.13,-35.28]},"properties":{"name":"Canberra","iso":"AU","pop":327700,"cap":1,"rank":3}},{"type":"Feature","geometry":{"type":"Point","coordinates":[151.77,-32.93]},"properties":{"name":"Newcastle","iso":"AU","pop":540796,"cap":0,"rank":3}},{"type":"Feature","geometry":{"type":"Point","coordinates":[138.6,-34.93]},"properties":{"name":"Adelaide","iso":"AU","pop":1145000,"cap":0,"rank":3}},{"type":"Feature","geometry":{"type":"Point","coordinates":[146.77,-19.25]},"properties":{"name":"Townsville","iso":"AU","pop":138954,"cap":0,"rank":3}},{"type":"Feature","geometry":{"type":"Point","coordinates":[153.03,-27.45]},"properties":{"name":"Brisbane","iso":"AU","pop":1860000,"cap":0,"rank":3}},{"type":"Feature","geometry":{"type":"Point","coordinates":[-1.53,12.37]},"properties":{"name":"Ouagadougou","iso":"BF","pop":1149000,"cap":1,"rank":3}},{"type":"Feature","geometry":{"type":"Point","coordinates":[18.38,43.85]},"properties":{"name":"Sarajevo","iso":"BA","pop":696731,"cap":1,"rank":3}},{"type":"Feature","geometry":{"type":"Point","coordinates":[96.12,19.77]},"properties":{"name":"Naypyidaw","iso":"MM","pop":930000,"cap":1,"rank":3}},{"type":"Feature","geometry":{"type":"Point","coordinates":[-66.13,18.44]},"properties":{"name":"San Juan","iso":"PR","pop":2478905,"cap":0,"rank":3}},{"type":"Feature","geometry":{"type":"Point","coordinates":[-64.78,32.29]},"properties":{"name":"Hamilton","iso":"BM","pop":52320,"cap":1,"rank":3}},{"type":"Feature","geometry":{"type":"Point","coordinates":[-175.22,-21.14]},"properties":{"name":"Nuku'alofa","iso":"TO","pop":42620,"cap":1,"rank":3}},{"type":"Feature","geometry":{"type":"Point","coordinates":[44.07,9.56]},"properties":{"name":"Hargeisa","iso":"-99","pop":477876,"cap":1,"rank":3}},{"type":"Feature","geometry":{"type":"Point","coordinates":[55.45,-4.62]},"properties":{"name":"Victoria","iso":"SC","pop":33576,"cap":1,"rank":3}},{"type":"Feature","geometry":{"type":"Point","coordinates":[6.73,0.34]},"properties":{"name":"S\u00e3o Tom\u00e9","iso":"ST","pop":88219,"cap":1,"rank":3}},{"type":"Feature","geometry":{"type":"Point","coordinates":[-171.77,-13.84]},"properties":{"name":"Apia","iso":"WS","pop":61916,"cap":1,"rank":3}},{"type":"Feature","geometry":{"type":"Point","coordinates":[14.51,35.9]},"properties":{"name":"Valletta","iso":"MT","pop":368250,"cap":1,"rank":3}},{"type":"Feature","geometry":{"type":"Point","coordinates":[73.51,4.17]},"properties":{"name":"Mal\u00e9","iso":"MV","pop":112927,"cap":1,"rank":3}},{"type":"Feature","geometry":{"type":"Point","coordinates":[35.21,31.78]},"properties":{"name":"Jerusalem","iso":"IL","pop":1029300,"cap":1,"rank":3}},{"type":"Feature","geometry":{"type":"Point","coordinates":[-23.52,14.92]},"properties":{"name":"Praia","iso":"CV","pop":113364,"cap":1,"rank":3}},{"type":"Feature","geometry":{"type":"Point","coordinates":[-77.35,25.08]},"properties":{"name":"Nassau","iso":"BS","pop":227940,"cap":1,"rank":3}},{"type":"Feature","geometry":{"type":"Point","coordinates":[33.37,35.17]},"properties":{"name":"Nicosia","iso":"CY","pop":224300,"cap":1,"rank":3}},{"type":"Feature","geometry":{"type":"Point","coordinates":[120.27,22.63]},"properties":{"name":"Kaohsiung","iso":"TW","pop":2769072,"cap":0,"rank":3}},{"type":"Feature","geometry":{"type":"Point","coordinates":[174.78,-41.29]},"properties":{"name":"Wellington","iso":"NZ","pop":393400,"cap":1,"rank":3}},{"type":"Feature","geometry":{"type":"Point","coordinates":[172.63,-43.54]},"properties":{"name":"Christchurch","iso":"NZ","pop":363200,"cap":0,"rank":3}},{"type":"Feature","geometry":{"type":"Point","coordinates":[114.06,22.55]},"properties":{"name":"Shenzhen","iso":"CN","pop":7581000,"cap":0,"rank":2}},{"type":"Feature","geometry":{"type":"Point","coordinates":[118.0,36.82]},"properties":{"name":"Zibo","iso":"CN","pop":3061000,"cap":0,"rank":2}},{"type":"Feature","geometry":{"type":"Point","coordinates":[-93.25,44.98]},"properties":{"name":"Minneapolis","iso":"US","pop":2616000,"cap":0,"rank":2}},{"type":"Feature","geometry":{"type":"Point","coordinates":[-157.86,21.3]},"properties":{"name":"Honolulu","iso":"US","pop":786000,"cap":0,"rank":2}},{"type":"Feature","geometry":{"type":"Point","coordinates":[-122.32,47.6]},"properties":{"name":"Seattle","iso":"US","pop":3074000,"cap":0,"rank":2}},{"type":"Feature","geometry":{"type":"Point","coordinates":[-112.07,33.45]},"properties":{"name":"Phoenix","iso":"US","pop":3551000,"cap":0,"rank":2}},{"type":"Feature","geometry":{"type":"Point","coordinates":[-117.15,32.72]},"properties":{"name":"San Diego","iso":"US","pop":2916000,"cap":0,"rank":2}},{"type":"Feature","geometry":{"type":"Point","coordinates":[-90.24,38.64]},"properties":{"name":"St. Louis","iso":"US","pop":2199000,"cap":0,"rank":2}},{"type":"Feature","geometry":{"type":"Point","coordinates":[-90.09,29.97]},"properties":{"name":"New Orleans","iso":"US","pop":785000,"cap":0,"rank":2}},{"type":"Feature","geometry":{"type":"Point","coordinates":[-96.79,32.77]},"properties":{"name":"Dallas","iso":"US","pop":4798000,"cap":0,"rank":2}},{"type":"Feature","geometry":{"type":"Point","coordinates":[-71.66,10.73]},"properties":{"name":"Maracaibo","iso":"VE","pop":2072000,"cap":0,"rank":2}},{"type":"Feature","geometry":{"type":"Point","coordinates":[-71.07,42.33]},"properties":{"name":"Boston","iso":"US","pop":4467000,"cap":0,"rank":2}},{"type":"Feature","geometry":{"type":"Point","coordinates":[-82.46,27.95]},"properties":{"name":"Tampa","iso":"US","pop":2314000,"cap":0,"rank":2}},{"type":"Feature","geometry":{"type":"Point","coordinates":[-75.18,39.95]},"properties":{"name":"Philadelphia","iso":"US","pop":5492000,"cap":0,"rank":2}},{"type":"Feature","geometry":{"type":"Point","coordinates":[-83.05,42.33]},"properties":{"name":"Detroit","iso":"US","pop":4101000,"cap":0,"rank":2}},{"type":"Feature","geometry":{"type":"Point","coordinates":[-149.89,61.21]},"properties":{"name":"Anchorage","iso":"US","pop":260283,"cap":0,"rank":2}},{"type":"Feature","geometry":{"type":"Point","coordinates":[105.85,21.04]},"properties":{"name":"Hanoi","iso":"VN","pop":4378000,"cap":1,"rank":2}},{"type":"Feature","geometry":{"type":"Point","coordinates":[106.7,10.76]},"properties":{"name":"Ho Chi Minh City","iso":"VN","pop":5314000,"cap":0,"rank":2}},{"type":"Feature","geometry":{"type":"Point","coordinates":[32.86,39.93]},"properties":{"name":"Ankara","iso":"TR","pop":3716000,"cap":1,"rank":2}},{"type":"Feature","geometry":{"type":"Point","coordinates":[19.08,47.5]},"properties":{"name":"Budapest","iso":"HU","pop":1679000,"cap":1,"rank":2}},{"type":"Feature","geometry":{"type":"Point","coordinates":[44.2,15.36]},"properties":{"name":"Sanaa","iso":"YE","pop":2008000,"cap":1,"rank":2}},{"type":"Feature","geometry":{"type":"Point","coordinates":[2.18,41.39]},"properties":{"name":"Barcelona","iso":"ES","pop":4920000,"cap":0,"rank":2}},{"type":"Feature","geometry":{"type":"Point","coordinates":[26.1,44.44]},"properties":{"name":"Bucharest","iso":"RO","pop":1942000,"cap":1,"rank":2}},{"type":"Feature","geometry":{"type":"Point","coordinates":[37.17,36.23]},"properties":{"name":"Aleppo","iso":"SY","pop":2738000,"cap":0,"rank":2}},{"type":"Feature","geometry":{"type":"Point","coordinates":[36.3,33.5]},"properties":{"name":"Damascus","iso":"SY","pop":2466000,"cap":1,"rank":2}},{"type":"Feature","geometry":{"type":"Point","coordinates":[8.55,47.38]},"properties":{"name":"Z\u00fcrich","iso":"CH","pop":1108000,"cap":0,"rank":2}},{"type":"Feature","geometry":{"type":"Point","coordinates":[-9.15,38.72]},"properties":{"name":"Lisbon","iso":"PT","pop":2812000,"cap":1,"rank":2}},{"type":"Feature","geometry":{"type":"Point","coordinates":[32.53,15.59]},"properties":{"name":"Khartoum","iso":"SD","pop":4754000,"cap":1,"rank":2}},{"type":"Feature","geometry":{"type":"Point","coordinates":[39.22,21.52]},"properties":{"name":"Jeddah","iso":"SA","pop":3012000,"cap":0,"rank":2}},{"type":"Feature","geometry":{"type":"Point","coordinates":[39.82,21.43]},"properties":{"name":"Makkah","iso":"SA","pop":1385000,"cap":0,"rank":2}},{"type":"Feature","geometry":{"type":"Point","coordinates":[10.75,59.92]},"properties":{"name":"Oslo","iso":"NO","pop":835000,"cap":1,"rank":2}},{"type":"Feature","geometry":{"type":"Point","coordinates":[74.35,31.56]},"properties":{"name":"Lahore","iso":"PK","pop":6577000,"cap":0,"rank":2}},{"type":"Feature","geometry":{"type":"Point","coordinates":[66.99,24.87]},"properties":{"name":"Karachi","iso":"PK","pop":12130000,"cap":0,"rank":2}},{"type":"Feature","geometry":{"type":"Point","coordinates":[31.01,-29.86]},"properties":{"name":"Durban","iso":"ZA","pop":2729000,"cap":0,"rank":2}},{"type":"Feature","geometry":{"type":"Point","coordinates":[30.31,59.94]},"properties":{"name":"St.  Petersburg","iso":"RU","pop":4553000,"cap":0,"rank":2}},{"type":"Feature","geometry":{"type":"Point","coordinates":[-103.33,20.67]},"properties":{"name":"Guadalajara","iso":"MX","pop":4198000,"cap":0,"rank":2}},{"type":"Feature","geometry":{"type":"Point","coordinates":[-98.2,19.03]},"properties":{"name":"Puebla","iso":"MX","pop":2195000,"cap":0,"rank":2}},{"type":"Feature","geometry":{"type":"Point","coordinates":[8.52,12.0]},"properties":{"name":"Kano","iso":"NG","pop":3140000,"cap":0,"rank":2}},{"type":"Feature","geometry":{"type":"Point","coordinates":[21.01,52.23]},"properties":{"name":"Warsaw","iso":"PL","pop":1707000,"cap":1,"rank":2}},{"type":"Feature","geometry":{"type":"Point","coordinates":[125.75,39.02]},"properties":{"name":"Pyongyang","iso":"KP","pop":3300000,"cap":1,"rank":2}},{"type":"Feature","geometry":{"type":"Point","coordinates":[39.27,-6.8]},"properties":{"name":"Dar es Salaam","iso":"TZ","pop":2930000,"cap":1,"rank":2}},{"type":"Feature","geometry":{"type":"Point","coordinates":[98.65,3.58]},"properties":{"name":"Medan","iso":"ID","pop":2115000,"cap":0,"rank":2}},{"type":"Feature","geometry":{"type":"Point","coordinates":[-6.26,53.35]},"properties":{"name":"Dublin","iso":"IE","pop":1059000,"cap":1,"rank":2}},{"type":"Feature","geometry":{"type":"Point","coordinates":[-10.8,6.31]},"properties":{"name":"Monrovia","iso":"LR","pop":1041000,"cap":1,"rank":2}},{"type":"Feature","geometry":{"type":"Point","coordinates":[14.24,40.84]},"properties":{"name":"Naples","iso":"IT","pop":2250000,"cap":0,"rank":2}},{"type":"Feature","geometry":{"type":"Point","coordinates":[9.2,45.47]},"properties":{"name":"Milan","iso":"IT","pop":2945000,"cap":0,"rank":2}},{"type":"Feature","geometry":{"type":"Point","coordinates":[101.69,3.14]},"properties":{"name":"Kuala Lumpur","iso":"MY","pop":1448000,"cap":1,"rank":2}},{"type":"Feature","geometry":{"type":"Point","coordinates":[103.79,36.06]},"properties":{"name":"Lanzhou","iso":"CN","pop":2561000,"cap":0,"rank":2}},{"type":"Feature","geometry":{"type":"Point","coordinates":[108.32,22.82]},"properties":{"name":"Nanning","iso":"CN","pop":2167000,"cap":0,"rank":2}},{"type":"Feature","geometry":{"type":"Point","coordinates":[106.72,26.58]},"properties":{"name":"Guiyang","iso":"CN","pop":3662000,"cap":0,"rank":2}},{"type":"Feature","geometry":{"type":"Point","coordinates":[106.59,29.57]},"properties":{"name":"Chongqing","iso":"CN","pop":6461000,"cap":0,"rank":2}},{"type":"Feature","geometry":{"type":"Point","coordinates":[119.3,26.08]},"properties":{"name":"Fuzhou","iso":"CN","pop":2606000,"cap":0,"rank":2}},{"type":"Feature","geometry":{"type":"Point","coordinates":[113.26,23.12]},"properties":{"name":"Guangzhou","iso":"CN","pop":8829000,"cap":0,"rank":2}},{"type":"Feature","geometry":{"type":"Point","coordinates":[113.75,23.02]},"properties":{"name":"Dongguan","iso":"CN","pop":4528000,"cap":0,"rank":2}},{"type":"Feature","geometry":{"type":"Point","coordinates":[107.57,-6.95]},"properties":{"name":"Bandung","iso":"ID","pop":2394000,"cap":0,"rank":2}},{"type":"Feature","geometry":{"type":"Point","coordinates":[112.75,-7.25]},"properties":{"name":"Surabaya","iso":"ID","pop":2845000,"cap":0,"rank":2}},{"type":"Feature","geometry":{"type":"Point","coordinates":[-79.92,-2.22]},"properties":{"name":"Guayaquil","iso":"EC","pop":2514000,"cap":0,"rank":2}},{"type":"Feature","geometry":{"type":"Point","coordinates":[-75.58,6.28]},"properties":{"name":"Medell\u00edn","iso":"CO","pop":3297000,"cap":0,"rank":2}},{"type":"Feature","geometry":{"type":"Point","coordinates":[-76.5,3.4]},"properties":{"name":"Cali","iso":"CO","pop":2254000,"cap":0,"rank":2}},{"type":"Feature","geometry":{"type":"Point","coordinates":[-82.37,23.13]},"properties":{"name":"Havana","iso":"CU","pop":2174000,"cap":1,"rank":2}},{"type":"Feature","geometry":{"type":"Point","coordinates":[29.95,31.2]},"properties":{"name":"Alexandria","iso":"EG","pop":4165000,"cap":0,"rank":2}},{"type":"Feature","geometry":{"type":"Point","coordinates":[8.68,50.1]},"properties":{"name":"Frankfurt","iso":"DE","pop":2895000,"cap":0,"rank":2}},{"type":"Feature","geometry":{"type":"Point","coordinates":[10.0,53.55]},"properties":{"name":"Hamburg","iso":"DE","pop":1757000,"cap":0,"rank":2}},{"type":"Feature","geometry":{"type":"Point","coordinates":[11.57,48.13]},"properties":{"name":"Munich","iso":"DE","pop":1275000,"cap":0,"rank":2}},{"type":"Feature","geometry":{"type":"Point","coordinates":[14.42,50.09]},"properties":{"name":"Prague","iso":"CZ","pop":1162000,"cap":1,"rank":2}},{"type":"Feature","geometry":{"type":"Point","coordinates":[47.98,29.37]},"properties":{"name":"Kuwait City","iso":"KW","pop":2063000,"cap":1,"rank":2}},{"type":"Feature","geometry":{"type":"Point","coordinates":[108.89,34.28]},"properties":{"name":"Xian","iso":"CN","pop":4009000,"cap":0,"rank":2}},{"type":"Feature","geometry":{"type":"Point","coordinates":[112.54,37.88]},"properties":{"name":"Taiyuan","iso":"CN","pop":2913000,"cap":0,"rank":2}},{"type":"Feature","geometry":{"type":"Point","coordinates":[114.27,30.58]},"properties":{"name":"Wuhan","iso":"CN","pop":7243000,"cap":0,"rank":2}},{"type":"Feature","geometry":{"type":"Point","coordinates":[112.97,28.2]},"properties":{"name":"Changsha","iso":"CN","pop":2604000,"cap":0,"rank":2}},{"type":"Feature","geometry":{"type":"Point","coordinates":[102.7,25.04]},"properties":{"name":"Kunming","iso":"CN","pop":2931000,"cap":0,"rank":2}},{"type":"Feature","geometry":{"type":"Point","coordinates":[113.66,34.76]},"properties":{"name":"Zhengzhou","iso":"CN","pop":2636000,"cap":0,"rank":2}},{"type":"Feature","geometry":{"type":"Point","coordinates":[123.45,41.81]},"properties":{"name":"Shenyeng","iso":"CN","pop":4787000,"cap":0,"rank":2}},{"type":"Feature","geometry":{"type":"Point","coordinates":[116.99,36.68]},"properties":{"name":"Jinan","iso":"CN","pop":2798000,"cap":0,"rank":2}},{"type":"Feature","geometry":{"type":"Point","coordinates":[117.2,39.08]},"properties":{"name":"Tianjin","iso":"CN","pop":7180000,"cap":0,"rank":2}},{"type":"Feature","geometry":{"type":"Point","coordinates":[115.88,28.68]},"properties":{"name":"Nanchang","iso":"CN","pop":2350000,"cap":0,"rank":2}},{"type":"Feature","geometry":{"type":"Point","coordinates":[118.78,32.05]},"properties":{"name":"Nanjing","iso":"CN","pop":3679000,"cap":0,"rank":2}},{"type":"Feature","geometry":{"type":"Point","coordinates":[120.17,30.25]},"properties":{"name":"Hangzhou","iso":"CN","pop":3007000,"cap":0,"rank":2}},{"type":"Feature","geometry":{"type":"Point","coordinates":[132.44,34.39]},"properties":{"name":"Hiroshima","iso":"JP","pop":2045000,"cap":0,"rank":2}},{"type":"Feature","geometry":{"type":"Point","coordinates":[125.34,43.87]},"properties":{"name":"Changchun","iso":"CN","pop":3183000,"cap":0,"rank":2}},{"type":"Feature","geometry":{"type":"Point","coordinates":[109.82,40.65]},"properties":{"name":"Baotou","iso":"CN","pop":2036000,"cap":0,"rank":2}},{"type":"Feature","geometry":{"type":"Point","coordinates":[126.65,45.75]},"properties":{"name":"Harbin","iso":"CN","pop":3621000,"cap":0,"rank":2}},{"type":"Feature","geometry":{"type":"Point","coordinates":[141.34,43.08]},"properties":{"name":"Sapporo","iso":"JP","pop":2544000,"cap":0,"rank":2}},{"type":"Feature","geometry":{"type":"Point","coordinates":[-69.93,18.47]},"properties":{"name":"Santo Domingo","iso":"DO","pop":2154000,"cap":1,"rank":2}},{"type":"Feature","geometry":{"type":"Point","coordinates":[-0.22,5.55]},"properties":{"name":"Accra","iso":"GH","pop":2121000,"cap":1,"rank":2}},{"type":"Feature","geometry":{"type":"Point","coordinates":[77.23,28.67]},"properties":{"name":"Delhi","iso":"IN","pop":15926000,"cap":0,"rank":2}},{"type":"Feature","geometry":{"type":"Point","coordinates":[78.48,17.4]},"properties":{"name":"Hyderabad","iso":"IN","pop":6376000,"cap":0,"rank":2}},{"type":"Feature","geometry":{"type":"Point","coordinates":[73.85,18.52]},"properties":{"name":"Pune","iso":"IN","pop":4672000,"cap":0,"rank":2}},{"type":"Feature","geometry":{"type":"Point","coordinates":[79.09,21.17]},"properties":{"name":"Nagpur","iso":"IN","pop":2454000,"cap":0,"rank":2}},{"type":"Feature","geometry":{"type":"Point","coordinates":[13.18,32.89]},"properties":{"name":"Tripoli","iso":"LY","pop":2189000,"cap":1,"rank":2}},{"type":"Feature","geometry":{"type":"Point","coordinates":[34.77,32.08]},"properties":{"name":"Tel Aviv","iso":"IL","pop":3112000,"cap":0,"rank":2}},{"type":"Feature","geometry":{"type":"Point","coordinates":[24.93,60.16]},"properties":{"name":"Helsinki","iso":"FI","pop":1115000,"cap":1,"rank":2}},{"type":"Feature","geometry":{"type":"Point","coordinates":[59.57,36.27]},"properties":{"name":"Mashhad","iso":"IR","pop":2469000,"cap":0,"rank":2}},{"type":"Feature","geometry":{"type":"Point","coordinates":[75.81,26.92]},"properties":{"name":"Jaipur","iso":"IN","pop":2917000,"cap":0,"rank":2}},{"type":"Feature","geometry":{"type":"Point","coordinates":[80.32,26.46]},"properties":{"name":"Kanpur","iso":"IN","pop":3162000,"cap":0,"rank":2}},{"type":"Feature","geometry":{"type":"Point","coordinates":[85.13,25.63]},"properties":{"name":"Patna","iso":"IN","pop":2158000,"cap":0,"rank":2}},{"type":"Feature","geometry":{"type":"Point","coordinates":[80.28,13.09]},"properties":{"name":"Chennai","iso":"IN","pop":7163000,"cap":0,"rank":2}},{"type":"Feature","geometry":{"type":"Point","coordinates":[72.58,23.03]},"properties":{"name":"Ahmedabad","iso":"IN","pop":5375000,"cap":0,"rank":2}},{"type":"Feature","geometry":{"type":"Point","coordinates":[72.84,21.2]},"properties":{"name":"Surat","iso":"IN","pop":3842000,"cap":0,"rank":2}},{"type":"Feature","geometry":{"type":"Point","coordinates":[12.56,55.68]},"properties":{"name":"K\u00f8benhavn","iso":"DK","pop":1085000,"cap":1,"rank":2}},{"type":"Feature","geometry":{"type":"Point","coordinates":[-4.02,5.32]},"properties":{"name":"Abidjan","iso":"CI","pop":3802000,"cap":1,"rank":2}},{"type":"Feature","geometry":{"type":"Point","coordinates":[-48.48,-1.45]},"properties":{"name":"Bel\u00e9m","iso":"BR","pop":2167000,"cap":0,"rank":2}},{"type":"Feature","geometry":{"type":"Point","coordinates":[-47.92,-15.78]},"properties":{"name":"Bras\u00edlia","iso":"BR","pop":3716996,"cap":1,"rank":2}},{"type":"Feature","geometry":{"type":"Point","coordinates":[-51.2,-30.05]},"properties":{"name":"Porto Alegre","iso":"BR","pop":3917000,"cap":0,"rank":2}},{"type":"Feature","geometry":{"type":"Point","coordinates":[-49.32,-25.42]},"properties":{"name":"Curitiba","iso":"BR","pop":3084000,"cap":0,"rank":2}},{"type":"Feature","geometry":{"type":"Point","coordinates":[-38.58,-3.75]},"properties":{"name":"Fortaleza","iso":"BR","pop":3602319,"cap":0,"rank":2}},{"type":"Feature","geometry":{"type":"Point","coordinates":[-38.48,-12.97]},"properties":{"name":"Salvador","iso":"BR","pop":3484000,"cap":0,"rank":2}},{"type":"Feature","geometry":{"type":"Point","coordinates":[-113.5,53.55]},"properties":{"name":"Edmonton","iso":"CA","pop":1058000,"cap":0,"rank":2}},{"type":"Feature","geometry":{"type":"Point","coordinates":[-73.59,45.5]},"properties":{"name":"Montr\u00e9al","iso":"CA","pop":3678000,"cap":0,"rank":2}},{"type":"Feature","geometry":{"type":"Point","coordinates":[-49.3,-16.72]},"properties":{"name":"Goi\u00e2nia","iso":"BR","pop":2022000,"cap":0,"rank":2}},{"type":"Feature","geometry":{"type":"Point","coordinates":[-34.91,-8.06]},"properties":{"name":"Recife","iso":"BR","pop":3651000,"cap":0,"rank":2}},{"type":"Feature","geometry":{"type":"Point","coordinates":[4.33,50.84]},"properties":{"name":"Brussels","iso":"BE","pop":1743000,"cap":1,"rank":2}},{"type":"Feature","geometry":{"type":"Point","coordinates":[90.41,23.73]},"properties":{"name":"Dhaka","iso":"BD","pop":12797394,"cap":1,"rank":2}},{"type":"Feature","geometry":{"type":"Point","coordinates":[13.23,-8.84]},"properties":{"name":"Luanda","iso":"AO","pop":5172900,"cap":1,"rank":2}},{"type":"Feature","geometry":{"type":"Point","coordinates":[3.05,36.77]},"properties":{"name":"Algiers","iso":"DZ","pop":3354000,"cap":1,"rank":2}},{"type":"Feature","geometry":{"type":"Point","coordinates":[91.8,22.33]},"properties":{"name":"Chattogram","iso":"BD","pop":4529000,"cap":0,"rank":2}},{"type":"Feature","geometry":{"type":"Point","coordinates":[115.84,-31.95]},"properties":{"name":"Perth","iso":"AU","pop":1532000,"cap":0,"rank":2}},{"type":"Feature","geometry":{"type":"Point","coordinates":[96.16,16.79]},"properties":{"name":"Yangon","iso":"MM","pop":4088000,"cap":0,"rank":2}},{"type":"Feature","geometry":{"type":"Point","coordinates":[-122.4,37.78]},"properties":{"name":"San Francisco","iso":"US","pop":3450000,"cap":0,"rank":1}},{"type":"Feature","geometry":{"type":"Point","coordinates":[-104.99,39.74]},"properties":{"name":"Denver","iso":"US","pop":2313000,"cap":0,"rank":1}},{"type":"Feature","geometry":{"type":"Point","coordinates":[-95.35,29.74]},"properties":{"name":"Houston","iso":"US","pop":4459000,"cap":0,"rank":1}},{"type":"Feature","geometry":{"type":"Point","coordinates":[-80.23,25.79]},"properties":{"name":"Miami","iso":"US","pop":5585000,"cap":0,"rank":1}},{"type":"Feature","geometry":{"type":"Point","coordinates":[-84.37,33.74]},"properties":{"name":"Atlanta","iso":"US","pop":4506000,"cap":0,"rank":1}},{"type":"Feature","geometry":{"type":"Point","coordinates":[-87.64,41.85]},"properties":{"name":"Chicago","iso":"US","pop":8990000,"cap":0,"rank":1}},{"type":"Feature","geometry":{"type":"Point","coordinates":[-66.92,10.5]},"properties":{"name":"Caracas","iso":"VE","pop":2985000,"cap":1,"rank":1}},{"type":"Feature","geometry":{"type":"Point","coordinates":[30.51,50.44]},"properties":{"name":"Kyiv","iso":"UA","pop":2709000,"cap":1,"rank":1}},{"type":"Feature","geometry":{"type":"Point","coordinates":[55.29,25.21]},"properties":{"name":"Dubai","iso":"AE","pop":1379000,"cap":0,"rank":1}},{"type":"Feature","geometry":{"type":"Point","coordinates":[69.27,41.3]},"properties":{"name":"Tashkent","iso":"UZ","pop":2184000,"cap":1,"rank":1}},{"type":"Feature","geometry":{"type":"Point","coordinates":[-3.69,40.4]},"properties":{"name":"Madrid","iso":"ES","pop":5567000,"cap":1,"rank":1}},{"type":"Feature","geometry":{"type":"Point","coordinates":[6.14,46.21]},"properties":{"name":"Geneva","iso":"CH","pop":1240000,"cap":0,"rank":1}},{"type":"Feature","geometry":{"type":"Point","coordinates":[18.07,59.32]},"properties":{"name":"Stockholm","iso":"SE","pop":1264000,"cap":1,"rank":1}},{"type":"Feature","geometry":{"type":"Point","coordinates":[100.51,13.75]},"properties":{"name":"Bangkok","iso":"TH","pop":6704000,"cap":1,"rank":1}},{"type":"Feature","geometry":{"type":"Point","coordinates":[-77.05,-12.05]},"properties":{"name":"Lima","iso":"PE","pop":8012000,"cap":1,"rank":1}},{"type":"Feature","geometry":{"type":"Point","coordinates":[-17.48,14.72]},"properties":{"name":"Dakar","iso":"SN","pop":2604000,"cap":1,"rank":1}},{"type":"Feature","geometry":{"type":"Point","coordinates":[28.03,-26.17]},"properties":{"name":"Johannesburg","iso":"ZA","pop":3435000,"cap":0,"rank":1}},{"type":"Feature","geometry":{"type":"Point","coordinates":[4.91,52.35]},"properties":{"name":"Amsterdam","iso":"NL","pop":1031000,"cap":1,"rank":1}},{"type":"Feature","geometry":{"type":"Point","coordinates":[-7.62,33.6]},"properties":{"name":"Casablanca","iso":"MA","pop":3181000,"cap":0,"rank":1}},{"type":"Feature","geometry":{"type":"Point","coordinates":[127.0,37.57]},"properties":{"name":"Seoul","iso":"KR","pop":9796000,"cap":1,"rank":1}},{"type":"Feature","geometry":{"type":"Point","coordinates":[120.98,14.61]},"properties":{"name":"Manila","iso":"PH","pop":11100000,"cap":1,"rank":1}},{"type":"Feature","geometry":{"type":"Point","coordinates":[-100.33,25.67]},"properties":{"name":"Monterrey","iso":"MX","pop":3712000,"cap":0,"rank":1}},{"type":"Feature","geometry":{"type":"Point","coordinates":[13.4,52.52]},"properties":{"name":"Berlin","iso":"DE","pop":3406000,"cap":1,"rank":1}},{"type":"Feature","geometry":{"type":"Point","coordinates":[87.57,43.81]},"properties":{"name":"\u00dcr\u00fcmqi","iso":"CN","pop":3575000,"cap":0,"rank":1}},{"type":"Feature","geometry":{"type":"Point","coordinates":[104.07,30.67]},"properties":{"name":"Chengdu","iso":"CN","pop":4123000,"cap":0,"rank":1}},{"type":"Feature","geometry":{"type":"Point","coordinates":[135.5,34.69]},"properties":{"name":"\u014csaka","iso":"JP","pop":11294000,"cap":0,"rank":1}},{"type":"Feature","geometry":{"type":"Point","coordinates":[15.31,-4.33]},"properties":{"name":"Kinshasa","iso":"CD","pop":7843000,"cap":1,"rank":1}},{"type":"Feature","geometry":{"type":"Point","coordinates":[77.2,28.6]},"properties":{"name":"New Delhi","iso":"IN","pop":317797,"cap":1,"rank":1}},{"type":"Feature","geometry":{"type":"Point","coordinates":[77.56,12.97]},"properties":{"name":"Bengaluru","iso":"IN","pop":6787000,"cap":0,"rank":1}},{"type":"Feature","geometry":{"type":"Point","coordinates":[23.73,37.99]},"properties":{"name":"Athens","iso":"GR","pop":3242000,"cap":1,"rank":1}},{"type":"Feature","geometry":{"type":"Point","coordinates":[44.39,33.34]},"properties":{"name":"Baghdad","iso":"IQ","pop":5054000,"cap":1,"rank":1}},{"type":"Feature","geometry":{"type":"Point","coordinates":[38.7,9.04]},"properties":{"name":"Addis Ababa","iso":"ET","pop":3100000,"cap":1,"rank":1}},{"type":"Feature","geometry":{"type":"Point","coordinates":[51.42,35.67]},"properties":{"name":"Tehran","iso":"IR","pop":7873000,"cap":1,"rank":1}},{"type":"Feature","geometry":{"type":"Point","coordinates":[-123.12,49.28]},"properties":{"name":"Vancouver","iso":"CA","pop":2313328,"cap":0,"rank":1}},{"type":"Feature","geometry":{"type":"Point","coordinates":[-79.39,43.66]},"properties":{"name":"Toronto","iso":"CA","pop":5213000,"cap":0,"rank":1}},{"type":"Feature","geometry":{"type":"Point","coordinates":[-58.43,-34.61]},"properties":{"name":"Buenos Aires","iso":"AR","pop":12795000,"cap":1,"rank":1}},{"type":"Feature","geometry":{"type":"Point","coordinates":[69.18,34.52]},"properties":{"name":"Kabul","iso":"AF","pop":3277000,"cap":1,"rank":1}},{"type":"Feature","geometry":{"type":"Point","coordinates":[16.36,48.2]},"properties":{"name":"Vienna","iso":"AT","pop":2400000,"cap":1,"rank":1}},{"type":"Feature","geometry":{"type":"Point","coordinates":[144.97,-37.82]},"properties":{"name":"Melbourne","iso":"AU","pop":4170000,"cap":0,"rank":1}},{"type":"Feature","geometry":{"type":"Point","coordinates":[121.57,25.04]},"properties":{"name":"Taipei","iso":"TW","pop":6900273,"cap":1,"rank":1}},{"type":"Feature","geometry":{"type":"Point","coordinates":[174.76,-36.85]},"properties":{"name":"Auckland","iso":"NZ","pop":1377200,"cap":0,"rank":1}},{"type":"Feature","geometry":{"type":"Point","coordinates":[-118.23,34.05]},"properties":{"name":"Los Angeles","iso":"US","pop":12500000,"cap":0,"rank":0}},{"type":"Feature","geometry":{"type":"Point","coordinates":[-77.01,38.9]},"properties":{"name":"Washington,  D.C.","iso":"US","pop":4338000,"cap":1,"rank":0}},{"type":"Feature","geometry":{"type":"Point","coordinates":[-74.0,40.72]},"properties":{"name":"New York","iso":"US","pop":19040000,"cap":0,"rank":0}},{"type":"Feature","geometry":{"type":"Point","coordinates":[-0.12,51.5]},"properties":{"name":"London","iso":"GB","pop":8567000,"cap":1,"rank":0}},{"type":"Feature","geometry":{"type":"Point","coordinates":[28.97,41.02]},"properties":{"name":"Istanbul","iso":"TR","pop":10061000,"cap":0,"rank":0}},{"type":"Feature","geometry":{"type":"Point","coordinates":[46.72,24.63]},"properties":{"name":"Riyadh","iso":"SA","pop":4465000,"cap":1,"rank":0}},{"type":"Feature","geometry":{"type":"Point","coordinates":[18.43,-33.92]},"properties":{"name":"Cape Town","iso":"ZA","pop":3215000,"cap":1,"rank":0}},{"type":"Feature","geometry":{"type":"Point","coordinates":[37.61,55.75]},"properties":{"name":"Moscow","iso":"RU","pop":10452000,"cap":1,"rank":0}},{"type":"Feature","geometry":{"type":"Point","coordinates":[-99.13,19.44]},"properties":{"name":"Mexico City","iso":"MX","pop":19028000,"cap":1,"rank":0}},{"type":"Feature","geometry":{"type":"Point","coordinates":[3.39,6.45]},"properties":{"name":"Lagos","iso":"NG","pop":9466000,"cap":0,"rank":0}},{"type":"Feature","geometry":{"type":"Point","coordinates":[12.48,41.9]},"properties":{"name":"Rome","iso":"IT","pop":3339000,"cap":1,"rank":0}},{"type":"Feature","geometry":{"type":"Point","coordinates":[116.39,39.9]},"properties":{"name":"Beijing","iso":"CN","pop":11106000,"cap":1,"rank":0}},{"type":"Feature","geometry":{"type":"Point","coordinates":[36.81,-1.28]},"properties":{"name":"Nairobi","iso":"KE","pop":3010000,"cap":1,"rank":0}},{"type":"Feature","geometry":{"type":"Point","coordinates":[106.83,-6.17]},"properties":{"name":"Jakarta","iso":"ID","pop":9125000,"cap":1,"rank":0}},{"type":"Feature","geometry":{"type":"Point","coordinates":[-74.09,4.6]},"properties":{"name":"Bogota","iso":"CO","pop":7772000,"cap":1,"rank":0}},{"type":"Feature","geometry":{"type":"Point","coordinates":[31.25,30.05]},"properties":{"name":"Cairo","iso":"EG","pop":11893000,"cap":1,"rank":0}},{"type":"Feature","geometry":{"type":"Point","coordinates":[121.43,31.22]},"properties":{"name":"Shanghai","iso":"CN","pop":14987000,"cap":0,"rank":0}},{"type":"Feature","geometry":{"type":"Point","coordinates":[139.75,35.69]},"properties":{"name":"Tokyo","iso":"JP","pop":35676000,"cap":1,"rank":0}},{"type":"Feature","geometry":{"type":"Point","coordinates":[72.88,19.07]},"properties":{"name":"Mumbai","iso":"IN","pop":18978000,"cap":0,"rank":0}},{"type":"Feature","geometry":{"type":"Point","coordinates":[2.35,48.86]},"properties":{"name":"Paris","iso":"FR","pop":9904000,"cap":1,"rank":0}},{"type":"Feature","geometry":{"type":"Point","coordinates":[-70.65,-33.44]},"properties":{"name":"Santiago","iso":"CL","pop":5720000,"cap":1,"rank":0}},{"type":"Feature","geometry":{"type":"Point","coordinates":[88.37,22.57]},"properties":{"name":"Kolkata","iso":"IN","pop":14787000,"cap":0,"rank":0}},{"type":"Feature","geometry":{"type":"Point","coordinates":[-43.21,-22.91]},"properties":{"name":"Rio de Janeiro","iso":"BR","pop":11748000,"cap":0,"rank":0}},{"type":"Feature","geometry":{"type":"Point","coordinates":[-46.63,-23.56]},"properties":{"name":"S\u00e3o Paulo","iso":"BR","pop":18845000,"cap":0,"rank":0}},{"type":"Feature","geometry":{"type":"Point","coordinates":[151.21,-33.87]},"properties":{"name":"Sydney","iso":"AU","pop":4630000,"cap":0,"rank":0}},{"type":"Feature","geometry":{"type":"Point","coordinates":[103.85,1.29]},"properties":{"name":"Singapore","iso":"SG","pop":5183700,"cap":1,"rank":0}},{"type":"Feature","geometry":{"type":"Point","coordinates":[114.18,22.31]},"properties":{"name":"Hong Kong","iso":"HK","pop":7206000,"cap":0,"rank":0}}]}